solid OpenSCAD_Model
  facet normal -1 0 0
    outer loop
      vertex 42 -6.75 27
      vertex 42 -0.75 38
      vertex 42 -0.75 27
    endloop
  endfacet
  facet normal -1 -0 0
    outer loop
      vertex 42 -0.75 38
      vertex 42 -6.75 27
      vertex 42 -6.75 38
    endloop
  endfacet
  facet normal 0 1 0
    outer loop
      vertex 42 -0.75 27
      vertex 34.0244 -0.75 15.6894
      vertex 24.2132 -0.75 27
    endloop
  endfacet
  facet normal 0 1 -0
    outer loop
      vertex 33.8108 -0.75 15.6577
      vertex 24.2132 -0.75 27
      vertex 34.0244 -0.75 15.6894
    endloop
  endfacet
  facet normal 0 1 -0
    outer loop
      vertex 33.6014 -0.75 15.6053
      vertex 24.2132 -0.75 27
      vertex 33.8108 -0.75 15.6577
    endloop
  endfacet
  facet normal 0 1 -0
    outer loop
      vertex 33.3981 -0.75 15.5325
      vertex 24.2132 -0.75 27
      vertex 33.6014 -0.75 15.6053
    endloop
  endfacet
  facet normal 0 1 -0
    outer loop
      vertex 33.203 -0.75 15.4402
      vertex 24.2132 -0.75 27
      vertex 33.3981 -0.75 15.5325
    endloop
  endfacet
  facet normal 0 1 -0
    outer loop
      vertex 33.0178 -0.75 15.3292
      vertex 24.2132 -0.75 27
      vertex 33.203 -0.75 15.4402
    endloop
  endfacet
  facet normal 0 1 -0
    outer loop
      vertex 32.8444 -0.75 15.2006
      vertex 24.2132 -0.75 27
      vertex 33.0178 -0.75 15.3292
    endloop
  endfacet
  facet normal 0 1 -0
    outer loop
      vertex 32.6844 -0.75 15.0556
      vertex 24.2132 -0.75 27
      vertex 32.8444 -0.75 15.2006
    endloop
  endfacet
  facet normal 0 1 -0
    outer loop
      vertex 32.5394 -0.75 14.8957
      vertex 24.2132 -0.75 27
      vertex 32.6844 -0.75 15.0556
    endloop
  endfacet
  facet normal 0 1 -0
    outer loop
      vertex 32.4108 -0.75 14.7223
      vertex 24.2132 -0.75 27
      vertex 32.5394 -0.75 14.8957
    endloop
  endfacet
  facet normal 0 1 -0
    outer loop
      vertex 32.2998 -0.75 14.5371
      vertex 24.2132 -0.75 27
      vertex 32.4108 -0.75 14.7223
    endloop
  endfacet
  facet normal 0 1 -0
    outer loop
      vertex 32.2075 -0.75 14.3419
      vertex 24.2132 -0.75 27
      vertex 32.2998 -0.75 14.5371
    endloop
  endfacet
  facet normal 0 1 -0
    outer loop
      vertex 32.1348 -0.75 14.1386
      vertex 24.2132 -0.75 27
      vertex 32.2075 -0.75 14.3419
    endloop
  endfacet
  facet normal 0 1 -0
    outer loop
      vertex 32.0823 -0.75 13.9292
      vertex 24.2132 -0.75 27
      vertex 32.1348 -0.75 14.1386
    endloop
  endfacet
  facet normal 0 1 -0
    outer loop
      vertex 32.0506 -0.75 13.7156
      vertex 24.2132 -0.75 27
      vertex 32.0823 -0.75 13.9292
    endloop
  endfacet
  facet normal 0 1 -0
    outer loop
      vertex 32.04 -0.75 13.5
      vertex 24.2132 -0.75 27
      vertex 32.0506 -0.75 13.7156
    endloop
  endfacet
  facet normal 0 1 0
    outer loop
      vertex 24.2132 -0.75 0
      vertex 32.04 -0.75 13.5
      vertex 32.0506 -0.75 13.2844
    endloop
  endfacet
  facet normal 0 1 0
    outer loop
      vertex 24.2132 -0.75 0
      vertex 32.0506 -0.75 13.2844
      vertex 32.0823 -0.75 13.0708
    endloop
  endfacet
  facet normal 0 1 0
    outer loop
      vertex 24.2132 -0.75 0
      vertex 32.0823 -0.75 13.0708
      vertex 32.1348 -0.75 12.8614
    endloop
  endfacet
  facet normal 0 1 0
    outer loop
      vertex 24.2132 -0.75 0
      vertex 32.1348 -0.75 12.8614
      vertex 32.2075 -0.75 12.6581
    endloop
  endfacet
  facet normal 0 1 0
    outer loop
      vertex 24.2132 -0.75 0
      vertex 32.2075 -0.75 12.6581
      vertex 32.2998 -0.75 12.4629
    endloop
  endfacet
  facet normal 0 1 0
    outer loop
      vertex 34.6692 -0.75 11.3423
      vertex 44.8231 -0.75 3.76589
      vertex 34.4557 -0.75 11.3106
    endloop
  endfacet
  facet normal 0 1 0
    outer loop
      vertex 44.8517 -0.75 3.65166
      vertex 34.4557 -0.75 11.3106
      vertex 44.8231 -0.75 3.76589
    endloop
  endfacet
  facet normal 0 1 0
    outer loop
      vertex 34.4557 -0.75 11.3106
      vertex 44.8517 -0.75 3.65166
      vertex 34.24 -0.75 11.3
    endloop
  endfacet
  facet normal 0 1 0
    outer loop
      vertex 24.2132 -0.75 0
      vertex 34.24 -0.75 11.3
      vertex 44.8517 -0.75 3.65166
    endloop
  endfacet
  facet normal 0 1 0
    outer loop
      vertex 46.7613 -0.75 4.92761
      vertex 48.2204 -0.75 6.70554
      vertex 48.4749 -0.75 6.47487
    endloop
  endfacet
  facet normal 0 1 0
    outer loop
      vertex 46.8485 -0.75 4.84853
      vertex 48.4749 -0.75 6.47487
      vertex 48.7055 -0.75 6.22038
    endloop
  endfacet
  facet normal 0 1 0
    outer loop
      vertex 46.9276 -0.75 4.76127
      vertex 48.7055 -0.75 6.22038
      vertex 48.9101 -0.75 5.9445
    endloop
  endfacet
  facet normal 0 1 0
    outer loop
      vertex 46.9978 -0.75 4.66669
      vertex 48.9101 -0.75 5.9445
      vertex 49.0867 -0.75 5.64989
    endloop
  endfacet
  facet normal 0 1 0
    outer loop
      vertex 47.0583 -0.75 4.56568
      vertex 49.0867 -0.75 5.64989
      vertex 49.2336 -0.75 5.33939
    endloop
  endfacet
  facet normal 0 1 0
    outer loop
      vertex 48.2204 -0.75 6.70554
      vertex 46.3483 -0.75 5.14833
      vertex 46.2341 -0.75 5.17694
    endloop
  endfacet
  facet normal 0 1 -0
    outer loop
      vertex 45.8824 -0.75 5.19422
      vertex 44 -0.75 6.86898
      vertex 46 -0.75 5.2
    endloop
  endfacet
  facet normal 0 1 -0
    outer loop
      vertex 45.7659 -0.75 5.17694
      vertex 44 -0.75 6.86898
      vertex 45.8824 -0.75 5.19422
    endloop
  endfacet
  facet normal 0 1 -0
    outer loop
      vertex 45.6517 -0.75 5.14833
      vertex 44 -0.75 6.86898
      vertex 45.7659 -0.75 5.17694
    endloop
  endfacet
  facet normal 0 1 -0
    outer loop
      vertex 45.5408 -0.75 5.10866
      vertex 44 -0.75 6.86898
      vertex 45.6517 -0.75 5.14833
    endloop
  endfacet
  facet normal 0 1 -0
    outer loop
      vertex 45.4343 -0.75 5.05831
      vertex 44 -0.75 6.86898
      vertex 45.5408 -0.75 5.10866
    endloop
  endfacet
  facet normal 0 1 -0
    outer loop
      vertex 45.3333 -0.75 4.99776
      vertex 44 -0.75 6.86898
      vertex 45.4343 -0.75 5.05831
    endloop
  endfacet
  facet normal 0 1 -0
    outer loop
      vertex 45.2387 -0.75 4.92761
      vertex 44 -0.75 6.86898
      vertex 45.3333 -0.75 4.99776
    endloop
  endfacet
  facet normal 0 1 -0
    outer loop
      vertex 45.1515 -0.75 4.84853
      vertex 44 -0.75 6.86898
      vertex 45.2387 -0.75 4.92761
    endloop
  endfacet
  facet normal 0 1 -0
    outer loop
      vertex 45.0724 -0.75 4.76127
      vertex 44 -0.75 6.86898
      vertex 45.1515 -0.75 4.84853
    endloop
  endfacet
  facet normal 0 1 -0
    outer loop
      vertex 45.0022 -0.75 4.66669
      vertex 44 -0.75 6.86898
      vertex 45.0724 -0.75 4.76127
    endloop
  endfacet
  facet normal 0 1 -0
    outer loop
      vertex 44.9417 -0.75 4.56568
      vertex 44 -0.75 6.86898
      vertex 45.0022 -0.75 4.66669
    endloop
  endfacet
  facet normal 0 1 -0
    outer loop
      vertex 44.8913 -0.75 4.45922
      vertex 44 -0.75 6.86898
      vertex 44.9417 -0.75 4.56568
    endloop
  endfacet
  facet normal 0 1 -0
    outer loop
      vertex 44.8517 -0.75 4.34834
      vertex 44 -0.75 6.86898
      vertex 44.8913 -0.75 4.45922
    endloop
  endfacet
  facet normal 0 1 -0
    outer loop
      vertex 44.8231 -0.75 4.23411
      vertex 44 -0.75 6.86898
      vertex 44.8517 -0.75 4.34834
    endloop
  endfacet
  facet normal 0 1 -0
    outer loop
      vertex 44.8058 -0.75 4.11762
      vertex 44 -0.75 6.86898
      vertex 44.8231 -0.75 4.23411
    endloop
  endfacet
  facet normal 0 1 -0
    outer loop
      vertex 44.8 -0.75 4
      vertex 44 -0.75 6.86898
      vertex 44.8058 -0.75 4.11762
    endloop
  endfacet
  facet normal 0 1 0
    outer loop
      vertex 44.8058 -0.75 3.88238
      vertex 44 -0.75 6.86898
      vertex 44.8 -0.75 4
    endloop
  endfacet
  facet normal 0 1 0
    outer loop
      vertex 34.24 -0.75 11.3
      vertex 24.2132 -0.75 0
      vertex 34.0244 -0.75 11.3106
    endloop
  endfacet
  facet normal 0 1 0
    outer loop
      vertex 34.0244 -0.75 11.3106
      vertex 24.2132 -0.75 0
      vertex 33.8108 -0.75 11.3423
    endloop
  endfacet
  facet normal 0 1 0
    outer loop
      vertex 33.8108 -0.75 11.3423
      vertex 24.2132 -0.75 0
      vertex 33.6014 -0.75 11.3947
    endloop
  endfacet
  facet normal 0 1 0
    outer loop
      vertex 33.3981 -0.75 11.4675
      vertex 24.2132 -0.75 0
      vertex 33.203 -0.75 11.5598
    endloop
  endfacet
  facet normal 0 1 0
    outer loop
      vertex 33.6014 -0.75 11.3947
      vertex 24.2132 -0.75 0
      vertex 33.3981 -0.75 11.4675
    endloop
  endfacet
  facet normal 0 1 0
    outer loop
      vertex 24.2132 -0.75 0
      vertex 44.8517 -0.75 3.65166
      vertex 44.8913 -0.75 3.54078
    endloop
  endfacet
  facet normal 0 1 0
    outer loop
      vertex 24.2132 -0.75 0
      vertex 44.8913 -0.75 3.54078
      vertex 44.9417 -0.75 3.43432
    endloop
  endfacet
  facet normal 0 1 0
    outer loop
      vertex 24.2132 -0.75 0
      vertex 44.9417 -0.75 3.43432
      vertex 45.0022 -0.75 3.33332
    endloop
  endfacet
  facet normal 0 1 0
    outer loop
      vertex 24.2132 -0.75 0
      vertex 45.0022 -0.75 3.33332
      vertex 45.0724 -0.75 3.23873
    endloop
  endfacet
  facet normal 0 1 0
    outer loop
      vertex 24.2132 -0.75 0
      vertex 45.0724 -0.75 3.23873
      vertex 45.1515 -0.75 3.15147
    endloop
  endfacet
  facet normal 0 1 0
    outer loop
      vertex 24.2132 -0.75 0
      vertex 45.1515 -0.75 3.15147
      vertex 45.2387 -0.75 3.07239
    endloop
  endfacet
  facet normal 0 1 0
    outer loop
      vertex 24.2132 -0.75 0
      vertex 45.2387 -0.75 3.07239
      vertex 45.3333 -0.75 3.00224
    endloop
  endfacet
  facet normal 0 1 0
    outer loop
      vertex 46.3483 -0.75 2.85167
      vertex 48.869 -0.75 2
      vertex 46.2341 -0.75 2.82306
    endloop
  endfacet
  facet normal 0 1 0
    outer loop
      vertex 46.2341 -0.75 2.82306
      vertex 48.869 -0.75 2
      vertex 46.1176 -0.75 2.80578
    endloop
  endfacet
  facet normal 0 1 0
    outer loop
      vertex 46.1176 -0.75 2.80578
      vertex 48.869 -0.75 2
      vertex 46 -0.75 2.8
    endloop
  endfacet
  facet normal 0 1 0
    outer loop
      vertex 46 -0.75 2.8
      vertex 48.869 -0.75 2
      vertex 45.8824 -0.75 2.80578
    endloop
  endfacet
  facet normal 0 1 0
    outer loop
      vertex 45.8824 -0.75 2.80578
      vertex 48.869 -0.75 2
      vertex 45.7659 -0.75 2.82306
    endloop
  endfacet
  facet normal 0 1 0
    outer loop
      vertex 24.2132 -0.75 0
      vertex 45.7659 -0.75 2.82306
      vertex 48.869 -0.75 2
    endloop
  endfacet
  facet normal 0 1 0
    outer loop
      vertex 32.04 -0.75 13.5
      vertex 24.2132 -0.75 0
      vertex 24.2132 -0.75 27
    endloop
  endfacet
  facet normal 0 1 0
    outer loop
      vertex 32.4108 -0.75 12.2777
      vertex 24.2132 -0.75 0
      vertex 32.2998 -0.75 12.4629
    endloop
  endfacet
  facet normal 0 1 0
    outer loop
      vertex 32.5394 -0.75 12.1043
      vertex 24.2132 -0.75 0
      vertex 32.4108 -0.75 12.2777
    endloop
  endfacet
  facet normal 0 1 0
    outer loop
      vertex 32.6844 -0.75 11.9444
      vertex 24.2132 -0.75 0
      vertex 32.5394 -0.75 12.1043
    endloop
  endfacet
  facet normal 0 1 0
    outer loop
      vertex 32.8444 -0.75 11.7994
      vertex 24.2132 -0.75 0
      vertex 32.6844 -0.75 11.9444
    endloop
  endfacet
  facet normal 0 1 0
    outer loop
      vertex 33.0178 -0.75 11.6708
      vertex 24.2132 -0.75 0
      vertex 32.8444 -0.75 11.7994
    endloop
  endfacet
  facet normal 0 1 0
    outer loop
      vertex 33.203 -0.75 11.5598
      vertex 24.2132 -0.75 0
      vertex 33.0178 -0.75 11.6708
    endloop
  endfacet
  facet normal 0 1 0
    outer loop
      vertex 45.4343 -0.75 2.9417
      vertex 24.2132 -0.75 0
      vertex 45.3333 -0.75 3.00224
    endloop
  endfacet
  facet normal 0 1 0
    outer loop
      vertex 45.5408 -0.75 2.89135
      vertex 24.2132 -0.75 0
      vertex 45.4343 -0.75 2.9417
    endloop
  endfacet
  facet normal 0 1 0
    outer loop
      vertex 45.6517 -0.75 2.85167
      vertex 24.2132 -0.75 0
      vertex 45.5408 -0.75 2.89135
    endloop
  endfacet
  facet normal 0 1 0
    outer loop
      vertex 45.7659 -0.75 2.82306
      vertex 24.2132 -0.75 0
      vertex 45.6517 -0.75 2.85167
    endloop
  endfacet
  facet normal 0 1 0
    outer loop
      vertex 24.2132 -0.75 0
      vertex 48.869 -0.75 2
      vertex 70 -0.75 0
    endloop
  endfacet
  facet normal 0 1 0
    outer loop
      vertex 46.3431 -0.75 7.48315
      vertex 45.6569 -0.75 7.48315
      vertex 46 -0.75 7.5
    endloop
  endfacet
  facet normal 0 1 0
    outer loop
      vertex 46.6828 -0.75 7.43275
      vertex 45.6569 -0.75 7.48315
      vertex 46.3431 -0.75 7.48315
    endloop
  endfacet
  facet normal 0 1 0
    outer loop
      vertex 46.6828 -0.75 7.43275
      vertex 45.3172 -0.75 7.43275
      vertex 45.6569 -0.75 7.48315
    endloop
  endfacet
  facet normal 0 1 0
    outer loop
      vertex 47.016 -0.75 7.34929
      vertex 45.3172 -0.75 7.43275
      vertex 46.6828 -0.75 7.43275
    endloop
  endfacet
  facet normal 0 1 0
    outer loop
      vertex 47.016 -0.75 7.34929
      vertex 44.984 -0.75 7.34929
      vertex 45.3172 -0.75 7.43275
    endloop
  endfacet
  facet normal 0 1 0
    outer loop
      vertex 47.3394 -0.75 7.23358
      vertex 44.984 -0.75 7.34929
      vertex 47.016 -0.75 7.34929
    endloop
  endfacet
  facet normal 0 1 0
    outer loop
      vertex 47.3394 -0.75 7.23358
      vertex 44.6606 -0.75 7.23358
      vertex 44.984 -0.75 7.34929
    endloop
  endfacet
  facet normal 0 1 0
    outer loop
      vertex 47.6499 -0.75 7.08673
      vertex 44.6606 -0.75 7.23358
      vertex 47.3394 -0.75 7.23358
    endloop
  endfacet
  facet normal 0 1 0
    outer loop
      vertex 47.6499 -0.75 7.08673
      vertex 44.3501 -0.75 7.08673
      vertex 44.6606 -0.75 7.23358
    endloop
  endfacet
  facet normal 0 1 0
    outer loop
      vertex 47.9445 -0.75 6.91014
      vertex 44.3501 -0.75 7.08673
      vertex 47.6499 -0.75 7.08673
    endloop
  endfacet
  facet normal 0 1 0
    outer loop
      vertex 44 -0.75 6.86898
      vertex 44.3501 -0.75 7.08673
      vertex 47.9445 -0.75 6.91014
    endloop
  endfacet
  facet normal 0 1 0
    outer loop
      vertex 44.3501 -0.75 7.08673
      vertex 44 -0.75 6.86898
      vertex 44.0555 -0.75 6.91014
    endloop
  endfacet
  facet normal -0 1 0
    outer loop
      vertex 44 -0.75 6.86898
      vertex 47.9445 -0.75 6.91014
      vertex 48.2204 -0.75 6.70554
    endloop
  endfacet
  facet normal 0 1 0
    outer loop
      vertex 48.2204 -0.75 6.70554
      vertex 46 -0.75 5.2
      vertex 44 -0.75 6.86898
    endloop
  endfacet
  facet normal -0 1 0
    outer loop
      vertex 46 -0.75 5.2
      vertex 48.2204 -0.75 6.70554
      vertex 46.1176 -0.75 5.19422
    endloop
  endfacet
  facet normal 0 1 0
    outer loop
      vertex 48.2204 -0.75 6.70554
      vertex 46.2341 -0.75 5.17694
      vertex 46.1176 -0.75 5.19422
    endloop
  endfacet
  facet normal 0 1 0
    outer loop
      vertex 48.2204 -0.75 6.70554
      vertex 46.4592 -0.75 5.10866
      vertex 46.3483 -0.75 5.14833
    endloop
  endfacet
  facet normal 0 1 0
    outer loop
      vertex 48.2204 -0.75 6.70554
      vertex 46.5657 -0.75 5.05831
      vertex 46.4592 -0.75 5.10866
    endloop
  endfacet
  facet normal 0 1 0
    outer loop
      vertex 47.1087 -0.75 4.45922
      vertex 49.2336 -0.75 5.33939
      vertex 49.3493 -0.75 5.016
    endloop
  endfacet
  facet normal 0 1 0
    outer loop
      vertex 48.2204 -0.75 6.70554
      vertex 46.6667 -0.75 4.99776
      vertex 46.5657 -0.75 5.05831
    endloop
  endfacet
  facet normal 0 1 0
    outer loop
      vertex 48.2204 -0.75 6.70554
      vertex 46.7613 -0.75 4.92761
      vertex 46.6667 -0.75 4.99776
    endloop
  endfacet
  facet normal 0 1 0
    outer loop
      vertex 48.4749 -0.75 6.47487
      vertex 46.8485 -0.75 4.84853
      vertex 46.7613 -0.75 4.92761
    endloop
  endfacet
  facet normal 0 1 0
    outer loop
      vertex 48.7055 -0.75 6.22038
      vertex 46.9276 -0.75 4.76127
      vertex 46.8485 -0.75 4.84853
    endloop
  endfacet
  facet normal 0 1 0
    outer loop
      vertex 47.1483 -0.75 4.34834
      vertex 49.3493 -0.75 5.016
      vertex 49.4327 -0.75 4.68282
    endloop
  endfacet
  facet normal 0 1 0
    outer loop
      vertex 48.9101 -0.75 5.9445
      vertex 46.9978 -0.75 4.66669
      vertex 46.9276 -0.75 4.76127
    endloop
  endfacet
  facet normal 0 1 0
    outer loop
      vertex 49.0867 -0.75 5.64989
      vertex 47.0583 -0.75 4.56568
      vertex 46.9978 -0.75 4.66669
    endloop
  endfacet
  facet normal 0 1 0
    outer loop
      vertex 49.2336 -0.75 5.33939
      vertex 47.1087 -0.75 4.45922
      vertex 47.0583 -0.75 4.56568
    endloop
  endfacet
  facet normal 0 1 0
    outer loop
      vertex 49.3493 -0.75 5.016
      vertex 47.1483 -0.75 4.34834
      vertex 47.1087 -0.75 4.45922
    endloop
  endfacet
  facet normal 0 1 0
    outer loop
      vertex 47.1769 -0.75 4.23411
      vertex 49.4327 -0.75 4.68282
      vertex 49.4831 -0.75 4.34306
    endloop
  endfacet
  facet normal 0 1 0
    outer loop
      vertex 49.4327 -0.75 4.68282
      vertex 47.1769 -0.75 4.23411
      vertex 47.1483 -0.75 4.34834
    endloop
  endfacet
  facet normal 0 1 0
    outer loop
      vertex 49.4831 -0.75 4.34306
      vertex 47.1942 -0.75 4.11762
      vertex 47.1769 -0.75 4.23411
    endloop
  endfacet
  facet normal 0 1 0
    outer loop
      vertex 49.5 -0.75 4
      vertex 47.1942 -0.75 4.11762
      vertex 49.4831 -0.75 4.34306
    endloop
  endfacet
  facet normal 0 1 0
    outer loop
      vertex 49.5 -0.75 4
      vertex 47.2 -0.75 4
      vertex 47.1942 -0.75 4.11762
    endloop
  endfacet
  facet normal 0 1 0
    outer loop
      vertex 49.5 -0.75 4
      vertex 47.1942 -0.75 3.88238
      vertex 47.2 -0.75 4
    endloop
  endfacet
  facet normal 0 1 -0
    outer loop
      vertex 49.4831 -0.75 3.65694
      vertex 47.1942 -0.75 3.88238
      vertex 49.5 -0.75 4
    endloop
  endfacet
  facet normal 0 1 0
    outer loop
      vertex 47.1942 -0.75 3.88238
      vertex 49.4831 -0.75 3.65694
      vertex 47.1769 -0.75 3.76589
    endloop
  endfacet
  facet normal 0 1 -0
    outer loop
      vertex 49.4327 -0.75 3.31718
      vertex 47.1769 -0.75 3.76589
      vertex 49.4831 -0.75 3.65694
    endloop
  endfacet
  facet normal 0 1 0
    outer loop
      vertex 47.1769 -0.75 3.76589
      vertex 49.4327 -0.75 3.31718
      vertex 47.1483 -0.75 3.65166
    endloop
  endfacet
  facet normal 0 1 -0
    outer loop
      vertex 49.3493 -0.75 2.984
      vertex 47.1483 -0.75 3.65166
      vertex 49.4327 -0.75 3.31718
    endloop
  endfacet
  facet normal 0 1 0
    outer loop
      vertex 47.1483 -0.75 3.65166
      vertex 49.3493 -0.75 2.984
      vertex 47.1087 -0.75 3.54078
    endloop
  endfacet
  facet normal 0 1 -0
    outer loop
      vertex 49.2336 -0.75 2.66061
      vertex 47.1087 -0.75 3.54078
      vertex 49.3493 -0.75 2.984
    endloop
  endfacet
  facet normal 0 1 0
    outer loop
      vertex 47.1087 -0.75 3.54078
      vertex 49.2336 -0.75 2.66061
      vertex 47.0583 -0.75 3.43432
    endloop
  endfacet
  facet normal 0 1 -0
    outer loop
      vertex 49.0867 -0.75 2.35011
      vertex 47.0583 -0.75 3.43432
      vertex 49.2336 -0.75 2.66061
    endloop
  endfacet
  facet normal 0 1 0
    outer loop
      vertex 47.0583 -0.75 3.43432
      vertex 49.0867 -0.75 2.35011
      vertex 46.9978 -0.75 3.33332
    endloop
  endfacet
  facet normal 0 1 -0
    outer loop
      vertex 48.9101 -0.75 2.0555
      vertex 46.9978 -0.75 3.33332
      vertex 49.0867 -0.75 2.35011
    endloop
  endfacet
  facet normal 0 1 -0
    outer loop
      vertex 48.869 -0.75 2
      vertex 46.9978 -0.75 3.33332
      vertex 48.9101 -0.75 2.0555
    endloop
  endfacet
  facet normal 0 1 0
    outer loop
      vertex 46.9978 -0.75 3.33332
      vertex 48.869 -0.75 2
      vertex 46.9276 -0.75 3.23873
    endloop
  endfacet
  facet normal 0 1 0
    outer loop
      vertex 46.9276 -0.75 3.23873
      vertex 48.869 -0.75 2
      vertex 46.8485 -0.75 3.15147
    endloop
  endfacet
  facet normal 0 1 0
    outer loop
      vertex 46.8485 -0.75 3.15147
      vertex 48.869 -0.75 2
      vertex 46.7613 -0.75 3.07239
    endloop
  endfacet
  facet normal 0 1 0
    outer loop
      vertex 46.7613 -0.75 3.07239
      vertex 48.869 -0.75 2
      vertex 46.6667 -0.75 3.00224
    endloop
  endfacet
  facet normal 0 1 0
    outer loop
      vertex 46.6667 -0.75 3.00224
      vertex 48.869 -0.75 2
      vertex 46.5657 -0.75 2.9417
    endloop
  endfacet
  facet normal 0 1 0
    outer loop
      vertex 46.4592 -0.75 2.89135
      vertex 48.869 -0.75 2
      vertex 46.3483 -0.75 2.85167
    endloop
  endfacet
  facet normal 0 1 0
    outer loop
      vertex 46.5657 -0.75 2.9417
      vertex 48.869 -0.75 2
      vertex 46.4592 -0.75 2.89135
    endloop
  endfacet
  facet normal 0 1 0
    outer loop
      vertex 66 -0.75 5.2
      vertex 66 -0.75 7.5
      vertex 66.3431 -0.75 7.48315
    endloop
  endfacet
  facet normal 0 1 0
    outer loop
      vertex 66.1176 -0.75 5.19422
      vertex 66.3431 -0.75 7.48315
      vertex 66.6828 -0.75 7.43275
    endloop
  endfacet
  facet normal 0 1 0
    outer loop
      vertex 66 -0.75 7.5
      vertex 66 -0.75 5.2
      vertex 65.6569 -0.75 7.48315
    endloop
  endfacet
  facet normal 0 1 0
    outer loop
      vertex 66.2341 -0.75 5.17694
      vertex 66.6828 -0.75 7.43275
      vertex 67.016 -0.75 7.34929
    endloop
  endfacet
  facet normal 0 1 -0
    outer loop
      vertex 65.8824 -0.75 5.19422
      vertex 65.6569 -0.75 7.48315
      vertex 66 -0.75 5.2
    endloop
  endfacet
  facet normal 0 1 0
    outer loop
      vertex 66.3483 -0.75 5.14833
      vertex 67.016 -0.75 7.34929
      vertex 67.3394 -0.75 7.23358
    endloop
  endfacet
  facet normal 0 1 0
    outer loop
      vertex 65.6569 -0.75 7.48315
      vertex 65.8824 -0.75 5.19422
      vertex 65.3172 -0.75 7.43275
    endloop
  endfacet
  facet normal 0 1 0
    outer loop
      vertex 66.4592 -0.75 5.10866
      vertex 67.3394 -0.75 7.23358
      vertex 67.6499 -0.75 7.08673
    endloop
  endfacet
  facet normal 0 1 -0
    outer loop
      vertex 65.7659 -0.75 5.17694
      vertex 65.3172 -0.75 7.43275
      vertex 65.8824 -0.75 5.19422
    endloop
  endfacet
  facet normal 0 1 0
    outer loop
      vertex 66.5657 -0.75 5.05831
      vertex 67.6499 -0.75 7.08673
      vertex 67.9445 -0.75 6.91014
    endloop
  endfacet
  facet normal 0 1 0
    outer loop
      vertex 65.3172 -0.75 7.43275
      vertex 65.7659 -0.75 5.17694
      vertex 64.984 -0.75 7.34929
    endloop
  endfacet
  facet normal 0 1 0
    outer loop
      vertex 66.6667 -0.75 4.99776
      vertex 67.9445 -0.75 6.91014
      vertex 68 -0.75 6.86898
    endloop
  endfacet
  facet normal 0 1 -0
    outer loop
      vertex 65.6517 -0.75 5.14833
      vertex 64.984 -0.75 7.34929
      vertex 65.7659 -0.75 5.17694
    endloop
  endfacet
  facet normal 0 1 0
    outer loop
      vertex 64.0555 -0.75 6.91014
      vertex 65.3333 -0.75 4.99776
      vertex 63.7796 -0.75 6.70554
    endloop
  endfacet
  facet normal 0 1 -0
    outer loop
      vertex 65.2387 -0.75 4.92761
      vertex 63.7796 -0.75 6.70554
      vertex 65.3333 -0.75 4.99776
    endloop
  endfacet
  facet normal 0 1 0
    outer loop
      vertex 63.7796 -0.75 6.70554
      vertex 65.2387 -0.75 4.92761
      vertex 63.5251 -0.75 6.47487
    endloop
  endfacet
  facet normal 0 1 -0
    outer loop
      vertex 65.1515 -0.75 4.84853
      vertex 63.5251 -0.75 6.47487
      vertex 65.2387 -0.75 4.92761
    endloop
  endfacet
  facet normal 0 1 0
    outer loop
      vertex 63.5251 -0.75 6.47487
      vertex 65.1515 -0.75 4.84853
      vertex 63.2945 -0.75 6.22038
    endloop
  endfacet
  facet normal 0 1 -0
    outer loop
      vertex 65.0724 -0.75 4.76127
      vertex 63.2945 -0.75 6.22038
      vertex 65.1515 -0.75 4.84853
    endloop
  endfacet
  facet normal 0 1 0
    outer loop
      vertex 63.2945 -0.75 6.22038
      vertex 65.0724 -0.75 4.76127
      vertex 63.0899 -0.75 5.9445
    endloop
  endfacet
  facet normal 0 1 -0
    outer loop
      vertex 65.0022 -0.75 4.66669
      vertex 63.0899 -0.75 5.9445
      vertex 65.0724 -0.75 4.76127
    endloop
  endfacet
  facet normal 0 1 0
    outer loop
      vertex 63.0899 -0.75 5.9445
      vertex 65.0022 -0.75 4.66669
      vertex 62.9133 -0.75 5.64989
    endloop
  endfacet
  facet normal 0 1 -0
    outer loop
      vertex 64.9417 -0.75 4.56568
      vertex 62.9133 -0.75 5.64989
      vertex 65.0022 -0.75 4.66669
    endloop
  endfacet
  facet normal 0 1 0
    outer loop
      vertex 62.9133 -0.75 5.64989
      vertex 64.9417 -0.75 4.56568
      vertex 62.7664 -0.75 5.33939
    endloop
  endfacet
  facet normal 0 1 -0
    outer loop
      vertex 64.8913 -0.75 4.45922
      vertex 62.7664 -0.75 5.33939
      vertex 64.9417 -0.75 4.56568
    endloop
  endfacet
  facet normal 0 1 0
    outer loop
      vertex 62.7664 -0.75 5.33939
      vertex 64.8913 -0.75 4.45922
      vertex 62.6507 -0.75 5.016
    endloop
  endfacet
  facet normal 0 1 -0
    outer loop
      vertex 64.8517 -0.75 4.34834
      vertex 62.6507 -0.75 5.016
      vertex 64.8913 -0.75 4.45922
    endloop
  endfacet
  facet normal 0 1 0
    outer loop
      vertex 62.6507 -0.75 5.016
      vertex 64.8517 -0.75 4.34834
      vertex 62.5673 -0.75 4.68282
    endloop
  endfacet
  facet normal 0 1 -0
    outer loop
      vertex 64.8231 -0.75 4.23411
      vertex 62.5673 -0.75 4.68282
      vertex 64.8517 -0.75 4.34834
    endloop
  endfacet
  facet normal 0 1 0
    outer loop
      vertex 62.5673 -0.75 4.68282
      vertex 64.8231 -0.75 4.23411
      vertex 62.5169 -0.75 4.34306
    endloop
  endfacet
  facet normal 0 1 -0
    outer loop
      vertex 64.8058 -0.75 4.11762
      vertex 62.5169 -0.75 4.34306
      vertex 64.8231 -0.75 4.23411
    endloop
  endfacet
  facet normal 0 1 -0
    outer loop
      vertex 64.8 -0.75 4
      vertex 62.5169 -0.75 4.34306
      vertex 64.8058 -0.75 4.11762
    endloop
  endfacet
  facet normal 0 1 0
    outer loop
      vertex 64.8 -0.75 4
      vertex 62.5 -0.75 4
      vertex 62.5169 -0.75 4.34306
    endloop
  endfacet
  facet normal 0 1 0
    outer loop
      vertex 64.8058 -0.75 3.88238
      vertex 62.5 -0.75 4
      vertex 64.8 -0.75 4
    endloop
  endfacet
  facet normal 0 1 0
    outer loop
      vertex 62.5169 -0.75 3.65694
      vertex 64.8058 -0.75 3.88238
      vertex 64.8231 -0.75 3.76589
    endloop
  endfacet
  facet normal 0 1 0
    outer loop
      vertex 64.8058 -0.75 3.88238
      vertex 62.5169 -0.75 3.65694
      vertex 62.5 -0.75 4
    endloop
  endfacet
  facet normal 0 1 0
    outer loop
      vertex 62.5673 -0.75 3.31718
      vertex 64.8231 -0.75 3.76589
      vertex 64.8517 -0.75 3.65166
    endloop
  endfacet
  facet normal 0 1 0
    outer loop
      vertex 62.6507 -0.75 2.984
      vertex 64.8517 -0.75 3.65166
      vertex 64.8913 -0.75 3.54078
    endloop
  endfacet
  facet normal 0 1 0
    outer loop
      vertex 62.7664 -0.75 2.66061
      vertex 64.8913 -0.75 3.54078
      vertex 64.9417 -0.75 3.43432
    endloop
  endfacet
  facet normal 0 1 0
    outer loop
      vertex 62.9133 -0.75 2.35011
      vertex 64.9417 -0.75 3.43432
      vertex 65.0022 -0.75 3.33332
    endloop
  endfacet
  facet normal 0 1 0
    outer loop
      vertex 64.8231 -0.75 3.76589
      vertex 62.5673 -0.75 3.31718
      vertex 62.5169 -0.75 3.65694
    endloop
  endfacet
  facet normal 0 1 0
    outer loop
      vertex 63.131 -0.75 2
      vertex 65.0022 -0.75 3.33332
      vertex 65.0724 -0.75 3.23873
    endloop
  endfacet
  facet normal 0 1 0
    outer loop
      vertex 63.131 -0.75 2
      vertex 65.0724 -0.75 3.23873
      vertex 65.1515 -0.75 3.15147
    endloop
  endfacet
  facet normal 0 1 0
    outer loop
      vertex 63.131 -0.75 2
      vertex 65.1515 -0.75 3.15147
      vertex 65.2387 -0.75 3.07239
    endloop
  endfacet
  facet normal 0 1 0
    outer loop
      vertex 63.131 -0.75 2
      vertex 65.2387 -0.75 3.07239
      vertex 65.3333 -0.75 3.00224
    endloop
  endfacet
  facet normal 0 1 0
    outer loop
      vertex 64.8517 -0.75 3.65166
      vertex 62.6507 -0.75 2.984
      vertex 62.5673 -0.75 3.31718
    endloop
  endfacet
  facet normal 0 1 0
    outer loop
      vertex 63.131 -0.75 2
      vertex 65.3333 -0.75 3.00224
      vertex 65.4343 -0.75 2.9417
    endloop
  endfacet
  facet normal 0 1 0
    outer loop
      vertex 63.131 -0.75 2
      vertex 65.4343 -0.75 2.9417
      vertex 65.5408 -0.75 2.89135
    endloop
  endfacet
  facet normal 0 1 0
    outer loop
      vertex 63.131 -0.75 2
      vertex 65.5408 -0.75 2.89135
      vertex 65.6517 -0.75 2.85167
    endloop
  endfacet
  facet normal 0 1 0
    outer loop
      vertex 63.131 -0.75 2
      vertex 65.6517 -0.75 2.85167
      vertex 65.7659 -0.75 2.82306
    endloop
  endfacet
  facet normal 0 1 0
    outer loop
      vertex 63.131 -0.75 2
      vertex 65.7659 -0.75 2.82306
      vertex 65.8824 -0.75 2.80578
    endloop
  endfacet
  facet normal 0 1 0
    outer loop
      vertex 64.8913 -0.75 3.54078
      vertex 62.7664 -0.75 2.66061
      vertex 62.6507 -0.75 2.984
    endloop
  endfacet
  facet normal 0 1 0
    outer loop
      vertex 63.131 -0.75 2
      vertex 65.8824 -0.75 2.80578
      vertex 66 -0.75 2.8
    endloop
  endfacet
  facet normal 0 1 0
    outer loop
      vertex 56.9978 -0.75 34.6667
      vertex 58.869 -0.75 36
      vertex 58.9101 -0.75 35.9445
    endloop
  endfacet
  facet normal 0 1 0
    outer loop
      vertex 58.869 -0.75 36
      vertex 56 -0.75 35.2
      vertex 53.131 -0.75 36
    endloop
  endfacet
  facet normal 0 1 0
    outer loop
      vertex 56.9978 -0.75 34.6667
      vertex 58.9101 -0.75 35.9445
      vertex 59.0867 -0.75 35.6499
    endloop
  endfacet
  facet normal 0 1 -0
    outer loop
      vertex 55.8824 -0.75 35.1942
      vertex 53.131 -0.75 36
      vertex 56 -0.75 35.2
    endloop
  endfacet
  facet normal 0 1 0
    outer loop
      vertex 57.0583 -0.75 34.5657
      vertex 59.0867 -0.75 35.6499
      vertex 59.2336 -0.75 35.3394
    endloop
  endfacet
  facet normal 0 1 -0
    outer loop
      vertex 55.7659 -0.75 35.1769
      vertex 53.131 -0.75 36
      vertex 55.8824 -0.75 35.1942
    endloop
  endfacet
  facet normal 0 1 -0
    outer loop
      vertex 55.6517 -0.75 35.1483
      vertex 53.131 -0.75 36
      vertex 55.7659 -0.75 35.1769
    endloop
  endfacet
  facet normal 0 1 0
    outer loop
      vertex 58.869 -0.75 36
      vertex 56.1176 -0.75 35.1942
      vertex 56 -0.75 35.2
    endloop
  endfacet
  facet normal 0 1 0
    outer loop
      vertex 58.869 -0.75 36
      vertex 56.2341 -0.75 35.1769
      vertex 56.1176 -0.75 35.1942
    endloop
  endfacet
  facet normal 0 1 0
    outer loop
      vertex 58.869 -0.75 36
      vertex 56.3483 -0.75 35.1483
      vertex 56.2341 -0.75 35.1769
    endloop
  endfacet
  facet normal 0 1 0
    outer loop
      vertex 58.869 -0.75 36
      vertex 56.4592 -0.75 35.1087
      vertex 56.3483 -0.75 35.1483
    endloop
  endfacet
  facet normal 0 1 0
    outer loop
      vertex 58.869 -0.75 36
      vertex 56.5657 -0.75 35.0583
      vertex 56.4592 -0.75 35.1087
    endloop
  endfacet
  facet normal 0 1 0
    outer loop
      vertex 57.1087 -0.75 34.4592
      vertex 59.2336 -0.75 35.3394
      vertex 59.3493 -0.75 35.016
    endloop
  endfacet
  facet normal 0 1 0
    outer loop
      vertex 58.869 -0.75 36
      vertex 56.6667 -0.75 34.9978
      vertex 56.5657 -0.75 35.0583
    endloop
  endfacet
  facet normal 0 1 0
    outer loop
      vertex 58.869 -0.75 36
      vertex 56.7613 -0.75 34.9276
      vertex 56.6667 -0.75 34.9978
    endloop
  endfacet
  facet normal 0 1 0
    outer loop
      vertex 58.869 -0.75 36
      vertex 56.8485 -0.75 34.8485
      vertex 56.7613 -0.75 34.9276
    endloop
  endfacet
  facet normal 0 1 0
    outer loop
      vertex 58.869 -0.75 36
      vertex 56.9276 -0.75 34.7613
      vertex 56.8485 -0.75 34.8485
    endloop
  endfacet
  facet normal 0 1 0
    outer loop
      vertex 57.1483 -0.75 34.3483
      vertex 59.3493 -0.75 35.016
      vertex 59.4327 -0.75 34.6828
    endloop
  endfacet
  facet normal 0 1 0
    outer loop
      vertex 58.869 -0.75 36
      vertex 56.9978 -0.75 34.6667
      vertex 56.9276 -0.75 34.7613
    endloop
  endfacet
  facet normal 0 1 0
    outer loop
      vertex 59.0867 -0.75 35.6499
      vertex 57.0583 -0.75 34.5657
      vertex 56.9978 -0.75 34.6667
    endloop
  endfacet
  facet normal 0 1 0
    outer loop
      vertex 59.2336 -0.75 35.3394
      vertex 57.1087 -0.75 34.4592
      vertex 57.0583 -0.75 34.5657
    endloop
  endfacet
  facet normal 0 1 0
    outer loop
      vertex 59.3493 -0.75 35.016
      vertex 57.1483 -0.75 34.3483
      vertex 57.1087 -0.75 34.4592
    endloop
  endfacet
  facet normal 0 1 0
    outer loop
      vertex 57.1769 -0.75 34.2341
      vertex 59.4327 -0.75 34.6828
      vertex 59.4831 -0.75 34.3431
    endloop
  endfacet
  facet normal 0 1 0
    outer loop
      vertex 59.4327 -0.75 34.6828
      vertex 57.1769 -0.75 34.2341
      vertex 57.1483 -0.75 34.3483
    endloop
  endfacet
  facet normal 0 1 0
    outer loop
      vertex 59.4831 -0.75 34.3431
      vertex 57.1942 -0.75 34.1176
      vertex 57.1769 -0.75 34.2341
    endloop
  endfacet
  facet normal 0 1 0
    outer loop
      vertex 59.5 -0.75 34
      vertex 57.1942 -0.75 34.1176
      vertex 59.4831 -0.75 34.3431
    endloop
  endfacet
  facet normal 0 1 0
    outer loop
      vertex 59.5 -0.75 34
      vertex 57.2 -0.75 34
      vertex 57.1942 -0.75 34.1176
    endloop
  endfacet
  facet normal 0 1 0
    outer loop
      vertex 59.5 -0.75 34
      vertex 57.1942 -0.75 33.8824
      vertex 57.2 -0.75 34
    endloop
  endfacet
  facet normal 0 1 -0
    outer loop
      vertex 59.4831 -0.75 33.6569
      vertex 57.1942 -0.75 33.8824
      vertex 59.5 -0.75 34
    endloop
  endfacet
  facet normal 0 1 0
    outer loop
      vertex 57.1942 -0.75 33.8824
      vertex 59.4831 -0.75 33.6569
      vertex 57.1769 -0.75 33.7659
    endloop
  endfacet
  facet normal 0 1 -0
    outer loop
      vertex 59.4327 -0.75 33.3172
      vertex 57.1769 -0.75 33.7659
      vertex 59.4831 -0.75 33.6569
    endloop
  endfacet
  facet normal 0 1 0
    outer loop
      vertex 57.1769 -0.75 33.7659
      vertex 59.4327 -0.75 33.3172
      vertex 57.1483 -0.75 33.6517
    endloop
  endfacet
  facet normal 0 1 -0
    outer loop
      vertex 59.3493 -0.75 32.984
      vertex 57.1483 -0.75 33.6517
      vertex 59.4327 -0.75 33.3172
    endloop
  endfacet
  facet normal 0 1 0
    outer loop
      vertex 57.1483 -0.75 33.6517
      vertex 59.3493 -0.75 32.984
      vertex 57.1087 -0.75 33.5408
    endloop
  endfacet
  facet normal 0 1 -0
    outer loop
      vertex 59.2336 -0.75 32.6606
      vertex 57.1087 -0.75 33.5408
      vertex 59.3493 -0.75 32.984
    endloop
  endfacet
  facet normal 0 1 0
    outer loop
      vertex 57.1087 -0.75 33.5408
      vertex 59.2336 -0.75 32.6606
      vertex 57.0583 -0.75 33.4343
    endloop
  endfacet
  facet normal 0 1 -0
    outer loop
      vertex 59.0867 -0.75 32.3501
      vertex 57.0583 -0.75 33.4343
      vertex 59.2336 -0.75 32.6606
    endloop
  endfacet
  facet normal 0 1 0
    outer loop
      vertex 57.0583 -0.75 33.4343
      vertex 59.0867 -0.75 32.3501
      vertex 56.9978 -0.75 33.3333
    endloop
  endfacet
  facet normal 0 1 -0
    outer loop
      vertex 58.9101 -0.75 32.0555
      vertex 56.9978 -0.75 33.3333
      vertex 59.0867 -0.75 32.3501
    endloop
  endfacet
  facet normal 0 1 0
    outer loop
      vertex 56.9978 -0.75 33.3333
      vertex 58.9101 -0.75 32.0555
      vertex 56.9276 -0.75 33.2387
    endloop
  endfacet
  facet normal 0 1 -0
    outer loop
      vertex 58.7055 -0.75 31.7796
      vertex 56.9276 -0.75 33.2387
      vertex 58.9101 -0.75 32.0555
    endloop
  endfacet
  facet normal 0 1 0
    outer loop
      vertex 56.9276 -0.75 33.2387
      vertex 58.7055 -0.75 31.7796
      vertex 56.8485 -0.75 33.1515
    endloop
  endfacet
  facet normal 0 1 -0
    outer loop
      vertex 58.4749 -0.75 31.5251
      vertex 56.8485 -0.75 33.1515
      vertex 58.7055 -0.75 31.7796
    endloop
  endfacet
  facet normal 0 1 0
    outer loop
      vertex 56.8485 -0.75 33.1515
      vertex 58.4749 -0.75 31.5251
      vertex 56.7613 -0.75 33.0724
    endloop
  endfacet
  facet normal 0 1 -0
    outer loop
      vertex 58.2204 -0.75 31.2945
      vertex 56.7613 -0.75 33.0724
      vertex 58.4749 -0.75 31.5251
    endloop
  endfacet
  facet normal 0 1 -0
    outer loop
      vertex 57.9445 -0.75 31.0899
      vertex 56.6667 -0.75 33.0022
      vertex 58.2204 -0.75 31.2945
    endloop
  endfacet
  facet normal 0 1 0
    outer loop
      vertex 56.7613 -0.75 33.0724
      vertex 58.2204 -0.75 31.2945
      vertex 56.6667 -0.75 33.0022
    endloop
  endfacet
  facet normal 0 1 0
    outer loop
      vertex 58.869 -0.75 36
      vertex 70 -0.75 38
      vertex 68 -0.75 36
    endloop
  endfacet
  facet normal 0 1 0
    outer loop
      vertex 70 -0.75 38
      vertex 68 -0.75 6.86898
      vertex 68 -0.75 36
    endloop
  endfacet
  facet normal 0 1 0
    outer loop
      vertex 64.984 -0.75 7.34929
      vertex 65.6517 -0.75 5.14833
      vertex 64.6606 -0.75 7.23358
    endloop
  endfacet
  facet normal 0 1 -0
    outer loop
      vertex 65.5408 -0.75 5.10866
      vertex 64.6606 -0.75 7.23358
      vertex 65.6517 -0.75 5.14833
    endloop
  endfacet
  facet normal 0 1 0
    outer loop
      vertex 64.6606 -0.75 7.23358
      vertex 65.5408 -0.75 5.10866
      vertex 64.3501 -0.75 7.08673
    endloop
  endfacet
  facet normal 0 1 -0
    outer loop
      vertex 65.4343 -0.75 5.05831
      vertex 64.3501 -0.75 7.08673
      vertex 65.5408 -0.75 5.10866
    endloop
  endfacet
  facet normal 0 1 0
    outer loop
      vertex 64.3501 -0.75 7.08673
      vertex 65.4343 -0.75 5.05831
      vertex 64.0555 -0.75 6.91014
    endloop
  endfacet
  facet normal 0 1 -0
    outer loop
      vertex 65.3333 -0.75 4.99776
      vertex 64.0555 -0.75 6.91014
      vertex 65.4343 -0.75 5.05831
    endloop
  endfacet
  facet normal 0 1 0
    outer loop
      vertex 66.3431 -0.75 7.48315
      vertex 66.1176 -0.75 5.19422
      vertex 66 -0.75 5.2
    endloop
  endfacet
  facet normal 0 1 0
    outer loop
      vertex 66.6828 -0.75 7.43275
      vertex 66.2341 -0.75 5.17694
      vertex 66.1176 -0.75 5.19422
    endloop
  endfacet
  facet normal 0 1 0
    outer loop
      vertex 67.016 -0.75 7.34929
      vertex 66.3483 -0.75 5.14833
      vertex 66.2341 -0.75 5.17694
    endloop
  endfacet
  facet normal 0 1 0
    outer loop
      vertex 67.3394 -0.75 7.23358
      vertex 66.4592 -0.75 5.10866
      vertex 66.3483 -0.75 5.14833
    endloop
  endfacet
  facet normal 0 1 0
    outer loop
      vertex 67.6499 -0.75 7.08673
      vertex 66.5657 -0.75 5.05831
      vertex 66.4592 -0.75 5.10866
    endloop
  endfacet
  facet normal 0 1 0
    outer loop
      vertex 67.9445 -0.75 6.91014
      vertex 66.6667 -0.75 4.99776
      vertex 66.5657 -0.75 5.05831
    endloop
  endfacet
  facet normal 0 1 0
    outer loop
      vertex 68 -0.75 6.86898
      vertex 66.7613 -0.75 4.92761
      vertex 66.6667 -0.75 4.99776
    endloop
  endfacet
  facet normal 0 1 0
    outer loop
      vertex 68 -0.75 6.86898
      vertex 66.8485 -0.75 4.84853
      vertex 66.7613 -0.75 4.92761
    endloop
  endfacet
  facet normal 0 1 0
    outer loop
      vertex 68 -0.75 6.86898
      vertex 66.9276 -0.75 4.76127
      vertex 66.8485 -0.75 4.84853
    endloop
  endfacet
  facet normal 0 1 0
    outer loop
      vertex 68 -0.75 6.86898
      vertex 66.9978 -0.75 4.66669
      vertex 66.9276 -0.75 4.76127
    endloop
  endfacet
  facet normal 0 1 0
    outer loop
      vertex 68 -0.75 6.86898
      vertex 67.0583 -0.75 4.56568
      vertex 66.9978 -0.75 4.66669
    endloop
  endfacet
  facet normal 0 1 0
    outer loop
      vertex 68 -0.75 6.86898
      vertex 67.1087 -0.75 4.45922
      vertex 67.0583 -0.75 4.56568
    endloop
  endfacet
  facet normal 0 1 0
    outer loop
      vertex 68 -0.75 6.86898
      vertex 67.1483 -0.75 4.34834
      vertex 67.1087 -0.75 4.45922
    endloop
  endfacet
  facet normal 0 1 0
    outer loop
      vertex 68 -0.75 6.86898
      vertex 67.1769 -0.75 4.23411
      vertex 67.1483 -0.75 4.34834
    endloop
  endfacet
  facet normal 0 1 0
    outer loop
      vertex 68 -0.75 6.86898
      vertex 67.1942 -0.75 4.11762
      vertex 67.1769 -0.75 4.23411
    endloop
  endfacet
  facet normal 0 1 0
    outer loop
      vertex 68 -0.75 6.86898
      vertex 67.2 -0.75 4
      vertex 67.1942 -0.75 4.11762
    endloop
  endfacet
  facet normal 0 1 0
    outer loop
      vertex 70 -0.75 0
      vertex 67.2 -0.75 4
      vertex 68 -0.75 6.86898
    endloop
  endfacet
  facet normal 0 1 0
    outer loop
      vertex 67.2 -0.75 4
      vertex 70 -0.75 0
      vertex 67.1942 -0.75 3.88238
    endloop
  endfacet
  facet normal 0 1 0
    outer loop
      vertex 67.1942 -0.75 3.88238
      vertex 70 -0.75 0
      vertex 67.1769 -0.75 3.76589
    endloop
  endfacet
  facet normal 0 1 0
    outer loop
      vertex 64.9417 -0.75 3.43432
      vertex 62.9133 -0.75 2.35011
      vertex 62.7664 -0.75 2.66061
    endloop
  endfacet
  facet normal 0 1 0
    outer loop
      vertex 70 -0.75 0
      vertex 66 -0.75 2.8
      vertex 66.1176 -0.75 2.80578
    endloop
  endfacet
  facet normal 0 1 0
    outer loop
      vertex 65.0022 -0.75 3.33332
      vertex 63.0899 -0.75 2.0555
      vertex 62.9133 -0.75 2.35011
    endloop
  endfacet
  facet normal 0 1 0
    outer loop
      vertex 70 -0.75 0
      vertex 66.1176 -0.75 2.80578
      vertex 66.2341 -0.75 2.82306
    endloop
  endfacet
  facet normal 0 1 0
    outer loop
      vertex 65.0022 -0.75 3.33332
      vertex 63.131 -0.75 2
      vertex 63.0899 -0.75 2.0555
    endloop
  endfacet
  facet normal 0 1 0
    outer loop
      vertex 70 -0.75 0
      vertex 66.2341 -0.75 2.82306
      vertex 66.3483 -0.75 2.85167
    endloop
  endfacet
  facet normal 0 1 0
    outer loop
      vertex 63.131 -0.75 2
      vertex 70 -0.75 0
      vertex 48.869 -0.75 2
    endloop
  endfacet
  facet normal 0 1 0
    outer loop
      vertex 66 -0.75 2.8
      vertex 70 -0.75 0
      vertex 63.131 -0.75 2
    endloop
  endfacet
  facet normal 0 1 0
    outer loop
      vertex 66.4592 -0.75 2.89135
      vertex 70 -0.75 0
      vertex 66.3483 -0.75 2.85167
    endloop
  endfacet
  facet normal 0 1 0
    outer loop
      vertex 66.5657 -0.75 2.9417
      vertex 70 -0.75 0
      vertex 66.4592 -0.75 2.89135
    endloop
  endfacet
  facet normal 0 1 0
    outer loop
      vertex 66.6667 -0.75 3.00224
      vertex 70 -0.75 0
      vertex 66.5657 -0.75 2.9417
    endloop
  endfacet
  facet normal 0 1 0
    outer loop
      vertex 66.7613 -0.75 3.07239
      vertex 70 -0.75 0
      vertex 66.6667 -0.75 3.00224
    endloop
  endfacet
  facet normal 0 1 0
    outer loop
      vertex 66.8485 -0.75 3.15147
      vertex 70 -0.75 0
      vertex 66.7613 -0.75 3.07239
    endloop
  endfacet
  facet normal 0 1 0
    outer loop
      vertex 66.9276 -0.75 3.23873
      vertex 70 -0.75 0
      vertex 66.8485 -0.75 3.15147
    endloop
  endfacet
  facet normal 0 1 0
    outer loop
      vertex 66.9978 -0.75 3.33332
      vertex 70 -0.75 0
      vertex 66.9276 -0.75 3.23873
    endloop
  endfacet
  facet normal 0 1 0
    outer loop
      vertex 67.0583 -0.75 3.43432
      vertex 70 -0.75 0
      vertex 66.9978 -0.75 3.33332
    endloop
  endfacet
  facet normal 0 1 0
    outer loop
      vertex 67.1087 -0.75 3.54078
      vertex 70 -0.75 0
      vertex 67.0583 -0.75 3.43432
    endloop
  endfacet
  facet normal 0 1 0
    outer loop
      vertex 67.1483 -0.75 3.65166
      vertex 70 -0.75 0
      vertex 67.1087 -0.75 3.54078
    endloop
  endfacet
  facet normal 0 1 0
    outer loop
      vertex 67.1769 -0.75 3.76589
      vertex 70 -0.75 0
      vertex 67.1483 -0.75 3.65166
    endloop
  endfacet
  facet normal 0 1 -0
    outer loop
      vertex 70 -0.75 0
      vertex 68 -0.75 6.86898
      vertex 70 -0.75 38
    endloop
  endfacet
  facet normal 0 1 0
    outer loop
      vertex 70 -0.75 38
      vertex 58.869 -0.75 36
      vertex 42 -0.75 38
    endloop
  endfacet
  facet normal 0 1 -0
    outer loop
      vertex 53.131 -0.75 36
      vertex 42 -0.75 38
      vertex 58.869 -0.75 36
    endloop
  endfacet
  facet normal 0 1 -0
    outer loop
      vertex 44 -0.75 36
      vertex 42 -0.75 38
      vertex 53.131 -0.75 36
    endloop
  endfacet
  facet normal 0 1 0
    outer loop
      vertex 44 -0.75 36
      vertex 42 -0.75 27
      vertex 42 -0.75 38
    endloop
  endfacet
  facet normal 0 1 0
    outer loop
      vertex 34.0244 -0.75 15.6894
      vertex 42 -0.75 27
      vertex 34.24 -0.75 15.7
    endloop
  endfacet
  facet normal 0 1 0
    outer loop
      vertex 42 -0.75 27
      vertex 34.4557 -0.75 15.6894
      vertex 34.24 -0.75 15.7
    endloop
  endfacet
  facet normal 0 1 0
    outer loop
      vertex 42 -0.75 27
      vertex 34.6692 -0.75 15.6577
      vertex 34.4557 -0.75 15.6894
    endloop
  endfacet
  facet normal 0 1 0
    outer loop
      vertex 42 -0.75 27
      vertex 34.8787 -0.75 15.6053
      vertex 34.6692 -0.75 15.6577
    endloop
  endfacet
  facet normal 0 1 0
    outer loop
      vertex 42 -0.75 27
      vertex 35.0819 -0.75 15.5325
      vertex 34.8787 -0.75 15.6053
    endloop
  endfacet
  facet normal 0 1 0
    outer loop
      vertex 42 -0.75 27
      vertex 35.2771 -0.75 15.4402
      vertex 35.0819 -0.75 15.5325
    endloop
  endfacet
  facet normal 0 1 0
    outer loop
      vertex 42 -0.75 27
      vertex 35.4623 -0.75 15.3292
      vertex 35.2771 -0.75 15.4402
    endloop
  endfacet
  facet normal 0 1 0
    outer loop
      vertex 42 -0.75 27
      vertex 35.6357 -0.75 15.2006
      vertex 35.4623 -0.75 15.3292
    endloop
  endfacet
  facet normal 0 1 0
    outer loop
      vertex 42 -0.75 27
      vertex 35.7957 -0.75 15.0556
      vertex 35.6357 -0.75 15.2006
    endloop
  endfacet
  facet normal 0 1 0
    outer loop
      vertex 42 -0.75 27
      vertex 35.9407 -0.75 14.8957
      vertex 35.7957 -0.75 15.0556
    endloop
  endfacet
  facet normal 0 1 0
    outer loop
      vertex 42 -0.75 27
      vertex 36.0693 -0.75 14.7223
      vertex 35.9407 -0.75 14.8957
    endloop
  endfacet
  facet normal 0 1 0
    outer loop
      vertex 42 -0.75 27
      vertex 36.1803 -0.75 14.5371
      vertex 36.0693 -0.75 14.7223
    endloop
  endfacet
  facet normal 0 1 0
    outer loop
      vertex 42 -0.75 27
      vertex 36.2726 -0.75 14.3419
      vertex 36.1803 -0.75 14.5371
    endloop
  endfacet
  facet normal 0 1 0
    outer loop
      vertex 42 -0.75 27
      vertex 36.3453 -0.75 14.1386
      vertex 36.2726 -0.75 14.3419
    endloop
  endfacet
  facet normal 0 1 0
    outer loop
      vertex 44 -0.75 6.86898
      vertex 36.3453 -0.75 14.1386
      vertex 42 -0.75 27
    endloop
  endfacet
  facet normal 0 1 0
    outer loop
      vertex 36.3453 -0.75 14.1386
      vertex 44 -0.75 6.86898
      vertex 36.3978 -0.75 13.9292
    endloop
  endfacet
  facet normal 0 1 0
    outer loop
      vertex 36.3978 -0.75 13.9292
      vertex 44 -0.75 6.86898
      vertex 36.4294 -0.75 13.7156
    endloop
  endfacet
  facet normal 0 1 0
    outer loop
      vertex 36.4294 -0.75 13.7156
      vertex 44 -0.75 6.86898
      vertex 36.44 -0.75 13.5
    endloop
  endfacet
  facet normal 0 1 0
    outer loop
      vertex 36.44 -0.75 13.5
      vertex 44 -0.75 6.86898
      vertex 36.4294 -0.75 13.2844
    endloop
  endfacet
  facet normal 0 1 0
    outer loop
      vertex 36.4294 -0.75 13.2844
      vertex 44 -0.75 6.86898
      vertex 36.3978 -0.75 13.0708
    endloop
  endfacet
  facet normal 0 1 0
    outer loop
      vertex 36.3978 -0.75 13.0708
      vertex 44 -0.75 6.86898
      vertex 36.3453 -0.75 12.8614
    endloop
  endfacet
  facet normal 0 1 0
    outer loop
      vertex 44.8231 -0.75 3.76589
      vertex 34.6692 -0.75 11.3423
      vertex 44.8058 -0.75 3.88238
    endloop
  endfacet
  facet normal 0 1 0
    outer loop
      vertex 44.8058 -0.75 3.88238
      vertex 34.6692 -0.75 11.3423
      vertex 44 -0.75 6.86898
    endloop
  endfacet
  facet normal 0 1 0
    outer loop
      vertex 34.8787 -0.75 11.3947
      vertex 44 -0.75 6.86898
      vertex 34.6692 -0.75 11.3423
    endloop
  endfacet
  facet normal 0 1 0
    outer loop
      vertex 35.0819 -0.75 11.4675
      vertex 44 -0.75 6.86898
      vertex 34.8787 -0.75 11.3947
    endloop
  endfacet
  facet normal 0 1 0
    outer loop
      vertex 35.2771 -0.75 11.5598
      vertex 44 -0.75 6.86898
      vertex 35.0819 -0.75 11.4675
    endloop
  endfacet
  facet normal 0 1 0
    outer loop
      vertex 35.4623 -0.75 11.6708
      vertex 44 -0.75 6.86898
      vertex 35.2771 -0.75 11.5598
    endloop
  endfacet
  facet normal 0 1 0
    outer loop
      vertex 35.6357 -0.75 11.7994
      vertex 44 -0.75 6.86898
      vertex 35.4623 -0.75 11.6708
    endloop
  endfacet
  facet normal 0 1 0
    outer loop
      vertex 35.7957 -0.75 11.9444
      vertex 44 -0.75 6.86898
      vertex 35.6357 -0.75 11.7994
    endloop
  endfacet
  facet normal 0 1 0
    outer loop
      vertex 35.9407 -0.75 12.1043
      vertex 44 -0.75 6.86898
      vertex 35.7957 -0.75 11.9444
    endloop
  endfacet
  facet normal 0 1 0
    outer loop
      vertex 36.0693 -0.75 12.2777
      vertex 44 -0.75 6.86898
      vertex 35.9407 -0.75 12.1043
    endloop
  endfacet
  facet normal 0 1 0
    outer loop
      vertex 36.1803 -0.75 12.4629
      vertex 44 -0.75 6.86898
      vertex 36.0693 -0.75 12.2777
    endloop
  endfacet
  facet normal 0 1 0
    outer loop
      vertex 36.2726 -0.75 12.6581
      vertex 44 -0.75 6.86898
      vertex 36.1803 -0.75 12.4629
    endloop
  endfacet
  facet normal 0 1 0
    outer loop
      vertex 36.3453 -0.75 12.8614
      vertex 44 -0.75 6.86898
      vertex 36.2726 -0.75 12.6581
    endloop
  endfacet
  facet normal 0 1 -0
    outer loop
      vertex 44 -0.75 6.86898
      vertex 42 -0.75 27
      vertex 44 -0.75 36
    endloop
  endfacet
  facet normal 0 1 -0
    outer loop
      vertex 55.5408 -0.75 35.1087
      vertex 53.131 -0.75 36
      vertex 55.6517 -0.75 35.1483
    endloop
  endfacet
  facet normal 0 1 -0
    outer loop
      vertex 55.4343 -0.75 35.0583
      vertex 53.131 -0.75 36
      vertex 55.5408 -0.75 35.1087
    endloop
  endfacet
  facet normal 0 1 -0
    outer loop
      vertex 55.3333 -0.75 34.9978
      vertex 53.131 -0.75 36
      vertex 55.4343 -0.75 35.0583
    endloop
  endfacet
  facet normal 0 1 -0
    outer loop
      vertex 55.2387 -0.75 34.9276
      vertex 53.131 -0.75 36
      vertex 55.3333 -0.75 34.9978
    endloop
  endfacet
  facet normal 0 1 -0
    outer loop
      vertex 55.1515 -0.75 34.8485
      vertex 53.131 -0.75 36
      vertex 55.2387 -0.75 34.9276
    endloop
  endfacet
  facet normal 0 1 -0
    outer loop
      vertex 55.0724 -0.75 34.7613
      vertex 53.131 -0.75 36
      vertex 55.1515 -0.75 34.8485
    endloop
  endfacet
  facet normal 0 1 -0
    outer loop
      vertex 55.0022 -0.75 34.6667
      vertex 53.131 -0.75 36
      vertex 55.0724 -0.75 34.7613
    endloop
  endfacet
  facet normal 0 1 0
    outer loop
      vertex 53.131 -0.75 36
      vertex 55.0022 -0.75 34.6667
      vertex 53.0899 -0.75 35.9445
    endloop
  endfacet
  facet normal 0 1 0
    outer loop
      vertex 53.0899 -0.75 35.9445
      vertex 55.0022 -0.75 34.6667
      vertex 52.9133 -0.75 35.6499
    endloop
  endfacet
  facet normal 0 1 -0
    outer loop
      vertex 54.9417 -0.75 34.5657
      vertex 52.9133 -0.75 35.6499
      vertex 55.0022 -0.75 34.6667
    endloop
  endfacet
  facet normal 0 1 0
    outer loop
      vertex 52.9133 -0.75 35.6499
      vertex 54.9417 -0.75 34.5657
      vertex 52.7664 -0.75 35.3394
    endloop
  endfacet
  facet normal 0 1 -0
    outer loop
      vertex 54.8913 -0.75 34.4592
      vertex 52.7664 -0.75 35.3394
      vertex 54.9417 -0.75 34.5657
    endloop
  endfacet
  facet normal 0 1 0
    outer loop
      vertex 52.7664 -0.75 35.3394
      vertex 54.8913 -0.75 34.4592
      vertex 52.6507 -0.75 35.016
    endloop
  endfacet
  facet normal 0 1 -0
    outer loop
      vertex 54.8517 -0.75 34.3483
      vertex 52.6507 -0.75 35.016
      vertex 54.8913 -0.75 34.4592
    endloop
  endfacet
  facet normal 0 1 0
    outer loop
      vertex 52.6507 -0.75 35.016
      vertex 54.8517 -0.75 34.3483
      vertex 52.5673 -0.75 34.6828
    endloop
  endfacet
  facet normal 0 1 -0
    outer loop
      vertex 54.8231 -0.75 34.2341
      vertex 52.5673 -0.75 34.6828
      vertex 54.8517 -0.75 34.3483
    endloop
  endfacet
  facet normal 0 1 0
    outer loop
      vertex 52.5673 -0.75 34.6828
      vertex 54.8231 -0.75 34.2341
      vertex 52.5169 -0.75 34.3431
    endloop
  endfacet
  facet normal 0 1 -0
    outer loop
      vertex 54.8058 -0.75 34.1176
      vertex 52.5169 -0.75 34.3431
      vertex 54.8231 -0.75 34.2341
    endloop
  endfacet
  facet normal 0 1 -0
    outer loop
      vertex 54.8 -0.75 34
      vertex 52.5169 -0.75 34.3431
      vertex 54.8058 -0.75 34.1176
    endloop
  endfacet
  facet normal 0 1 0
    outer loop
      vertex 54.8 -0.75 34
      vertex 52.5 -0.75 34
      vertex 52.5169 -0.75 34.3431
    endloop
  endfacet
  facet normal 0 1 0
    outer loop
      vertex 54.8058 -0.75 33.8824
      vertex 52.5 -0.75 34
      vertex 54.8 -0.75 34
    endloop
  endfacet
  facet normal 0 1 0
    outer loop
      vertex 52.5169 -0.75 33.6569
      vertex 54.8058 -0.75 33.8824
      vertex 54.8231 -0.75 33.7659
    endloop
  endfacet
  facet normal 0 1 0
    outer loop
      vertex 54.8058 -0.75 33.8824
      vertex 52.5169 -0.75 33.6569
      vertex 52.5 -0.75 34
    endloop
  endfacet
  facet normal 0 1 0
    outer loop
      vertex 52.5673 -0.75 33.3172
      vertex 54.8231 -0.75 33.7659
      vertex 54.8517 -0.75 33.6517
    endloop
  endfacet
  facet normal 0 1 0
    outer loop
      vertex 52.6507 -0.75 32.984
      vertex 54.8517 -0.75 33.6517
      vertex 54.8913 -0.75 33.5408
    endloop
  endfacet
  facet normal 0 1 0
    outer loop
      vertex 52.7664 -0.75 32.6606
      vertex 54.8913 -0.75 33.5408
      vertex 54.9417 -0.75 33.4343
    endloop
  endfacet
  facet normal 0 1 0
    outer loop
      vertex 52.9133 -0.75 32.3501
      vertex 54.9417 -0.75 33.4343
      vertex 55.0022 -0.75 33.3333
    endloop
  endfacet
  facet normal 0 1 0
    outer loop
      vertex 54.8231 -0.75 33.7659
      vertex 52.5673 -0.75 33.3172
      vertex 52.5169 -0.75 33.6569
    endloop
  endfacet
  facet normal 0 1 0
    outer loop
      vertex 53.0899 -0.75 32.0555
      vertex 55.0022 -0.75 33.3333
      vertex 55.0724 -0.75 33.2387
    endloop
  endfacet
  facet normal 0 1 0
    outer loop
      vertex 53.2945 -0.75 31.7796
      vertex 55.0724 -0.75 33.2387
      vertex 55.1515 -0.75 33.1515
    endloop
  endfacet
  facet normal 0 1 0
    outer loop
      vertex 53.5251 -0.75 31.5251
      vertex 55.1515 -0.75 33.1515
      vertex 55.2387 -0.75 33.0724
    endloop
  endfacet
  facet normal 0 1 0
    outer loop
      vertex 53.7796 -0.75 31.2945
      vertex 55.2387 -0.75 33.0724
      vertex 55.3333 -0.75 33.0022
    endloop
  endfacet
  facet normal 0 1 0
    outer loop
      vertex 54.8517 -0.75 33.6517
      vertex 52.6507 -0.75 32.984
      vertex 52.5673 -0.75 33.3172
    endloop
  endfacet
  facet normal 0 1 0
    outer loop
      vertex 54.0555 -0.75 31.0899
      vertex 55.3333 -0.75 33.0022
      vertex 55.4343 -0.75 32.9417
    endloop
  endfacet
  facet normal 0 1 0
    outer loop
      vertex 54.3501 -0.75 30.9133
      vertex 55.4343 -0.75 32.9417
      vertex 55.5408 -0.75 32.8913
    endloop
  endfacet
  facet normal 0 1 0
    outer loop
      vertex 54.6606 -0.75 30.7664
      vertex 55.5408 -0.75 32.8913
      vertex 55.6517 -0.75 32.8517
    endloop
  endfacet
  facet normal 0 1 0
    outer loop
      vertex 54.984 -0.75 30.6507
      vertex 55.6517 -0.75 32.8517
      vertex 55.7659 -0.75 32.8231
    endloop
  endfacet
  facet normal 0 1 0
    outer loop
      vertex 55.3172 -0.75 30.5673
      vertex 55.7659 -0.75 32.8231
      vertex 55.8824 -0.75 32.8058
    endloop
  endfacet
  facet normal 0 1 0
    outer loop
      vertex 54.8913 -0.75 33.5408
      vertex 52.7664 -0.75 32.6606
      vertex 52.6507 -0.75 32.984
    endloop
  endfacet
  facet normal 0 1 0
    outer loop
      vertex 55.6569 -0.75 30.5169
      vertex 55.8824 -0.75 32.8058
      vertex 56 -0.75 32.8
    endloop
  endfacet
  facet normal 0 1 0
    outer loop
      vertex 56.6667 -0.75 33.0022
      vertex 57.9445 -0.75 31.0899
      vertex 56.5657 -0.75 32.9417
    endloop
  endfacet
  facet normal 0 1 -0
    outer loop
      vertex 57.6499 -0.75 30.9133
      vertex 56.5657 -0.75 32.9417
      vertex 57.9445 -0.75 31.0899
    endloop
  endfacet
  facet normal 0 1 0
    outer loop
      vertex 54.9417 -0.75 33.4343
      vertex 52.9133 -0.75 32.3501
      vertex 52.7664 -0.75 32.6606
    endloop
  endfacet
  facet normal 0 1 0
    outer loop
      vertex 56.5657 -0.75 32.9417
      vertex 57.6499 -0.75 30.9133
      vertex 56.4592 -0.75 32.8913
    endloop
  endfacet
  facet normal 0 1 0
    outer loop
      vertex 55.0022 -0.75 33.3333
      vertex 53.0899 -0.75 32.0555
      vertex 52.9133 -0.75 32.3501
    endloop
  endfacet
  facet normal 0 1 -0
    outer loop
      vertex 57.3394 -0.75 30.7664
      vertex 56.4592 -0.75 32.8913
      vertex 57.6499 -0.75 30.9133
    endloop
  endfacet
  facet normal 0 1 0
    outer loop
      vertex 55.0724 -0.75 33.2387
      vertex 53.2945 -0.75 31.7796
      vertex 53.0899 -0.75 32.0555
    endloop
  endfacet
  facet normal 0 1 0
    outer loop
      vertex 56.4592 -0.75 32.8913
      vertex 57.3394 -0.75 30.7664
      vertex 56.3483 -0.75 32.8517
    endloop
  endfacet
  facet normal 0 1 0
    outer loop
      vertex 55.1515 -0.75 33.1515
      vertex 53.5251 -0.75 31.5251
      vertex 53.2945 -0.75 31.7796
    endloop
  endfacet
  facet normal 0 1 -0
    outer loop
      vertex 57.016 -0.75 30.6507
      vertex 56.3483 -0.75 32.8517
      vertex 57.3394 -0.75 30.7664
    endloop
  endfacet
  facet normal 0 1 0
    outer loop
      vertex 55.2387 -0.75 33.0724
      vertex 53.7796 -0.75 31.2945
      vertex 53.5251 -0.75 31.5251
    endloop
  endfacet
  facet normal 0 1 0
    outer loop
      vertex 56.3483 -0.75 32.8517
      vertex 57.016 -0.75 30.6507
      vertex 56.2341 -0.75 32.8231
    endloop
  endfacet
  facet normal 0 1 0
    outer loop
      vertex 55.3333 -0.75 33.0022
      vertex 54.0555 -0.75 31.0899
      vertex 53.7796 -0.75 31.2945
    endloop
  endfacet
  facet normal 0 1 -0
    outer loop
      vertex 56.6828 -0.75 30.5673
      vertex 56.2341 -0.75 32.8231
      vertex 57.016 -0.75 30.6507
    endloop
  endfacet
  facet normal 0 1 0
    outer loop
      vertex 55.4343 -0.75 32.9417
      vertex 54.3501 -0.75 30.9133
      vertex 54.0555 -0.75 31.0899
    endloop
  endfacet
  facet normal 0 1 0
    outer loop
      vertex 56.2341 -0.75 32.8231
      vertex 56.6828 -0.75 30.5673
      vertex 56.1176 -0.75 32.8058
    endloop
  endfacet
  facet normal 0 1 0
    outer loop
      vertex 55.5408 -0.75 32.8913
      vertex 54.6606 -0.75 30.7664
      vertex 54.3501 -0.75 30.9133
    endloop
  endfacet
  facet normal 0 1 -0
    outer loop
      vertex 56.3431 -0.75 30.5169
      vertex 56.1176 -0.75 32.8058
      vertex 56.6828 -0.75 30.5673
    endloop
  endfacet
  facet normal 0 1 0
    outer loop
      vertex 55.6517 -0.75 32.8517
      vertex 54.984 -0.75 30.6507
      vertex 54.6606 -0.75 30.7664
    endloop
  endfacet
  facet normal 0 1 0
    outer loop
      vertex 56.1176 -0.75 32.8058
      vertex 56.3431 -0.75 30.5169
      vertex 56 -0.75 32.8
    endloop
  endfacet
  facet normal 0 1 0
    outer loop
      vertex 55.7659 -0.75 32.8231
      vertex 55.3172 -0.75 30.5673
      vertex 54.984 -0.75 30.6507
    endloop
  endfacet
  facet normal 0 1 0
    outer loop
      vertex 56 -0.75 30.5
      vertex 56 -0.75 32.8
      vertex 56.3431 -0.75 30.5169
    endloop
  endfacet
  facet normal 0 1 0
    outer loop
      vertex 55.8824 -0.75 32.8058
      vertex 55.6569 -0.75 30.5169
      vertex 55.3172 -0.75 30.5673
    endloop
  endfacet
  facet normal 0 1 0
    outer loop
      vertex 56 -0.75 32.8
      vertex 56 -0.75 30.5
      vertex 55.6569 -0.75 30.5169
    endloop
  endfacet
  facet normal 1 -0 0
    outer loop
      vertex 70 -6.75 38
      vertex 70 -0.75 0
      vertex 70 -0.75 38
    endloop
  endfacet
  facet normal 1 0 0
    outer loop
      vertex 70 -0.75 0
      vertex 70 -6.75 38
      vertex 70 -6.75 0
    endloop
  endfacet
  facet normal 0 0 -1
    outer loop
      vertex 27.3969 -6.75 0
      vertex 70 -0.75 0
      vertex 70 -6.75 0
    endloop
  endfacet
  facet normal 0 0 -1
    outer loop
      vertex 23.2058 -7.0394 0
      vertex 27.0336 -8.20053 0
      vertex 26.0996 -10.8108 0
    endloop
  endfacet
  facet normal 0 0 -1
    outer loop
      vertex 22.4041 -9.28006 0
      vertex 26.0996 -10.8108 0
      vertex 24.9143 -13.317 0
    endloop
  endfacet
  facet normal 0 0 -1
    outer loop
      vertex 27.3969 -6.75 0
      vertex 24.2132 -0.75 0
      vertex 70 -0.75 0
    endloop
  endfacet
  facet normal 0 -0 -1
    outer loop
      vertex 23.2058 -7.0394 0
      vertex 26.0996 -10.8108 0
      vertex 22.4041 -9.28006 0
    endloop
  endfacet
  facet normal 0 0 -1
    outer loop
      vertex 27.3969 -6.75 0
      vertex 24.1332 -2.37691 0
      vertex 24.2132 -0.75 0
    endloop
  endfacet
  facet normal 0 0 -1
    outer loop
      vertex 27.3969 -6.75 0
      vertex 23.784 -4.73093 0
      vertex 24.1332 -2.37691 0
    endloop
  endfacet
  facet normal 0 0 -1
    outer loop
      vertex 21.3866 -11.4314 0
      vertex 24.9143 -13.317 0
      vertex 23.489 -15.6949 0
    endloop
  endfacet
  facet normal -0 0 -1
    outer loop
      vertex 27.3969 -6.75 0
      vertex 23.2058 -7.0394 0
      vertex 23.784 -4.73093 0
    endloop
  endfacet
  facet normal 0 0 -1
    outer loop
      vertex 27.0336 -8.20053 0
      vertex 23.2058 -7.0394 0
      vertex 27.3969 -6.75 0
    endloop
  endfacet
  facet normal 0 0 -1
    outer loop
      vertex 20.1631 -13.4726 0
      vertex 23.489 -15.6949 0
      vertex 21.8375 -17.9216 0
    endloop
  endfacet
  facet normal 0 0 -1
    outer loop
      vertex 24.9143 -13.317 0
      vertex 21.3866 -11.4314 0
      vertex 22.4041 -9.28006 0
    endloop
  endfacet
  facet normal 0 0 -1
    outer loop
      vertex 23.489 -15.6949 0
      vertex 20.1631 -13.4726 0
      vertex 21.3866 -11.4314 0
    endloop
  endfacet
  facet normal 0 0 -1
    outer loop
      vertex 18.7455 -15.384 0
      vertex 21.8375 -17.9216 0
      vertex 19.9758 -19.9758 0
    endloop
  endfacet
  facet normal 0 0 -1
    outer loop
      vertex 21.8375 -17.9216 0
      vertex 18.7455 -15.384 0
      vertex 20.1631 -13.4726 0
    endloop
  endfacet
  facet normal 0 0 -1
    outer loop
      vertex 17.1473 -17.1473 0
      vertex 19.9758 -19.9758 0
      vertex 17.9216 -21.8375 0
    endloop
  endfacet
  facet normal 0 0 -1
    outer loop
      vertex 19.9758 -19.9758 0
      vertex 17.1473 -17.1473 0
      vertex 18.7455 -15.384 0
    endloop
  endfacet
  facet normal 0 0 -1
    outer loop
      vertex 15.384 -18.7455 0
      vertex 17.9216 -21.8375 0
      vertex 15.6949 -23.489 0
    endloop
  endfacet
  facet normal 0 0 -1
    outer loop
      vertex 17.9216 -21.8375 0
      vertex 15.384 -18.7455 0
      vertex 17.1473 -17.1473 0
    endloop
  endfacet
  facet normal 0 0 -1
    outer loop
      vertex 15.6949 -23.489 0
      vertex 13.4726 -20.1631 0
      vertex 15.384 -18.7455 0
    endloop
  endfacet
  facet normal 0 0 -1
    outer loop
      vertex 13.317 -24.9143 0
      vertex 13.4726 -20.1631 0
      vertex 15.6949 -23.489 0
    endloop
  endfacet
  facet normal 0 0 -1
    outer loop
      vertex 13.317 -24.9143 0
      vertex 11.4314 -21.3866 0
      vertex 13.4726 -20.1631 0
    endloop
  endfacet
  facet normal 0 0 -1
    outer loop
      vertex 10.8108 -26.0996 0
      vertex 11.4314 -21.3866 0
      vertex 13.317 -24.9143 0
    endloop
  endfacet
  facet normal 0 0 -1
    outer loop
      vertex 10.8108 -26.0996 0
      vertex 9.28006 -22.4041 0
      vertex 11.4314 -21.3866 0
    endloop
  endfacet
  facet normal 0 0 -1
    outer loop
      vertex 8.20053 -27.0336 0
      vertex 9.28006 -22.4041 0
      vertex 10.8108 -26.0996 0
    endloop
  endfacet
  facet normal 0 0 -1
    outer loop
      vertex 8.20053 -27.0336 0
      vertex 7.0394 -23.2058 0
      vertex 9.28006 -22.4041 0
    endloop
  endfacet
  facet normal 0 0 -1
    outer loop
      vertex 5.51129 -27.7072 0
      vertex 7.0394 -23.2058 0
      vertex 8.20053 -27.0336 0
    endloop
  endfacet
  facet normal 0 0 -1
    outer loop
      vertex 5.51129 -27.7072 0
      vertex 4.73093 -23.784 0
      vertex 7.0394 -23.2058 0
    endloop
  endfacet
  facet normal 0 0 -1
    outer loop
      vertex 2.76898 -28.114 0
      vertex 4.73093 -23.784 0
      vertex 5.51129 -27.7072 0
    endloop
  endfacet
  facet normal 0 0 -1
    outer loop
      vertex 2.76898 -28.114 0
      vertex 2.37691 -24.1332 0
      vertex 4.73093 -23.784 0
    endloop
  endfacet
  facet normal 0 0 -1
    outer loop
      vertex 0 -28.25 0
      vertex 2.37691 -24.1332 0
      vertex 2.76898 -28.114 0
    endloop
  endfacet
  facet normal 0 0 -1
    outer loop
      vertex 0 -28.25 0
      vertex 0 -24.25 0
      vertex 2.37691 -24.1332 0
    endloop
  endfacet
  facet normal 0 0 -1
    outer loop
      vertex 0 -28.25 0
      vertex -2.37691 -24.1332 0
      vertex 0 -24.25 0
    endloop
  endfacet
  facet normal 0 0 -1
    outer loop
      vertex -2.76898 -28.114 0
      vertex -2.37691 -24.1332 0
      vertex 0 -28.25 0
    endloop
  endfacet
  facet normal 0 0 -1
    outer loop
      vertex -2.76898 -28.114 0
      vertex -4.73093 -23.784 0
      vertex -2.37691 -24.1332 0
    endloop
  endfacet
  facet normal 0 0 -1
    outer loop
      vertex -5.51129 -27.7072 0
      vertex -4.73093 -23.784 0
      vertex -2.76898 -28.114 0
    endloop
  endfacet
  facet normal 0 0 -1
    outer loop
      vertex -5.51129 -27.7072 0
      vertex -7.0394 -23.2058 0
      vertex -4.73093 -23.784 0
    endloop
  endfacet
  facet normal 0 0 -1
    outer loop
      vertex -8.20053 -27.0336 0
      vertex -7.0394 -23.2058 0
      vertex -5.51129 -27.7072 0
    endloop
  endfacet
  facet normal 0 0 -1
    outer loop
      vertex -8.20053 -27.0336 0
      vertex -9.28006 -22.4041 0
      vertex -7.0394 -23.2058 0
    endloop
  endfacet
  facet normal 0 0 -1
    outer loop
      vertex -10.8108 -26.0996 0
      vertex -9.28006 -22.4041 0
      vertex -8.20053 -27.0336 0
    endloop
  endfacet
  facet normal 0 0 -1
    outer loop
      vertex -10.8108 -26.0996 0
      vertex -11.4314 -21.3866 0
      vertex -9.28006 -22.4041 0
    endloop
  endfacet
  facet normal 0 0 -1
    outer loop
      vertex -13.317 -24.9143 0
      vertex -11.4314 -21.3866 0
      vertex -10.8108 -26.0996 0
    endloop
  endfacet
  facet normal 0 0 -1
    outer loop
      vertex -13.317 -24.9143 0
      vertex -13.4726 -20.1631 0
      vertex -11.4314 -21.3866 0
    endloop
  endfacet
  facet normal 0 0 -1
    outer loop
      vertex -15.6949 -23.489 0
      vertex -13.4726 -20.1631 0
      vertex -13.317 -24.9143 0
    endloop
  endfacet
  facet normal -0 0 -1
    outer loop
      vertex -13.4726 -20.1631 0
      vertex -15.6949 -23.489 0
      vertex -15.384 -18.7455 0
    endloop
  endfacet
  facet normal 0 0 -1
    outer loop
      vertex -17.9216 -21.8375 0
      vertex -15.384 -18.7455 0
      vertex -15.6949 -23.489 0
    endloop
  endfacet
  facet normal -0 0 -1
    outer loop
      vertex -15.384 -18.7455 0
      vertex -17.9216 -21.8375 0
      vertex -17.1473 -17.1473 0
    endloop
  endfacet
  facet normal 0 0 -1
    outer loop
      vertex -19.9758 -19.9758 0
      vertex -17.1473 -17.1473 0
      vertex -17.9216 -21.8375 0
    endloop
  endfacet
  facet normal -0 0 -1
    outer loop
      vertex -17.1473 -17.1473 0
      vertex -19.9758 -19.9758 0
      vertex -18.7455 -15.384 0
    endloop
  endfacet
  facet normal 0 0 -1
    outer loop
      vertex -21.8375 -17.9216 0
      vertex -18.7455 -15.384 0
      vertex -19.9758 -19.9758 0
    endloop
  endfacet
  facet normal -0 0 -1
    outer loop
      vertex -18.7455 -15.384 0
      vertex -21.8375 -17.9216 0
      vertex -20.1631 -13.4726 0
    endloop
  endfacet
  facet normal 0 0 -1
    outer loop
      vertex -23.489 -15.6949 0
      vertex -20.1631 -13.4726 0
      vertex -21.8375 -17.9216 0
    endloop
  endfacet
  facet normal -0 0 -1
    outer loop
      vertex -20.1631 -13.4726 0
      vertex -23.489 -15.6949 0
      vertex -21.3866 -11.4314 0
    endloop
  endfacet
  facet normal 0 0 -1
    outer loop
      vertex -24.9143 -13.317 0
      vertex -21.3866 -11.4314 0
      vertex -23.489 -15.6949 0
    endloop
  endfacet
  facet normal -0 0 -1
    outer loop
      vertex -21.3866 -11.4314 0
      vertex -24.9143 -13.317 0
      vertex -22.4041 -9.28006 0
    endloop
  endfacet
  facet normal 0 0 -1
    outer loop
      vertex -26.0996 -10.8108 0
      vertex -22.4041 -9.28006 0
      vertex -24.9143 -13.317 0
    endloop
  endfacet
  facet normal -0 0 -1
    outer loop
      vertex -22.4041 -9.28006 0
      vertex -26.0996 -10.8108 0
      vertex -23.2058 -7.0394 0
    endloop
  endfacet
  facet normal 0 0 -1
    outer loop
      vertex -27.0336 -8.20053 0
      vertex -23.2058 -7.0394 0
      vertex -26.0996 -10.8108 0
    endloop
  endfacet
  facet normal 0 0 -1
    outer loop
      vertex -27.3969 -6.75 0
      vertex -23.2058 -7.0394 0
      vertex -27.0336 -8.20053 0
    endloop
  endfacet
  facet normal 0 0 -1
    outer loop
      vertex -23.2058 -7.0394 0
      vertex -27.3969 -6.75 0
      vertex -23.784 -4.73093 0
    endloop
  endfacet
  facet normal -0 0 -1
    outer loop
      vertex -23.784 -4.73093 0
      vertex -27.3969 -6.75 0
      vertex -24.1332 -2.37691 0
    endloop
  endfacet
  facet normal -0 0 -1
    outer loop
      vertex -24.1332 -2.37691 0
      vertex -27.3969 -6.75 0
      vertex -24.2132 -0.75 0
    endloop
  endfacet
  facet normal 0 0 -1
    outer loop
      vertex -40.24 -0.75 0
      vertex -27.3969 -6.75 0
      vertex -40.24 -6.75 0
    endloop
  endfacet
  facet normal 0 0 -1
    outer loop
      vertex -27.3969 -6.75 0
      vertex -40.24 -0.75 0
      vertex -24.2132 -0.75 0
    endloop
  endfacet
  facet normal 0 -1 0
    outer loop
      vertex 42 -6.75 38
      vertex 54.8453 -6.75 36
      vertex 70 -6.75 38
    endloop
  endfacet
  facet normal 0 -1 0
    outer loop
      vertex 42 -6.75 38
      vertex 53.6906 -6.75 34
      vertex 54.8453 -6.75 36
    endloop
  endfacet
  facet normal 0 -1 0
    outer loop
      vertex 42 -6.75 27
      vertex 53.6906 -6.75 34
      vertex 42 -6.75 38
    endloop
  endfacet
  facet normal 0 -1 0
    outer loop
      vertex 47.1547 -6.75 6
      vertex 54.8453 -6.75 32
      vertex 42 -6.75 27
    endloop
  endfacet
  facet normal 0 -1 -0
    outer loop
      vertex 53.6906 -6.75 34
      vertex 42 -6.75 27
      vertex 54.8453 -6.75 32
    endloop
  endfacet
  facet normal 0 -1 0
    outer loop
      vertex 57.1547 -6.75 36
      vertex 70 -6.75 38
      vertex 54.8453 -6.75 36
    endloop
  endfacet
  facet normal 0 -1 0
    outer loop
      vertex 58.3094 -6.75 34
      vertex 70 -6.75 38
      vertex 57.1547 -6.75 36
    endloop
  endfacet
  facet normal 0 -1 0
    outer loop
      vertex 57.1547 -6.75 32
      vertex 70 -6.75 38
      vertex 58.3094 -6.75 34
    endloop
  endfacet
  facet normal 0 -1 0
    outer loop
      vertex 34.6076 -6.75 17.2319
      vertex 42 -6.75 27
      vertex 34.24 -6.75 17.25
    endloop
  endfacet
  facet normal 0 -1 0
    outer loop
      vertex 34.9716 -6.75 17.1779
      vertex 42 -6.75 27
      vertex 34.6076 -6.75 17.2319
    endloop
  endfacet
  facet normal 0 -1 0
    outer loop
      vertex 35.3286 -6.75 17.0885
      vertex 42 -6.75 27
      vertex 34.9716 -6.75 17.1779
    endloop
  endfacet
  facet normal 0 -1 0
    outer loop
      vertex 35.6751 -6.75 16.9646
      vertex 42 -6.75 27
      vertex 35.3286 -6.75 17.0885
    endloop
  endfacet
  facet normal 0 -1 0
    outer loop
      vertex 36.0078 -6.75 16.8072
      vertex 42 -6.75 27
      vertex 35.6751 -6.75 16.9646
    endloop
  endfacet
  facet normal 0 -1 0
    outer loop
      vertex 36.3234 -6.75 16.618
      vertex 42 -6.75 27
      vertex 36.0078 -6.75 16.8072
    endloop
  endfacet
  facet normal 0 -1 0
    outer loop
      vertex 36.619 -6.75 16.3988
      vertex 42 -6.75 27
      vertex 36.3234 -6.75 16.618
    endloop
  endfacet
  facet normal 0 -1 0
    outer loop
      vertex 36.8917 -6.75 16.1517
      vertex 42 -6.75 27
      vertex 36.619 -6.75 16.3988
    endloop
  endfacet
  facet normal 0 -1 0
    outer loop
      vertex 37.1388 -6.75 15.879
      vertex 42 -6.75 27
      vertex 36.8917 -6.75 16.1517
    endloop
  endfacet
  facet normal 0 -1 0
    outer loop
      vertex 37.3581 -6.75 15.5834
      vertex 42 -6.75 27
      vertex 37.1388 -6.75 15.879
    endloop
  endfacet
  facet normal 0 -1 0
    outer loop
      vertex 37.5472 -6.75 15.2677
      vertex 42 -6.75 27
      vertex 37.3581 -6.75 15.5834
    endloop
  endfacet
  facet normal 0 -1 0
    outer loop
      vertex 37.7046 -6.75 14.9351
      vertex 42 -6.75 27
      vertex 37.5472 -6.75 15.2677
    endloop
  endfacet
  facet normal 0 -1 0
    outer loop
      vertex 37.8286 -6.75 14.5886
      vertex 42 -6.75 27
      vertex 37.7046 -6.75 14.9351
    endloop
  endfacet
  facet normal 0 -1 -0
    outer loop
      vertex 54.8453 -6.75 32
      vertex 47.1547 -6.75 6
      vertex 57.1547 -6.75 32
    endloop
  endfacet
  facet normal 0 -1 -0
    outer loop
      vertex 42 -6.75 27
      vertex 37.8286 -6.75 14.5886
      vertex 47.1547 -6.75 6
    endloop
  endfacet
  facet normal 0 -1 0
    outer loop
      vertex 47.1547 -6.75 6
      vertex 37.8286 -6.75 14.5886
      vertex 37.918 -6.75 14.2316
    endloop
  endfacet
  facet normal 0 -1 0
    outer loop
      vertex 47.1547 -6.75 6
      vertex 37.918 -6.75 14.2316
      vertex 37.972 -6.75 13.8676
    endloop
  endfacet
  facet normal 0 -1 0
    outer loop
      vertex 47.1547 -6.75 6
      vertex 37.972 -6.75 13.8676
      vertex 37.99 -6.75 13.5
    endloop
  endfacet
  facet normal 0 -1 0
    outer loop
      vertex 44.8453 -6.75 6
      vertex 37.99 -6.75 13.5
      vertex 37.972 -6.75 13.1324
    endloop
  endfacet
  facet normal 0 -1 0
    outer loop
      vertex 44.8453 -6.75 6
      vertex 37.972 -6.75 13.1324
      vertex 37.918 -6.75 12.7684
    endloop
  endfacet
  facet normal 0 -1 0
    outer loop
      vertex 44.8453 -6.75 6
      vertex 37.918 -6.75 12.7684
      vertex 37.8286 -6.75 12.4114
    endloop
  endfacet
  facet normal 0 -1 0
    outer loop
      vertex 44.8453 -6.75 6
      vertex 37.8286 -6.75 12.4114
      vertex 37.7046 -6.75 12.0649
    endloop
  endfacet
  facet normal 0 -1 0
    outer loop
      vertex 44.8453 -6.75 6
      vertex 37.7046 -6.75 12.0649
      vertex 37.5472 -6.75 11.7323
    endloop
  endfacet
  facet normal 0 -1 0
    outer loop
      vertex 44.8453 -6.75 6
      vertex 37.5472 -6.75 11.7323
      vertex 37.3581 -6.75 11.4166
    endloop
  endfacet
  facet normal 0 -1 0
    outer loop
      vertex 44.8453 -6.75 6
      vertex 37.3581 -6.75 11.4166
      vertex 37.1388 -6.75 11.121
    endloop
  endfacet
  facet normal 0 -1 0
    outer loop
      vertex 44.8453 -6.75 6
      vertex 37.1388 -6.75 11.121
      vertex 36.8917 -6.75 10.8483
    endloop
  endfacet
  facet normal 0 -1 0
    outer loop
      vertex 43.6906 -6.75 4
      vertex 36.8917 -6.75 10.8483
      vertex 36.619 -6.75 10.6012
    endloop
  endfacet
  facet normal 0 -1 0
    outer loop
      vertex 27.3969 -6.75 0
      vertex 34.6076 -6.75 9.76806
      vertex 34.24 -6.75 9.75
    endloop
  endfacet
  facet normal 0 -1 0
    outer loop
      vertex 43.6906 -6.75 4
      vertex 34.9716 -6.75 9.82206
      vertex 34.6076 -6.75 9.76806
    endloop
  endfacet
  facet normal 0 -1 0
    outer loop
      vertex 43.6906 -6.75 4
      vertex 35.3286 -6.75 9.91147
      vertex 34.9716 -6.75 9.82206
    endloop
  endfacet
  facet normal 0 -1 0
    outer loop
      vertex 43.6906 -6.75 4
      vertex 35.6751 -6.75 10.0355
      vertex 35.3286 -6.75 9.91147
    endloop
  endfacet
  facet normal 0 -1 0
    outer loop
      vertex 43.6906 -6.75 4
      vertex 36.0078 -6.75 10.1928
      vertex 35.6751 -6.75 10.0355
    endloop
  endfacet
  facet normal 0 -1 0
    outer loop
      vertex 43.6906 -6.75 4
      vertex 36.3234 -6.75 10.382
      vertex 36.0078 -6.75 10.1928
    endloop
  endfacet
  facet normal 0 -1 0
    outer loop
      vertex 43.6906 -6.75 4
      vertex 36.619 -6.75 10.6012
      vertex 36.3234 -6.75 10.382
    endloop
  endfacet
  facet normal 0 -1 0
    outer loop
      vertex 37.99 -6.75 13.5
      vertex 44.8453 -6.75 6
      vertex 47.1547 -6.75 6
    endloop
  endfacet
  facet normal 0 -1 0
    outer loop
      vertex 64.8453 -6.75 6
      vertex 57.1547 -6.75 32
      vertex 47.1547 -6.75 6
    endloop
  endfacet
  facet normal 0 -1 0
    outer loop
      vertex 67.1547 -6.75 6
      vertex 57.1547 -6.75 32
      vertex 64.8453 -6.75 6
    endloop
  endfacet
  facet normal 0 -1 0
    outer loop
      vertex 57.1547 -6.75 32
      vertex 67.1547 -6.75 6
      vertex 70 -6.75 38
    endloop
  endfacet
  facet normal 0 -1 0
    outer loop
      vertex 68.3094 -6.75 4
      vertex 70 -6.75 38
      vertex 67.1547 -6.75 6
    endloop
  endfacet
  facet normal 0 -1 0
    outer loop
      vertex 68.3094 -6.75 4
      vertex 70 -6.75 0
      vertex 70 -6.75 38
    endloop
  endfacet
  facet normal 0 -1 0
    outer loop
      vertex 67.1547 -6.75 2
      vertex 70 -6.75 0
      vertex 68.3094 -6.75 4
    endloop
  endfacet
  facet normal 0 -1 0
    outer loop
      vertex 64.8453 -6.75 2
      vertex 70 -6.75 0
      vertex 67.1547 -6.75 2
    endloop
  endfacet
  facet normal 0 -1 0
    outer loop
      vertex 48.3094 -6.75 4
      vertex 64.8453 -6.75 6
      vertex 47.1547 -6.75 6
    endloop
  endfacet
  facet normal 0 -1 0
    outer loop
      vertex 48.3094 -6.75 4
      vertex 63.6906 -6.75 4
      vertex 64.8453 -6.75 6
    endloop
  endfacet
  facet normal 0 -1 0
    outer loop
      vertex 47.1547 -6.75 2
      vertex 63.6906 -6.75 4
      vertex 48.3094 -6.75 4
    endloop
  endfacet
  facet normal 0 -1 -0
    outer loop
      vertex 63.6906 -6.75 4
      vertex 47.1547 -6.75 2
      vertex 64.8453 -6.75 2
    endloop
  endfacet
  facet normal 0 -1 0
    outer loop
      vertex 27.3969 -6.75 27
      vertex 34.24 -6.75 17.25
      vertex 42 -6.75 27
    endloop
  endfacet
  facet normal 0 -1 0
    outer loop
      vertex 27.3969 -6.75 27
      vertex 33.8725 -6.75 17.2319
      vertex 34.24 -6.75 17.25
    endloop
  endfacet
  facet normal 0 -1 0
    outer loop
      vertex 27.3969 -6.75 27
      vertex 33.5085 -6.75 17.1779
      vertex 33.8725 -6.75 17.2319
    endloop
  endfacet
  facet normal 0 -1 0
    outer loop
      vertex 27.3969 -6.75 27
      vertex 33.1515 -6.75 17.0885
      vertex 33.5085 -6.75 17.1779
    endloop
  endfacet
  facet normal 0 -1 0
    outer loop
      vertex 27.3969 -6.75 27
      vertex 32.805 -6.75 16.9646
      vertex 33.1515 -6.75 17.0885
    endloop
  endfacet
  facet normal 0 -1 0
    outer loop
      vertex 27.3969 -6.75 27
      vertex 32.4723 -6.75 16.8072
      vertex 32.805 -6.75 16.9646
    endloop
  endfacet
  facet normal 0 -1 0
    outer loop
      vertex 27.3969 -6.75 27
      vertex 32.1567 -6.75 16.618
      vertex 32.4723 -6.75 16.8072
    endloop
  endfacet
  facet normal 0 -1 0
    outer loop
      vertex 27.3969 -6.75 27
      vertex 31.8611 -6.75 16.3988
      vertex 32.1567 -6.75 16.618
    endloop
  endfacet
  facet normal 0 -1 0
    outer loop
      vertex 27.3969 -6.75 27
      vertex 31.5884 -6.75 16.1517
      vertex 31.8611 -6.75 16.3988
    endloop
  endfacet
  facet normal 0 -1 0
    outer loop
      vertex 27.3969 -6.75 27
      vertex 31.3413 -6.75 15.879
      vertex 31.5884 -6.75 16.1517
    endloop
  endfacet
  facet normal 0 -1 0
    outer loop
      vertex 27.3969 -6.75 27
      vertex 31.122 -6.75 15.5834
      vertex 31.3413 -6.75 15.879
    endloop
  endfacet
  facet normal 0 -1 0
    outer loop
      vertex 27.3969 -6.75 27
      vertex 30.9328 -6.75 15.2677
      vertex 31.122 -6.75 15.5834
    endloop
  endfacet
  facet normal 0 -1 0
    outer loop
      vertex 27.3969 -6.75 27
      vertex 30.7755 -6.75 14.9351
      vertex 30.9328 -6.75 15.2677
    endloop
  endfacet
  facet normal 0 -1 0
    outer loop
      vertex 27.3969 -6.75 27
      vertex 30.6515 -6.75 14.5886
      vertex 30.7755 -6.75 14.9351
    endloop
  endfacet
  facet normal 0 -1 0
    outer loop
      vertex 27.3969 -6.75 27
      vertex 30.5621 -6.75 14.2316
      vertex 30.6515 -6.75 14.5886
    endloop
  endfacet
  facet normal 0 -1 0
    outer loop
      vertex 27.3969 -6.75 27
      vertex 30.5081 -6.75 13.8676
      vertex 30.5621 -6.75 14.2316
    endloop
  endfacet
  facet normal 0 -1 0
    outer loop
      vertex 27.3969 -6.75 27
      vertex 30.49 -6.75 13.5
      vertex 30.5081 -6.75 13.8676
    endloop
  endfacet
  facet normal 0 -1 0
    outer loop
      vertex 27.3969 -6.75 0
      vertex 30.49 -6.75 13.5
      vertex 27.3969 -6.75 27
    endloop
  endfacet
  facet normal 0 -1 -0
    outer loop
      vertex 30.49 -6.75 13.5
      vertex 27.3969 -6.75 0
      vertex 30.5081 -6.75 13.1324
    endloop
  endfacet
  facet normal 0 -1 0
    outer loop
      vertex 27.3969 -6.75 0
      vertex 34.24 -6.75 9.75
      vertex 33.8725 -6.75 9.76806
    endloop
  endfacet
  facet normal 0 -1 0
    outer loop
      vertex 27.3969 -6.75 0
      vertex 33.8725 -6.75 9.76806
      vertex 33.5085 -6.75 9.82206
    endloop
  endfacet
  facet normal 0 -1 0
    outer loop
      vertex 27.3969 -6.75 0
      vertex 33.5085 -6.75 9.82206
      vertex 33.1515 -6.75 9.91147
    endloop
  endfacet
  facet normal 0 -1 0
    outer loop
      vertex 36.8917 -6.75 10.8483
      vertex 43.6906 -6.75 4
      vertex 44.8453 -6.75 6
    endloop
  endfacet
  facet normal 0 -1 0
    outer loop
      vertex 27.3969 -6.75 0
      vertex 33.1515 -6.75 9.91147
      vertex 32.805 -6.75 10.0355
    endloop
  endfacet
  facet normal 0 -1 0
    outer loop
      vertex 27.3969 -6.75 0
      vertex 32.805 -6.75 10.0355
      vertex 32.4723 -6.75 10.1928
    endloop
  endfacet
  facet normal 0 -1 -0
    outer loop
      vertex 34.6076 -6.75 9.76806
      vertex 27.3969 -6.75 0
      vertex 43.6906 -6.75 4
    endloop
  endfacet
  facet normal 0 -1 0
    outer loop
      vertex 27.3969 -6.75 0
      vertex 32.4723 -6.75 10.1928
      vertex 32.1567 -6.75 10.382
    endloop
  endfacet
  facet normal 0 -1 0
    outer loop
      vertex 27.3969 -6.75 0
      vertex 47.1547 -6.75 2
      vertex 44.8453 -6.75 2
    endloop
  endfacet
  facet normal 0 -1 0
    outer loop
      vertex 70 -6.75 0
      vertex 47.1547 -6.75 2
      vertex 27.3969 -6.75 0
    endloop
  endfacet
  facet normal 0 -1 0
    outer loop
      vertex 47.1547 -6.75 2
      vertex 70 -6.75 0
      vertex 64.8453 -6.75 2
    endloop
  endfacet
  facet normal 0 -1 -0
    outer loop
      vertex 43.6906 -6.75 4
      vertex 27.3969 -6.75 0
      vertex 44.8453 -6.75 2
    endloop
  endfacet
  facet normal 0 -1 -0
    outer loop
      vertex 31.8611 -6.75 10.6012
      vertex 27.3969 -6.75 0
      vertex 32.1567 -6.75 10.382
    endloop
  endfacet
  facet normal 0 -1 -0
    outer loop
      vertex 31.5884 -6.75 10.8483
      vertex 27.3969 -6.75 0
      vertex 31.8611 -6.75 10.6012
    endloop
  endfacet
  facet normal 0 -1 -0
    outer loop
      vertex 31.3413 -6.75 11.121
      vertex 27.3969 -6.75 0
      vertex 31.5884 -6.75 10.8483
    endloop
  endfacet
  facet normal 0 -1 -0
    outer loop
      vertex 31.122 -6.75 11.4166
      vertex 27.3969 -6.75 0
      vertex 31.3413 -6.75 11.121
    endloop
  endfacet
  facet normal 0 -1 -0
    outer loop
      vertex 30.9328 -6.75 11.7323
      vertex 27.3969 -6.75 0
      vertex 31.122 -6.75 11.4166
    endloop
  endfacet
  facet normal 0 -1 -0
    outer loop
      vertex 30.7755 -6.75 12.0649
      vertex 27.3969 -6.75 0
      vertex 30.9328 -6.75 11.7323
    endloop
  endfacet
  facet normal 0 -1 -0
    outer loop
      vertex 30.6515 -6.75 12.4114
      vertex 27.3969 -6.75 0
      vertex 30.7755 -6.75 12.0649
    endloop
  endfacet
  facet normal 0 -1 -0
    outer loop
      vertex 30.5621 -6.75 12.7684
      vertex 27.3969 -6.75 0
      vertex 30.6515 -6.75 12.4114
    endloop
  endfacet
  facet normal 0 -1 -0
    outer loop
      vertex 30.5081 -6.75 13.1324
      vertex 27.3969 -6.75 0
      vertex 30.5621 -6.75 12.7684
    endloop
  endfacet
  facet normal -0 0 1
    outer loop
      vertex 42 -0.75 38
      vertex 70 -6.75 38
      vertex 70 -0.75 38
    endloop
  endfacet
  facet normal 0 0 1
    outer loop
      vertex 70 -6.75 38
      vertex 42 -0.75 38
      vertex 42 -6.75 38
    endloop
  endfacet
  facet normal 0 0 1
    outer loop
      vertex 42 -0.75 27
      vertex 27.3969 -6.75 27
      vertex 42 -6.75 27
    endloop
  endfacet
  facet normal -0 0 1
    outer loop
      vertex 23.2058 -7.0394 27
      vertex 27.0336 -8.20053 27
      vertex 27.3969 -6.75 27
    endloop
  endfacet
  facet normal 0 0 1
    outer loop
      vertex 27.0336 -8.20053 27
      vertex 23.2058 -7.0394 27
      vertex 26.0996 -10.8108 27
    endloop
  endfacet
  facet normal -0 0 1
    outer loop
      vertex 24.2132 -0.75 27
      vertex 27.3969 -6.75 27
      vertex 42 -0.75 27
    endloop
  endfacet
  facet normal -0 0 1
    outer loop
      vertex 24.1332 -2.37691 27
      vertex 27.3969 -6.75 27
      vertex 24.2132 -0.75 27
    endloop
  endfacet
  facet normal -0 0 1
    outer loop
      vertex 23.784 -4.73093 27
      vertex 27.3969 -6.75 27
      vertex 24.1332 -2.37691 27
    endloop
  endfacet
  facet normal 0 0 1
    outer loop
      vertex 23.2058 -7.0394 27
      vertex 27.3969 -6.75 27
      vertex 23.784 -4.73093 27
    endloop
  endfacet
  facet normal 0 0 1
    outer loop
      vertex 26.0996 -10.8108 27
      vertex 23.2058 -7.0394 27
      vertex 22.4041 -9.28006 27
    endloop
  endfacet
  facet normal 0 0 1
    outer loop
      vertex 26.0996 -10.8108 27
      vertex 22.4041 -9.28006 27
      vertex 24.9143 -13.317 27
    endloop
  endfacet
  facet normal -0 0 1
    outer loop
      vertex 21.3866 -11.4314 27
      vertex 24.9143 -13.317 27
      vertex 22.4041 -9.28006 27
    endloop
  endfacet
  facet normal 0 0 1
    outer loop
      vertex 24.9143 -13.317 27
      vertex 21.3866 -11.4314 27
      vertex 23.489 -15.6949 27
    endloop
  endfacet
  facet normal -0 0 1
    outer loop
      vertex 20.1631 -13.4726 27
      vertex 23.489 -15.6949 27
      vertex 21.3866 -11.4314 27
    endloop
  endfacet
  facet normal 0 0 1
    outer loop
      vertex 23.489 -15.6949 27
      vertex 20.1631 -13.4726 27
      vertex 21.8375 -17.9216 27
    endloop
  endfacet
  facet normal -0 0 1
    outer loop
      vertex 18.7455 -15.384 27
      vertex 21.8375 -17.9216 27
      vertex 20.1631 -13.4726 27
    endloop
  endfacet
  facet normal 0 0 1
    outer loop
      vertex 21.8375 -17.9216 27
      vertex 18.7455 -15.384 27
      vertex 19.9758 -19.9758 27
    endloop
  endfacet
  facet normal -0 0 1
    outer loop
      vertex 17.1473 -17.1473 27
      vertex 19.9758 -19.9758 27
      vertex 18.7455 -15.384 27
    endloop
  endfacet
  facet normal 0 0 1
    outer loop
      vertex 19.9758 -19.9758 27
      vertex 17.1473 -17.1473 27
      vertex 17.9216 -21.8375 27
    endloop
  endfacet
  facet normal -0 0 1
    outer loop
      vertex 15.384 -18.7455 27
      vertex 17.9216 -21.8375 27
      vertex 17.1473 -17.1473 27
    endloop
  endfacet
  facet normal 0 0 1
    outer loop
      vertex 17.9216 -21.8375 27
      vertex 15.384 -18.7455 27
      vertex 15.6949 -23.489 27
    endloop
  endfacet
  facet normal -0 0 1
    outer loop
      vertex 13.4726 -20.1631 27
      vertex 15.6949 -23.489 27
      vertex 15.384 -18.7455 27
    endloop
  endfacet
  facet normal 0 0 1
    outer loop
      vertex 13.4726 -20.1631 27
      vertex 13.317 -24.9143 27
      vertex 15.6949 -23.489 27
    endloop
  endfacet
  facet normal -0 0 1
    outer loop
      vertex 11.4314 -21.3866 27
      vertex 13.317 -24.9143 27
      vertex 13.4726 -20.1631 27
    endloop
  endfacet
  facet normal 0 0 1
    outer loop
      vertex 11.4314 -21.3866 27
      vertex 10.8108 -26.0996 27
      vertex 13.317 -24.9143 27
    endloop
  endfacet
  facet normal -0 0 1
    outer loop
      vertex 9.28006 -22.4041 27
      vertex 10.8108 -26.0996 27
      vertex 11.4314 -21.3866 27
    endloop
  endfacet
  facet normal 0 0 1
    outer loop
      vertex 9.28006 -22.4041 27
      vertex 8.20053 -27.0336 27
      vertex 10.8108 -26.0996 27
    endloop
  endfacet
  facet normal -0 0 1
    outer loop
      vertex 7.0394 -23.2058 27
      vertex 8.20053 -27.0336 27
      vertex 9.28006 -22.4041 27
    endloop
  endfacet
  facet normal 0 0 1
    outer loop
      vertex 7.0394 -23.2058 27
      vertex 5.51129 -27.7072 27
      vertex 8.20053 -27.0336 27
    endloop
  endfacet
  facet normal -0 0 1
    outer loop
      vertex 4.73093 -23.784 27
      vertex 5.51129 -27.7072 27
      vertex 7.0394 -23.2058 27
    endloop
  endfacet
  facet normal 0 0 1
    outer loop
      vertex 4.73093 -23.784 27
      vertex 2.76898 -28.114 27
      vertex 5.51129 -27.7072 27
    endloop
  endfacet
  facet normal -0 0 1
    outer loop
      vertex 2.37691 -24.1332 27
      vertex 2.76898 -28.114 27
      vertex 4.73093 -23.784 27
    endloop
  endfacet
  facet normal -0 0 1
    outer loop
      vertex 0 -24.25 27
      vertex 2.76898 -28.114 27
      vertex 2.37691 -24.1332 27
    endloop
  endfacet
  facet normal 0 0 1
    outer loop
      vertex 0 -24.25 27
      vertex 0 -28.25 27
      vertex 2.76898 -28.114 27
    endloop
  endfacet
  facet normal 0 0 1
    outer loop
      vertex -2.37691 -24.1332 27
      vertex 0 -28.25 27
      vertex 0 -24.25 27
    endloop
  endfacet
  facet normal 0 0 1
    outer loop
      vertex -2.37691 -24.1332 27
      vertex -2.76898 -28.114 27
      vertex 0 -28.25 27
    endloop
  endfacet
  facet normal 0 0 1
    outer loop
      vertex -4.73093 -23.784 27
      vertex -2.76898 -28.114 27
      vertex -2.37691 -24.1332 27
    endloop
  endfacet
  facet normal 0 0 1
    outer loop
      vertex -4.73093 -23.784 27
      vertex -5.51129 -27.7072 27
      vertex -2.76898 -28.114 27
    endloop
  endfacet
  facet normal 0 0 1
    outer loop
      vertex -7.0394 -23.2058 27
      vertex -5.51129 -27.7072 27
      vertex -4.73093 -23.784 27
    endloop
  endfacet
  facet normal 0 0 1
    outer loop
      vertex -7.0394 -23.2058 27
      vertex -8.20053 -27.0336 27
      vertex -5.51129 -27.7072 27
    endloop
  endfacet
  facet normal 0 0 1
    outer loop
      vertex -9.28006 -22.4041 27
      vertex -8.20053 -27.0336 27
      vertex -7.0394 -23.2058 27
    endloop
  endfacet
  facet normal 0 0 1
    outer loop
      vertex -9.28006 -22.4041 27
      vertex -10.8108 -26.0996 27
      vertex -8.20053 -27.0336 27
    endloop
  endfacet
  facet normal 0 0 1
    outer loop
      vertex -11.4314 -21.3866 27
      vertex -10.8108 -26.0996 27
      vertex -9.28006 -22.4041 27
    endloop
  endfacet
  facet normal 0 0 1
    outer loop
      vertex -11.4314 -21.3866 27
      vertex -13.317 -24.9143 27
      vertex -10.8108 -26.0996 27
    endloop
  endfacet
  facet normal 0 0 1
    outer loop
      vertex -13.4726 -20.1631 27
      vertex -13.317 -24.9143 27
      vertex -11.4314 -21.3866 27
    endloop
  endfacet
  facet normal 0 0 1
    outer loop
      vertex -15.6949 -23.489 27
      vertex -13.4726 -20.1631 27
      vertex -15.384 -18.7455 27
    endloop
  endfacet
  facet normal 0 0 1
    outer loop
      vertex -13.4726 -20.1631 27
      vertex -15.6949 -23.489 27
      vertex -13.317 -24.9143 27
    endloop
  endfacet
  facet normal 0 0 1
    outer loop
      vertex -17.9216 -21.8375 27
      vertex -15.384 -18.7455 27
      vertex -17.1473 -17.1473 27
    endloop
  endfacet
  facet normal 0 0 1
    outer loop
      vertex -15.384 -18.7455 27
      vertex -17.9216 -21.8375 27
      vertex -15.6949 -23.489 27
    endloop
  endfacet
  facet normal 0 0 1
    outer loop
      vertex -19.9758 -19.9758 27
      vertex -17.1473 -17.1473 27
      vertex -18.7455 -15.384 27
    endloop
  endfacet
  facet normal 0 0 1
    outer loop
      vertex -17.1473 -17.1473 27
      vertex -19.9758 -19.9758 27
      vertex -17.9216 -21.8375 27
    endloop
  endfacet
  facet normal 0 0 1
    outer loop
      vertex -21.8375 -17.9216 27
      vertex -18.7455 -15.384 27
      vertex -20.1631 -13.4726 27
    endloop
  endfacet
  facet normal 0 0 1
    outer loop
      vertex -23.489 -15.6949 27
      vertex -20.1631 -13.4726 27
      vertex -21.3866 -11.4314 27
    endloop
  endfacet
  facet normal 0 0 1
    outer loop
      vertex -18.7455 -15.384 27
      vertex -21.8375 -17.9216 27
      vertex -19.9758 -19.9758 27
    endloop
  endfacet
  facet normal 0 0 1
    outer loop
      vertex -24.9143 -13.317 27
      vertex -21.3866 -11.4314 27
      vertex -22.4041 -9.28006 27
    endloop
  endfacet
  facet normal 0 0 1
    outer loop
      vertex -26.0996 -10.8108 27
      vertex -22.4041 -9.28006 27
      vertex -23.2058 -7.0394 27
    endloop
  endfacet
  facet normal 0 0 1
    outer loop
      vertex -20.1631 -13.4726 27
      vertex -23.489 -15.6949 27
      vertex -21.8375 -17.9216 27
    endloop
  endfacet
  facet normal -0 0 1
    outer loop
      vertex -27.3969 -6.75 27
      vertex -23.2058 -7.0394 27
      vertex -23.784 -4.73093 27
    endloop
  endfacet
  facet normal 0 0 1
    outer loop
      vertex -27.3969 -6.75 27
      vertex -23.784 -4.73093 27
      vertex -24.1332 -2.37691 27
    endloop
  endfacet
  facet normal 0 0 1
    outer loop
      vertex -27.3969 -6.75 27
      vertex -24.1332 -2.37691 27
      vertex -24.2132 -0.75 27
    endloop
  endfacet
  facet normal 0 0 1
    outer loop
      vertex -21.3866 -11.4314 27
      vertex -24.9143 -13.317 27
      vertex -23.489 -15.6949 27
    endloop
  endfacet
  facet normal 0 0 1
    outer loop
      vertex -22.4041 -9.28006 27
      vertex -26.0996 -10.8108 27
      vertex -24.9143 -13.317 27
    endloop
  endfacet
  facet normal 0 0 1
    outer loop
      vertex -23.2058 -7.0394 27
      vertex -27.0336 -8.20053 27
      vertex -26.0996 -10.8108 27
    endloop
  endfacet
  facet normal 0 0 1
    outer loop
      vertex -23.2058 -7.0394 27
      vertex -27.3969 -6.75 27
      vertex -27.0336 -8.20053 27
    endloop
  endfacet
  facet normal -0 0 1
    outer loop
      vertex -40.24 -0.75 27
      vertex -27.3969 -6.75 27
      vertex -24.2132 -0.75 27
    endloop
  endfacet
  facet normal 0 0 1
    outer loop
      vertex -27.3969 -6.75 27
      vertex -40.24 -0.75 27
      vertex -40.24 -6.75 27
    endloop
  endfacet
  facet normal 0.146736 -0.989176 0
    outer loop
      vertex 2.76898 -28.114 0
      vertex 5.51129 -27.7072 27
      vertex 2.76898 -28.114 27
    endloop
  endfacet
  facet normal 0.146736 -0.989176 0
    outer loop
      vertex 5.51129 -27.7072 27
      vertex 2.76898 -28.114 0
      vertex 5.51129 -27.7072 0
    endloop
  endfacet
  facet normal 0.242974 -0.970033 0
    outer loop
      vertex 5.51129 -27.7072 0
      vertex 8.20053 -27.0336 27
      vertex 5.51129 -27.7072 27
    endloop
  endfacet
  facet normal 0.242974 -0.970033 0
    outer loop
      vertex 8.20053 -27.0336 27
      vertex 5.51129 -27.7072 0
      vertex 8.20053 -27.0336 0
    endloop
  endfacet
  facet normal 0.3369 -0.941541 0
    outer loop
      vertex 8.20053 -27.0336 0
      vertex 10.8108 -26.0996 27
      vertex 8.20053 -27.0336 27
    endloop
  endfacet
  facet normal 0.3369 -0.941541 0
    outer loop
      vertex 10.8108 -26.0996 27
      vertex 8.20053 -27.0336 0
      vertex 10.8108 -26.0996 0
    endloop
  endfacet
  facet normal 0.427542 -0.903995 0
    outer loop
      vertex 10.8108 -26.0996 0
      vertex 13.317 -24.9143 27
      vertex 10.8108 -26.0996 27
    endloop
  endfacet
  facet normal 0.427542 -0.903995 0
    outer loop
      vertex 13.317 -24.9143 27
      vertex 10.8108 -26.0996 0
      vertex 13.317 -24.9143 0
    endloop
  endfacet
  facet normal 0.514114 -0.857722 0
    outer loop
      vertex 13.317 -24.9143 0
      vertex 15.6949 -23.489 27
      vertex 13.317 -24.9143 27
    endloop
  endfacet
  facet normal 0.514114 -0.857722 0
    outer loop
      vertex 15.6949 -23.489 27
      vertex 13.317 -24.9143 0
      vertex 15.6949 -23.489 0
    endloop
  endfacet
  facet normal 0.595715 -0.803196 0
    outer loop
      vertex 15.6949 -23.489 0
      vertex 17.9216 -21.8375 27
      vertex 15.6949 -23.489 27
    endloop
  endfacet
  facet normal 0.595715 -0.803196 0
    outer loop
      vertex 17.9216 -21.8375 27
      vertex 15.6949 -23.489 0
      vertex 17.9216 -21.8375 0
    endloop
  endfacet
  facet normal 0.671536 -0.740972 0
    outer loop
      vertex 17.9216 -21.8375 0
      vertex 19.9758 -19.9758 27
      vertex 17.9216 -21.8375 27
    endloop
  endfacet
  facet normal 0.671536 -0.740972 0
    outer loop
      vertex 19.9758 -19.9758 27
      vertex 17.9216 -21.8375 0
      vertex 19.9758 -19.9758 0
    endloop
  endfacet
  facet normal 0.740972 -0.671536 0
    outer loop
      vertex 19.9758 -19.9758 27
      vertex 21.8375 -17.9216 0
      vertex 21.8375 -17.9216 27
    endloop
  endfacet
  facet normal 0.740972 -0.671536 0
    outer loop
      vertex 21.8375 -17.9216 0
      vertex 19.9758 -19.9758 27
      vertex 19.9758 -19.9758 0
    endloop
  endfacet
  facet normal 0.803196 -0.595715 0
    outer loop
      vertex 21.8375 -17.9216 27
      vertex 23.489 -15.6949 0
      vertex 23.489 -15.6949 27
    endloop
  endfacet
  facet normal 0.803196 -0.595715 0
    outer loop
      vertex 23.489 -15.6949 0
      vertex 21.8375 -17.9216 27
      vertex 21.8375 -17.9216 0
    endloop
  endfacet
  facet normal 0.857722 -0.514114 0
    outer loop
      vertex 23.489 -15.6949 27
      vertex 24.9143 -13.317 0
      vertex 24.9143 -13.317 27
    endloop
  endfacet
  facet normal 0.857722 -0.514114 0
    outer loop
      vertex 24.9143 -13.317 0
      vertex 23.489 -15.6949 27
      vertex 23.489 -15.6949 0
    endloop
  endfacet
  facet normal 0.903995 -0.427542 0
    outer loop
      vertex 24.9143 -13.317 27
      vertex 26.0996 -10.8108 0
      vertex 26.0996 -10.8108 27
    endloop
  endfacet
  facet normal 0.903995 -0.427542 0
    outer loop
      vertex 26.0996 -10.8108 0
      vertex 24.9143 -13.317 27
      vertex 24.9143 -13.317 0
    endloop
  endfacet
  facet normal 0.941541 -0.3369 0
    outer loop
      vertex 26.0996 -10.8108 27
      vertex 27.0336 -8.20053 0
      vertex 27.0336 -8.20053 27
    endloop
  endfacet
  facet normal 0.941541 -0.3369 0
    outer loop
      vertex 27.0336 -8.20053 0
      vertex 26.0996 -10.8108 27
      vertex 26.0996 -10.8108 0
    endloop
  endfacet
  facet normal 0.970037 -0.242956 0
    outer loop
      vertex 27.0336 -8.20053 27
      vertex 27.3969 -6.75 0
      vertex 27.3969 -6.75 27
    endloop
  endfacet
  facet normal 0.970037 -0.242956 0
    outer loop
      vertex 27.3969 -6.75 0
      vertex 27.0336 -8.20053 27
      vertex 27.0336 -8.20053 0
    endloop
  endfacet
  facet normal -0.998793 0.0491136 0
    outer loop
      vertex 24.1332 -2.37691 0
      vertex 24.2132 -0.75 27
      vertex 24.2132 -0.75 0
    endloop
  endfacet
  facet normal -0.998793 0.0491136 0
    outer loop
      vertex 24.2132 -0.75 27
      vertex 24.1332 -2.37691 0
      vertex 24.1332 -2.37691 27
    endloop
  endfacet
  facet normal -0.989176 0.146736 0
    outer loop
      vertex 23.784 -4.73093 0
      vertex 24.1332 -2.37691 27
      vertex 24.1332 -2.37691 0
    endloop
  endfacet
  facet normal -0.989176 0.146736 0
    outer loop
      vertex 24.1332 -2.37691 27
      vertex 23.784 -4.73093 0
      vertex 23.784 -4.73093 27
    endloop
  endfacet
  facet normal -0.970035 0.242964 0
    outer loop
      vertex 23.2058 -7.0394 0
      vertex 23.784 -4.73093 27
      vertex 23.784 -4.73093 0
    endloop
  endfacet
  facet normal -0.970035 0.242964 0
    outer loop
      vertex 23.784 -4.73093 27
      vertex 23.2058 -7.0394 0
      vertex 23.2058 -7.0394 27
    endloop
  endfacet
  facet normal -0.941547 0.336882 0
    outer loop
      vertex 22.4041 -9.28006 0
      vertex 23.2058 -7.0394 27
      vertex 23.2058 -7.0394 0
    endloop
  endfacet
  facet normal -0.941547 0.336882 0
    outer loop
      vertex 23.2058 -7.0394 27
      vertex 22.4041 -9.28006 0
      vertex 22.4041 -9.28006 27
    endloop
  endfacet
  facet normal -0.903991 0.427552 0
    outer loop
      vertex 21.3866 -11.4314 0
      vertex 22.4041 -9.28006 27
      vertex 22.4041 -9.28006 0
    endloop
  endfacet
  facet normal -0.903991 0.427552 0
    outer loop
      vertex 22.4041 -9.28006 27
      vertex 21.3866 -11.4314 0
      vertex 21.3866 -11.4314 27
    endloop
  endfacet
  facet normal -0.857719 0.514119 0
    outer loop
      vertex 20.1631 -13.4726 0
      vertex 21.3866 -11.4314 27
      vertex 21.3866 -11.4314 0
    endloop
  endfacet
  facet normal -0.857719 0.514119 0
    outer loop
      vertex 21.3866 -11.4314 27
      vertex 20.1631 -13.4726 0
      vertex 20.1631 -13.4726 27
    endloop
  endfacet
  facet normal -0.803206 0.595702 0
    outer loop
      vertex 18.7455 -15.384 0
      vertex 20.1631 -13.4726 27
      vertex 20.1631 -13.4726 0
    endloop
  endfacet
  facet normal -0.803206 0.595702 0
    outer loop
      vertex 20.1631 -13.4726 27
      vertex 18.7455 -15.384 0
      vertex 18.7455 -15.384 27
    endloop
  endfacet
  facet normal -0.740943 0.671568 0
    outer loop
      vertex 17.1473 -17.1473 0
      vertex 18.7455 -15.384 27
      vertex 18.7455 -15.384 0
    endloop
  endfacet
  facet normal -0.740943 0.671568 0
    outer loop
      vertex 18.7455 -15.384 27
      vertex 17.1473 -17.1473 0
      vertex 17.1473 -17.1473 27
    endloop
  endfacet
  facet normal -0.671568 0.740943 0
    outer loop
      vertex 17.1473 -17.1473 0
      vertex 15.384 -18.7455 27
      vertex 17.1473 -17.1473 27
    endloop
  endfacet
  facet normal -0.671568 0.740943 0
    outer loop
      vertex 15.384 -18.7455 27
      vertex 17.1473 -17.1473 0
      vertex 15.384 -18.7455 0
    endloop
  endfacet
  facet normal -0.595702 0.803206 0
    outer loop
      vertex 15.384 -18.7455 0
      vertex 13.4726 -20.1631 27
      vertex 15.384 -18.7455 27
    endloop
  endfacet
  facet normal -0.595702 0.803206 0
    outer loop
      vertex 13.4726 -20.1631 27
      vertex 15.384 -18.7455 0
      vertex 13.4726 -20.1631 0
    endloop
  endfacet
  facet normal -0.514119 0.857719 0
    outer loop
      vertex 13.4726 -20.1631 0
      vertex 11.4314 -21.3866 27
      vertex 13.4726 -20.1631 27
    endloop
  endfacet
  facet normal -0.514119 0.857719 0
    outer loop
      vertex 11.4314 -21.3866 27
      vertex 13.4726 -20.1631 0
      vertex 11.4314 -21.3866 0
    endloop
  endfacet
  facet normal -0.427552 0.903991 0
    outer loop
      vertex 11.4314 -21.3866 0
      vertex 9.28006 -22.4041 27
      vertex 11.4314 -21.3866 27
    endloop
  endfacet
  facet normal -0.427552 0.903991 0
    outer loop
      vertex 9.28006 -22.4041 27
      vertex 11.4314 -21.3866 0
      vertex 9.28006 -22.4041 0
    endloop
  endfacet
  facet normal -0.336882 0.941547 0
    outer loop
      vertex 9.28006 -22.4041 0
      vertex 7.0394 -23.2058 27
      vertex 9.28006 -22.4041 27
    endloop
  endfacet
  facet normal -0.336882 0.941547 0
    outer loop
      vertex 7.0394 -23.2058 27
      vertex 9.28006 -22.4041 0
      vertex 7.0394 -23.2058 0
    endloop
  endfacet
  facet normal -0.242964 0.970035 0
    outer loop
      vertex 7.0394 -23.2058 0
      vertex 4.73093 -23.784 27
      vertex 7.0394 -23.2058 27
    endloop
  endfacet
  facet normal -0.242964 0.970035 0
    outer loop
      vertex 4.73093 -23.784 27
      vertex 7.0394 -23.2058 0
      vertex 4.73093 -23.784 0
    endloop
  endfacet
  facet normal -0.146736 0.989176 0
    outer loop
      vertex 4.73093 -23.784 0
      vertex 2.37691 -24.1332 27
      vertex 4.73093 -23.784 27
    endloop
  endfacet
  facet normal -0.146736 0.989176 0
    outer loop
      vertex 2.37691 -24.1332 27
      vertex 4.73093 -23.784 0
      vertex 2.37691 -24.1332 0
    endloop
  endfacet
  facet normal -0.0490802 0.998795 0
    outer loop
      vertex 2.37691 -24.1332 0
      vertex 0 -24.25 27
      vertex 2.37691 -24.1332 27
    endloop
  endfacet
  facet normal -0.0490802 0.998795 0
    outer loop
      vertex 0 -24.25 27
      vertex 2.37691 -24.1332 0
      vertex 0 -24.25 0
    endloop
  endfacet
  facet normal 0.0490802 0.998795 -0
    outer loop
      vertex 0 -24.25 0
      vertex -2.37691 -24.1332 27
      vertex 0 -24.25 27
    endloop
  endfacet
  facet normal 0.0490802 0.998795 0
    outer loop
      vertex -2.37691 -24.1332 27
      vertex 0 -24.25 0
      vertex -2.37691 -24.1332 0
    endloop
  endfacet
  facet normal 0.146736 0.989176 -0
    outer loop
      vertex -2.37691 -24.1332 0
      vertex -4.73093 -23.784 27
      vertex -2.37691 -24.1332 27
    endloop
  endfacet
  facet normal 0.146736 0.989176 0
    outer loop
      vertex -4.73093 -23.784 27
      vertex -2.37691 -24.1332 0
      vertex -4.73093 -23.784 0
    endloop
  endfacet
  facet normal 0.242964 0.970035 -0
    outer loop
      vertex -4.73093 -23.784 0
      vertex -7.0394 -23.2058 27
      vertex -4.73093 -23.784 27
    endloop
  endfacet
  facet normal 0.242964 0.970035 0
    outer loop
      vertex -7.0394 -23.2058 27
      vertex -4.73093 -23.784 0
      vertex -7.0394 -23.2058 0
    endloop
  endfacet
  facet normal 0.336882 0.941547 -0
    outer loop
      vertex -7.0394 -23.2058 0
      vertex -9.28006 -22.4041 27
      vertex -7.0394 -23.2058 27
    endloop
  endfacet
  facet normal 0.336882 0.941547 0
    outer loop
      vertex -9.28006 -22.4041 27
      vertex -7.0394 -23.2058 0
      vertex -9.28006 -22.4041 0
    endloop
  endfacet
  facet normal 0.427552 0.903991 -0
    outer loop
      vertex -9.28006 -22.4041 0
      vertex -11.4314 -21.3866 27
      vertex -9.28006 -22.4041 27
    endloop
  endfacet
  facet normal 0.427552 0.903991 0
    outer loop
      vertex -11.4314 -21.3866 27
      vertex -9.28006 -22.4041 0
      vertex -11.4314 -21.3866 0
    endloop
  endfacet
  facet normal 0.514119 0.857719 -0
    outer loop
      vertex -11.4314 -21.3866 0
      vertex -13.4726 -20.1631 27
      vertex -11.4314 -21.3866 27
    endloop
  endfacet
  facet normal 0.514119 0.857719 0
    outer loop
      vertex -13.4726 -20.1631 27
      vertex -11.4314 -21.3866 0
      vertex -13.4726 -20.1631 0
    endloop
  endfacet
  facet normal 0.595702 0.803206 -0
    outer loop
      vertex -13.4726 -20.1631 0
      vertex -15.384 -18.7455 27
      vertex -13.4726 -20.1631 27
    endloop
  endfacet
  facet normal 0.595702 0.803206 0
    outer loop
      vertex -15.384 -18.7455 27
      vertex -13.4726 -20.1631 0
      vertex -15.384 -18.7455 0
    endloop
  endfacet
  facet normal 0.671568 0.740943 -0
    outer loop
      vertex -15.384 -18.7455 0
      vertex -17.1473 -17.1473 27
      vertex -15.384 -18.7455 27
    endloop
  endfacet
  facet normal 0.671568 0.740943 0
    outer loop
      vertex -17.1473 -17.1473 27
      vertex -15.384 -18.7455 0
      vertex -17.1473 -17.1473 0
    endloop
  endfacet
  facet normal 0.740943 0.671568 0
    outer loop
      vertex -17.1473 -17.1473 27
      vertex -18.7455 -15.384 0
      vertex -18.7455 -15.384 27
    endloop
  endfacet
  facet normal 0.740943 0.671568 0
    outer loop
      vertex -18.7455 -15.384 0
      vertex -17.1473 -17.1473 27
      vertex -17.1473 -17.1473 0
    endloop
  endfacet
  facet normal 0.803206 0.595702 0
    outer loop
      vertex -18.7455 -15.384 27
      vertex -20.1631 -13.4726 0
      vertex -20.1631 -13.4726 27
    endloop
  endfacet
  facet normal 0.803206 0.595702 0
    outer loop
      vertex -20.1631 -13.4726 0
      vertex -18.7455 -15.384 27
      vertex -18.7455 -15.384 0
    endloop
  endfacet
  facet normal 0.857719 0.514119 0
    outer loop
      vertex -20.1631 -13.4726 27
      vertex -21.3866 -11.4314 0
      vertex -21.3866 -11.4314 27
    endloop
  endfacet
  facet normal 0.857719 0.514119 0
    outer loop
      vertex -21.3866 -11.4314 0
      vertex -20.1631 -13.4726 27
      vertex -20.1631 -13.4726 0
    endloop
  endfacet
  facet normal 0.903991 0.427552 0
    outer loop
      vertex -21.3866 -11.4314 27
      vertex -22.4041 -9.28006 0
      vertex -22.4041 -9.28006 27
    endloop
  endfacet
  facet normal 0.903991 0.427552 0
    outer loop
      vertex -22.4041 -9.28006 0
      vertex -21.3866 -11.4314 27
      vertex -21.3866 -11.4314 0
    endloop
  endfacet
  facet normal 0.941547 0.336882 0
    outer loop
      vertex -22.4041 -9.28006 27
      vertex -23.2058 -7.0394 0
      vertex -23.2058 -7.0394 27
    endloop
  endfacet
  facet normal 0.941547 0.336882 0
    outer loop
      vertex -23.2058 -7.0394 0
      vertex -22.4041 -9.28006 27
      vertex -22.4041 -9.28006 0
    endloop
  endfacet
  facet normal 0.970035 0.242964 0
    outer loop
      vertex -23.2058 -7.0394 27
      vertex -23.784 -4.73093 0
      vertex -23.784 -4.73093 27
    endloop
  endfacet
  facet normal 0.970035 0.242964 0
    outer loop
      vertex -23.784 -4.73093 0
      vertex -23.2058 -7.0394 27
      vertex -23.2058 -7.0394 0
    endloop
  endfacet
  facet normal 0.989176 0.146736 0
    outer loop
      vertex -23.784 -4.73093 27
      vertex -24.1332 -2.37691 0
      vertex -24.1332 -2.37691 27
    endloop
  endfacet
  facet normal 0.989176 0.146736 0
    outer loop
      vertex -24.1332 -2.37691 0
      vertex -23.784 -4.73093 27
      vertex -23.784 -4.73093 0
    endloop
  endfacet
  facet normal 0.998793 0.0491136 0
    outer loop
      vertex -24.1332 -2.37691 27
      vertex -24.2132 -0.75 0
      vertex -24.2132 -0.75 27
    endloop
  endfacet
  facet normal 0.998793 0.0491136 0
    outer loop
      vertex -24.2132 -0.75 0
      vertex -24.1332 -2.37691 27
      vertex -24.1332 -2.37691 0
    endloop
  endfacet
  facet normal 0 1 -0
    outer loop
      vertex -33.8108 -0.75 15.6577
      vertex -40.24 -0.75 27
      vertex -24.2132 -0.75 27
    endloop
  endfacet
  facet normal 0 1 0
    outer loop
      vertex -40.24 -0.75 27
      vertex -34.0244 -0.75 15.6894
      vertex -34.24 -0.75 15.7
    endloop
  endfacet
  facet normal 0 1 0
    outer loop
      vertex -40.24 -0.75 27
      vertex -33.8108 -0.75 15.6577
      vertex -34.0244 -0.75 15.6894
    endloop
  endfacet
  facet normal 0 1 0
    outer loop
      vertex -24.2132 -0.75 27
      vertex -33.6014 -0.75 15.6053
      vertex -33.8108 -0.75 15.6577
    endloop
  endfacet
  facet normal 0 1 0
    outer loop
      vertex -24.2132 -0.75 27
      vertex -33.3981 -0.75 15.5325
      vertex -33.6014 -0.75 15.6053
    endloop
  endfacet
  facet normal 0 1 0
    outer loop
      vertex -24.2132 -0.75 27
      vertex -33.203 -0.75 15.4402
      vertex -33.3981 -0.75 15.5325
    endloop
  endfacet
  facet normal 0 1 0
    outer loop
      vertex -24.2132 -0.75 27
      vertex -33.0178 -0.75 15.3292
      vertex -33.203 -0.75 15.4402
    endloop
  endfacet
  facet normal 0 1 0
    outer loop
      vertex -24.2132 -0.75 27
      vertex -32.8444 -0.75 15.2006
      vertex -33.0178 -0.75 15.3292
    endloop
  endfacet
  facet normal 0 1 0
    outer loop
      vertex -24.2132 -0.75 27
      vertex -32.6844 -0.75 15.0556
      vertex -32.8444 -0.75 15.2006
    endloop
  endfacet
  facet normal 0 1 0
    outer loop
      vertex -24.2132 -0.75 27
      vertex -32.5394 -0.75 14.8957
      vertex -32.6844 -0.75 15.0556
    endloop
  endfacet
  facet normal 0 1 0
    outer loop
      vertex -24.2132 -0.75 27
      vertex -32.4108 -0.75 14.7223
      vertex -32.5394 -0.75 14.8957
    endloop
  endfacet
  facet normal 0 1 0
    outer loop
      vertex -24.2132 -0.75 27
      vertex -32.2998 -0.75 14.5371
      vertex -32.4108 -0.75 14.7223
    endloop
  endfacet
  facet normal 0 1 0
    outer loop
      vertex -24.2132 -0.75 27
      vertex -32.2075 -0.75 14.3419
      vertex -32.2998 -0.75 14.5371
    endloop
  endfacet
  facet normal 0 1 0
    outer loop
      vertex -24.2132 -0.75 27
      vertex -32.1348 -0.75 14.1386
      vertex -32.2075 -0.75 14.3419
    endloop
  endfacet
  facet normal 0 1 0
    outer loop
      vertex -24.2132 -0.75 27
      vertex -32.0823 -0.75 13.9292
      vertex -32.1348 -0.75 14.1386
    endloop
  endfacet
  facet normal 0 1 0
    outer loop
      vertex -24.2132 -0.75 27
      vertex -32.0506 -0.75 13.7156
      vertex -32.0823 -0.75 13.9292
    endloop
  endfacet
  facet normal 0 1 0
    outer loop
      vertex -24.2132 -0.75 27
      vertex -32.04 -0.75 13.5
      vertex -32.0506 -0.75 13.7156
    endloop
  endfacet
  facet normal 0 1 -0
    outer loop
      vertex -24.2132 -0.75 0
      vertex -32.04 -0.75 13.5
      vertex -24.2132 -0.75 27
    endloop
  endfacet
  facet normal 0 1 0
    outer loop
      vertex -32.04 -0.75 13.5
      vertex -24.2132 -0.75 0
      vertex -32.0506 -0.75 13.2844
    endloop
  endfacet
  facet normal 0 1 0
    outer loop
      vertex -32.0506 -0.75 13.2844
      vertex -24.2132 -0.75 0
      vertex -32.0823 -0.75 13.0708
    endloop
  endfacet
  facet normal 0 1 0
    outer loop
      vertex -32.0823 -0.75 13.0708
      vertex -24.2132 -0.75 0
      vertex -32.1348 -0.75 12.8614
    endloop
  endfacet
  facet normal 0 1 0
    outer loop
      vertex -32.1348 -0.75 12.8614
      vertex -24.2132 -0.75 0
      vertex -32.2075 -0.75 12.6581
    endloop
  endfacet
  facet normal 0 1 0
    outer loop
      vertex -33.8108 -0.75 11.3423
      vertex -40.24 -0.75 0
      vertex -34.0244 -0.75 11.3106
    endloop
  endfacet
  facet normal 0 1 0
    outer loop
      vertex -40.24 -0.75 0
      vertex -33.8108 -0.75 11.3423
      vertex -24.2132 -0.75 0
    endloop
  endfacet
  facet normal 0 1 0
    outer loop
      vertex -33.6014 -0.75 11.3947
      vertex -24.2132 -0.75 0
      vertex -33.8108 -0.75 11.3423
    endloop
  endfacet
  facet normal 0 1 0
    outer loop
      vertex -33.3981 -0.75 11.4675
      vertex -24.2132 -0.75 0
      vertex -33.6014 -0.75 11.3947
    endloop
  endfacet
  facet normal 0 1 0
    outer loop
      vertex -33.203 -0.75 11.5598
      vertex -24.2132 -0.75 0
      vertex -33.3981 -0.75 11.4675
    endloop
  endfacet
  facet normal 0 1 0
    outer loop
      vertex -33.0178 -0.75 11.6708
      vertex -24.2132 -0.75 0
      vertex -33.203 -0.75 11.5598
    endloop
  endfacet
  facet normal 0 1 0
    outer loop
      vertex -32.8444 -0.75 11.7994
      vertex -24.2132 -0.75 0
      vertex -33.0178 -0.75 11.6708
    endloop
  endfacet
  facet normal 0 1 0
    outer loop
      vertex -32.6844 -0.75 11.9444
      vertex -24.2132 -0.75 0
      vertex -32.8444 -0.75 11.7994
    endloop
  endfacet
  facet normal 0 1 0
    outer loop
      vertex -32.5394 -0.75 12.1043
      vertex -24.2132 -0.75 0
      vertex -32.6844 -0.75 11.9444
    endloop
  endfacet
  facet normal 0 1 0
    outer loop
      vertex -32.4108 -0.75 12.2777
      vertex -24.2132 -0.75 0
      vertex -32.5394 -0.75 12.1043
    endloop
  endfacet
  facet normal 0 1 0
    outer loop
      vertex -32.2998 -0.75 12.4629
      vertex -24.2132 -0.75 0
      vertex -32.4108 -0.75 12.2777
    endloop
  endfacet
  facet normal 0 1 0
    outer loop
      vertex -32.2075 -0.75 12.6581
      vertex -24.2132 -0.75 0
      vertex -32.2998 -0.75 12.4629
    endloop
  endfacet
  facet normal 0 1 -0
    outer loop
      vertex -34.4557 -0.75 15.6894
      vertex -40.24 -0.75 27
      vertex -34.24 -0.75 15.7
    endloop
  endfacet
  facet normal 0 1 -0
    outer loop
      vertex -34.6692 -0.75 15.6577
      vertex -40.24 -0.75 27
      vertex -34.4557 -0.75 15.6894
    endloop
  endfacet
  facet normal 0 1 -0
    outer loop
      vertex -34.8787 -0.75 15.6053
      vertex -40.24 -0.75 27
      vertex -34.6692 -0.75 15.6577
    endloop
  endfacet
  facet normal 0 1 -0
    outer loop
      vertex -35.0819 -0.75 15.5325
      vertex -40.24 -0.75 27
      vertex -34.8787 -0.75 15.6053
    endloop
  endfacet
  facet normal 0 1 -0
    outer loop
      vertex -35.2771 -0.75 15.4402
      vertex -40.24 -0.75 27
      vertex -35.0819 -0.75 15.5325
    endloop
  endfacet
  facet normal 0 1 -0
    outer loop
      vertex -35.4623 -0.75 15.3292
      vertex -40.24 -0.75 27
      vertex -35.2771 -0.75 15.4402
    endloop
  endfacet
  facet normal 0 1 -0
    outer loop
      vertex -35.6357 -0.75 15.2006
      vertex -40.24 -0.75 27
      vertex -35.4623 -0.75 15.3292
    endloop
  endfacet
  facet normal 0 1 -0
    outer loop
      vertex -35.7957 -0.75 15.0556
      vertex -40.24 -0.75 27
      vertex -35.6357 -0.75 15.2006
    endloop
  endfacet
  facet normal 0 1 -0
    outer loop
      vertex -35.9407 -0.75 14.8957
      vertex -40.24 -0.75 27
      vertex -35.7957 -0.75 15.0556
    endloop
  endfacet
  facet normal 0 1 -0
    outer loop
      vertex -36.0693 -0.75 14.7223
      vertex -40.24 -0.75 27
      vertex -35.9407 -0.75 14.8957
    endloop
  endfacet
  facet normal 0 1 -0
    outer loop
      vertex -36.1803 -0.75 14.5371
      vertex -40.24 -0.75 27
      vertex -36.0693 -0.75 14.7223
    endloop
  endfacet
  facet normal 0 1 -0
    outer loop
      vertex -36.2726 -0.75 14.3419
      vertex -40.24 -0.75 27
      vertex -36.1803 -0.75 14.5371
    endloop
  endfacet
  facet normal 0 1 -0
    outer loop
      vertex -36.3453 -0.75 14.1386
      vertex -40.24 -0.75 27
      vertex -36.2726 -0.75 14.3419
    endloop
  endfacet
  facet normal 0 1 -0
    outer loop
      vertex -36.3978 -0.75 13.9292
      vertex -40.24 -0.75 27
      vertex -36.3453 -0.75 14.1386
    endloop
  endfacet
  facet normal 0 1 -0
    outer loop
      vertex -36.4294 -0.75 13.7156
      vertex -40.24 -0.75 27
      vertex -36.3978 -0.75 13.9292
    endloop
  endfacet
  facet normal 0 1 -0
    outer loop
      vertex -36.44 -0.75 13.5
      vertex -40.24 -0.75 27
      vertex -36.4294 -0.75 13.7156
    endloop
  endfacet
  facet normal 0 1 0
    outer loop
      vertex -40.24 -0.75 0
      vertex -36.44 -0.75 13.5
      vertex -36.4294 -0.75 13.2844
    endloop
  endfacet
  facet normal 0 1 0
    outer loop
      vertex -40.24 -0.75 0
      vertex -36.4294 -0.75 13.2844
      vertex -36.3978 -0.75 13.0708
    endloop
  endfacet
  facet normal 0 1 0
    outer loop
      vertex -40.24 -0.75 0
      vertex -36.3978 -0.75 13.0708
      vertex -36.3453 -0.75 12.8614
    endloop
  endfacet
  facet normal 0 1 0
    outer loop
      vertex -34.0244 -0.75 11.3106
      vertex -40.24 -0.75 0
      vertex -34.24 -0.75 11.3
    endloop
  endfacet
  facet normal 0 1 0
    outer loop
      vertex -34.24 -0.75 11.3
      vertex -40.24 -0.75 0
      vertex -34.4557 -0.75 11.3106
    endloop
  endfacet
  facet normal 0 1 0
    outer loop
      vertex -34.4557 -0.75 11.3106
      vertex -40.24 -0.75 0
      vertex -34.6692 -0.75 11.3423
    endloop
  endfacet
  facet normal 0 1 0
    outer loop
      vertex -34.6692 -0.75 11.3423
      vertex -40.24 -0.75 0
      vertex -34.8787 -0.75 11.3947
    endloop
  endfacet
  facet normal 0 1 0
    outer loop
      vertex -34.8787 -0.75 11.3947
      vertex -40.24 -0.75 0
      vertex -35.0819 -0.75 11.4675
    endloop
  endfacet
  facet normal 0 1 0
    outer loop
      vertex -35.0819 -0.75 11.4675
      vertex -40.24 -0.75 0
      vertex -35.2771 -0.75 11.5598
    endloop
  endfacet
  facet normal 0 1 0
    outer loop
      vertex -35.2771 -0.75 11.5598
      vertex -40.24 -0.75 0
      vertex -35.4623 -0.75 11.6708
    endloop
  endfacet
  facet normal 0 1 0
    outer loop
      vertex -35.4623 -0.75 11.6708
      vertex -40.24 -0.75 0
      vertex -35.6357 -0.75 11.7994
    endloop
  endfacet
  facet normal 0 1 0
    outer loop
      vertex -36.44 -0.75 13.5
      vertex -40.24 -0.75 0
      vertex -40.24 -0.75 27
    endloop
  endfacet
  facet normal 0 1 0
    outer loop
      vertex -36.2726 -0.75 12.6581
      vertex -40.24 -0.75 0
      vertex -36.3453 -0.75 12.8614
    endloop
  endfacet
  facet normal 0 1 0
    outer loop
      vertex -36.1803 -0.75 12.4629
      vertex -40.24 -0.75 0
      vertex -36.2726 -0.75 12.6581
    endloop
  endfacet
  facet normal 0 1 0
    outer loop
      vertex -36.0693 -0.75 12.2777
      vertex -40.24 -0.75 0
      vertex -36.1803 -0.75 12.4629
    endloop
  endfacet
  facet normal 0 1 0
    outer loop
      vertex -35.9407 -0.75 12.1043
      vertex -40.24 -0.75 0
      vertex -36.0693 -0.75 12.2777
    endloop
  endfacet
  facet normal 0 1 0
    outer loop
      vertex -35.7957 -0.75 11.9444
      vertex -40.24 -0.75 0
      vertex -35.9407 -0.75 12.1043
    endloop
  endfacet
  facet normal 0 1 0
    outer loop
      vertex -35.6357 -0.75 11.7994
      vertex -40.24 -0.75 0
      vertex -35.7957 -0.75 11.9444
    endloop
  endfacet
  facet normal -1 0 0
    outer loop
      vertex -40.24 -6.75 0
      vertex -40.24 -0.75 27
      vertex -40.24 -0.75 0
    endloop
  endfacet
  facet normal -1 -0 0
    outer loop
      vertex -40.24 -0.75 27
      vertex -40.24 -6.75 0
      vertex -40.24 -6.75 27
    endloop
  endfacet
  facet normal 0 -1 0
    outer loop
      vertex -40.24 -6.75 27
      vertex -34.24 -6.75 17.25
      vertex -27.3969 -6.75 27
    endloop
  endfacet
  facet normal 0 -1 0
    outer loop
      vertex -40.24 -6.75 27
      vertex -34.6076 -6.75 17.2319
      vertex -34.24 -6.75 17.25
    endloop
  endfacet
  facet normal 0 -1 0
    outer loop
      vertex -40.24 -6.75 27
      vertex -34.9716 -6.75 17.1779
      vertex -34.6076 -6.75 17.2319
    endloop
  endfacet
  facet normal 0 -1 0
    outer loop
      vertex -40.24 -6.75 27
      vertex -35.3286 -6.75 17.0885
      vertex -34.9716 -6.75 17.1779
    endloop
  endfacet
  facet normal 0 -1 0
    outer loop
      vertex -40.24 -6.75 27
      vertex -35.6751 -6.75 16.9646
      vertex -35.3286 -6.75 17.0885
    endloop
  endfacet
  facet normal 0 -1 0
    outer loop
      vertex -40.24 -6.75 27
      vertex -36.0078 -6.75 16.8072
      vertex -35.6751 -6.75 16.9646
    endloop
  endfacet
  facet normal 0 -1 0
    outer loop
      vertex -40.24 -6.75 27
      vertex -36.3234 -6.75 16.618
      vertex -36.0078 -6.75 16.8072
    endloop
  endfacet
  facet normal 0 -1 0
    outer loop
      vertex -40.24 -6.75 27
      vertex -36.619 -6.75 16.3988
      vertex -36.3234 -6.75 16.618
    endloop
  endfacet
  facet normal 0 -1 0
    outer loop
      vertex -40.24 -6.75 27
      vertex -36.8917 -6.75 16.1517
      vertex -36.619 -6.75 16.3988
    endloop
  endfacet
  facet normal 0 -1 0
    outer loop
      vertex -40.24 -6.75 27
      vertex -37.1388 -6.75 15.879
      vertex -36.8917 -6.75 16.1517
    endloop
  endfacet
  facet normal 0 -1 0
    outer loop
      vertex -40.24 -6.75 27
      vertex -37.3581 -6.75 15.5834
      vertex -37.1388 -6.75 15.879
    endloop
  endfacet
  facet normal 0 -1 0
    outer loop
      vertex -40.24 -6.75 27
      vertex -37.5472 -6.75 15.2677
      vertex -37.3581 -6.75 15.5834
    endloop
  endfacet
  facet normal 0 -1 0
    outer loop
      vertex -40.24 -6.75 27
      vertex -37.7046 -6.75 14.9351
      vertex -37.5472 -6.75 15.2677
    endloop
  endfacet
  facet normal 0 -1 0
    outer loop
      vertex -40.24 -6.75 27
      vertex -37.8286 -6.75 14.5886
      vertex -37.7046 -6.75 14.9351
    endloop
  endfacet
  facet normal 0 -1 0
    outer loop
      vertex -40.24 -6.75 27
      vertex -37.918 -6.75 14.2316
      vertex -37.8286 -6.75 14.5886
    endloop
  endfacet
  facet normal 0 -1 0
    outer loop
      vertex -40.24 -6.75 27
      vertex -37.972 -6.75 13.8676
      vertex -37.918 -6.75 14.2316
    endloop
  endfacet
  facet normal 0 -1 0
    outer loop
      vertex -40.24 -6.75 27
      vertex -37.99 -6.75 13.5
      vertex -37.972 -6.75 13.8676
    endloop
  endfacet
  facet normal 0 -1 0
    outer loop
      vertex -40.24 -6.75 0
      vertex -37.99 -6.75 13.5
      vertex -40.24 -6.75 27
    endloop
  endfacet
  facet normal 0 -1 -0
    outer loop
      vertex -37.99 -6.75 13.5
      vertex -40.24 -6.75 0
      vertex -37.972 -6.75 13.1324
    endloop
  endfacet
  facet normal 0 -1 -0
    outer loop
      vertex -34.6076 -6.75 9.76806
      vertex -40.24 -6.75 0
      vertex -34.24 -6.75 9.75
    endloop
  endfacet
  facet normal 0 -1 -0
    outer loop
      vertex -34.9716 -6.75 9.82206
      vertex -40.24 -6.75 0
      vertex -34.6076 -6.75 9.76806
    endloop
  endfacet
  facet normal 0 -1 -0
    outer loop
      vertex -35.3286 -6.75 9.91147
      vertex -40.24 -6.75 0
      vertex -34.9716 -6.75 9.82206
    endloop
  endfacet
  facet normal 0 -1 -0
    outer loop
      vertex -35.6751 -6.75 10.0355
      vertex -40.24 -6.75 0
      vertex -35.3286 -6.75 9.91147
    endloop
  endfacet
  facet normal 0 -1 -0
    outer loop
      vertex -36.0078 -6.75 10.1928
      vertex -40.24 -6.75 0
      vertex -35.6751 -6.75 10.0355
    endloop
  endfacet
  facet normal 0 -1 -0
    outer loop
      vertex -36.3234 -6.75 10.382
      vertex -40.24 -6.75 0
      vertex -36.0078 -6.75 10.1928
    endloop
  endfacet
  facet normal 0 -1 -0
    outer loop
      vertex -36.619 -6.75 10.6012
      vertex -40.24 -6.75 0
      vertex -36.3234 -6.75 10.382
    endloop
  endfacet
  facet normal 0 -1 -0
    outer loop
      vertex -36.8917 -6.75 10.8483
      vertex -40.24 -6.75 0
      vertex -36.619 -6.75 10.6012
    endloop
  endfacet
  facet normal 0 -1 -0
    outer loop
      vertex -37.1388 -6.75 11.121
      vertex -40.24 -6.75 0
      vertex -36.8917 -6.75 10.8483
    endloop
  endfacet
  facet normal 0 -1 -0
    outer loop
      vertex -37.3581 -6.75 11.4166
      vertex -40.24 -6.75 0
      vertex -37.1388 -6.75 11.121
    endloop
  endfacet
  facet normal 0 -1 -0
    outer loop
      vertex -37.5472 -6.75 11.7323
      vertex -40.24 -6.75 0
      vertex -37.3581 -6.75 11.4166
    endloop
  endfacet
  facet normal 0 -1 -0
    outer loop
      vertex -37.7046 -6.75 12.0649
      vertex -40.24 -6.75 0
      vertex -37.5472 -6.75 11.7323
    endloop
  endfacet
  facet normal 0 -1 -0
    outer loop
      vertex -37.8286 -6.75 12.4114
      vertex -40.24 -6.75 0
      vertex -37.7046 -6.75 12.0649
    endloop
  endfacet
  facet normal 0 -1 -0
    outer loop
      vertex -37.918 -6.75 12.7684
      vertex -40.24 -6.75 0
      vertex -37.8286 -6.75 12.4114
    endloop
  endfacet
  facet normal 0 -1 -0
    outer loop
      vertex -37.972 -6.75 13.1324
      vertex -40.24 -6.75 0
      vertex -37.918 -6.75 12.7684
    endloop
  endfacet
  facet normal 0 -1 0
    outer loop
      vertex -33.8725 -6.75 17.2319
      vertex -27.3969 -6.75 27
      vertex -34.24 -6.75 17.25
    endloop
  endfacet
  facet normal 0 -1 0
    outer loop
      vertex -33.5085 -6.75 17.1779
      vertex -27.3969 -6.75 27
      vertex -33.8725 -6.75 17.2319
    endloop
  endfacet
  facet normal 0 -1 0
    outer loop
      vertex -33.1515 -6.75 17.0885
      vertex -27.3969 -6.75 27
      vertex -33.5085 -6.75 17.1779
    endloop
  endfacet
  facet normal 0 -1 0
    outer loop
      vertex -32.805 -6.75 16.9646
      vertex -27.3969 -6.75 27
      vertex -33.1515 -6.75 17.0885
    endloop
  endfacet
  facet normal 0 -1 0
    outer loop
      vertex -32.4723 -6.75 16.8072
      vertex -27.3969 -6.75 27
      vertex -32.805 -6.75 16.9646
    endloop
  endfacet
  facet normal 0 -1 0
    outer loop
      vertex -32.1567 -6.75 16.618
      vertex -27.3969 -6.75 27
      vertex -32.4723 -6.75 16.8072
    endloop
  endfacet
  facet normal 0 -1 0
    outer loop
      vertex -31.8611 -6.75 16.3988
      vertex -27.3969 -6.75 27
      vertex -32.1567 -6.75 16.618
    endloop
  endfacet
  facet normal 0 -1 0
    outer loop
      vertex -31.5884 -6.75 16.1517
      vertex -27.3969 -6.75 27
      vertex -31.8611 -6.75 16.3988
    endloop
  endfacet
  facet normal 0 -1 0
    outer loop
      vertex -31.3413 -6.75 15.879
      vertex -27.3969 -6.75 27
      vertex -31.5884 -6.75 16.1517
    endloop
  endfacet
  facet normal 0 -1 0
    outer loop
      vertex -31.122 -6.75 15.5834
      vertex -27.3969 -6.75 27
      vertex -31.3413 -6.75 15.879
    endloop
  endfacet
  facet normal 0 -1 0
    outer loop
      vertex -30.9328 -6.75 15.2677
      vertex -27.3969 -6.75 27
      vertex -31.122 -6.75 15.5834
    endloop
  endfacet
  facet normal 0 -1 0
    outer loop
      vertex -30.7755 -6.75 14.9351
      vertex -27.3969 -6.75 27
      vertex -30.9328 -6.75 15.2677
    endloop
  endfacet
  facet normal 0 -1 0
    outer loop
      vertex -30.6515 -6.75 14.5886
      vertex -27.3969 -6.75 27
      vertex -30.7755 -6.75 14.9351
    endloop
  endfacet
  facet normal 0 -1 0
    outer loop
      vertex -30.5621 -6.75 14.2316
      vertex -27.3969 -6.75 27
      vertex -30.6515 -6.75 14.5886
    endloop
  endfacet
  facet normal 0 -1 0
    outer loop
      vertex -30.5081 -6.75 13.8676
      vertex -27.3969 -6.75 27
      vertex -30.5621 -6.75 14.2316
    endloop
  endfacet
  facet normal 0 -1 0
    outer loop
      vertex -30.49 -6.75 13.5
      vertex -27.3969 -6.75 27
      vertex -30.5081 -6.75 13.8676
    endloop
  endfacet
  facet normal 0 -1 0
    outer loop
      vertex -27.3969 -6.75 0
      vertex -30.49 -6.75 13.5
      vertex -30.5081 -6.75 13.1324
    endloop
  endfacet
  facet normal 0 -1 0
    outer loop
      vertex -27.3969 -6.75 0
      vertex -30.5081 -6.75 13.1324
      vertex -30.5621 -6.75 12.7684
    endloop
  endfacet
  facet normal 0 -1 0
    outer loop
      vertex -27.3969 -6.75 0
      vertex -34.24 -6.75 9.75
      vertex -40.24 -6.75 0
    endloop
  endfacet
  facet normal 0 -1 0
    outer loop
      vertex -34.24 -6.75 9.75
      vertex -27.3969 -6.75 0
      vertex -33.8725 -6.75 9.76806
    endloop
  endfacet
  facet normal 0 -1 0
    outer loop
      vertex -33.8725 -6.75 9.76806
      vertex -27.3969 -6.75 0
      vertex -33.5085 -6.75 9.82206
    endloop
  endfacet
  facet normal 0 -1 0
    outer loop
      vertex -33.5085 -6.75 9.82206
      vertex -27.3969 -6.75 0
      vertex -33.1515 -6.75 9.91147
    endloop
  endfacet
  facet normal 0 -1 0
    outer loop
      vertex -33.1515 -6.75 9.91147
      vertex -27.3969 -6.75 0
      vertex -32.805 -6.75 10.0355
    endloop
  endfacet
  facet normal 0 -1 0
    outer loop
      vertex -32.805 -6.75 10.0355
      vertex -27.3969 -6.75 0
      vertex -32.4723 -6.75 10.1928
    endloop
  endfacet
  facet normal 0 -1 0
    outer loop
      vertex -32.4723 -6.75 10.1928
      vertex -27.3969 -6.75 0
      vertex -32.1567 -6.75 10.382
    endloop
  endfacet
  facet normal 0 -1 0
    outer loop
      vertex -32.1567 -6.75 10.382
      vertex -27.3969 -6.75 0
      vertex -31.8611 -6.75 10.6012
    endloop
  endfacet
  facet normal 0 -1 0
    outer loop
      vertex -31.8611 -6.75 10.6012
      vertex -27.3969 -6.75 0
      vertex -31.5884 -6.75 10.8483
    endloop
  endfacet
  facet normal 0 -1 0
    outer loop
      vertex -30.49 -6.75 13.5
      vertex -27.3969 -6.75 0
      vertex -27.3969 -6.75 27
    endloop
  endfacet
  facet normal 0 -1 0
    outer loop
      vertex -30.6515 -6.75 12.4114
      vertex -27.3969 -6.75 0
      vertex -30.5621 -6.75 12.7684
    endloop
  endfacet
  facet normal 0 -1 0
    outer loop
      vertex -30.7755 -6.75 12.0649
      vertex -27.3969 -6.75 0
      vertex -30.6515 -6.75 12.4114
    endloop
  endfacet
  facet normal 0 -1 0
    outer loop
      vertex -30.9328 -6.75 11.7323
      vertex -27.3969 -6.75 0
      vertex -30.7755 -6.75 12.0649
    endloop
  endfacet
  facet normal 0 -1 0
    outer loop
      vertex -31.122 -6.75 11.4166
      vertex -27.3969 -6.75 0
      vertex -30.9328 -6.75 11.7323
    endloop
  endfacet
  facet normal 0 -1 0
    outer loop
      vertex -31.3413 -6.75 11.121
      vertex -27.3969 -6.75 0
      vertex -31.122 -6.75 11.4166
    endloop
  endfacet
  facet normal 0 -1 0
    outer loop
      vertex -31.5884 -6.75 10.8483
      vertex -27.3969 -6.75 0
      vertex -31.3413 -6.75 11.121
    endloop
  endfacet
  facet normal -0.970037 -0.242956 0
    outer loop
      vertex -27.0336 -8.20053 0
      vertex -27.3969 -6.75 27
      vertex -27.3969 -6.75 0
    endloop
  endfacet
  facet normal -0.970037 -0.242956 0
    outer loop
      vertex -27.3969 -6.75 27
      vertex -27.0336 -8.20053 0
      vertex -27.0336 -8.20053 27
    endloop
  endfacet
  facet normal -0.941541 -0.3369 0
    outer loop
      vertex -26.0996 -10.8108 0
      vertex -27.0336 -8.20053 27
      vertex -27.0336 -8.20053 0
    endloop
  endfacet
  facet normal -0.941541 -0.3369 0
    outer loop
      vertex -27.0336 -8.20053 27
      vertex -26.0996 -10.8108 0
      vertex -26.0996 -10.8108 27
    endloop
  endfacet
  facet normal -0.903995 -0.427542 0
    outer loop
      vertex -24.9143 -13.317 0
      vertex -26.0996 -10.8108 27
      vertex -26.0996 -10.8108 0
    endloop
  endfacet
  facet normal -0.903995 -0.427542 0
    outer loop
      vertex -26.0996 -10.8108 27
      vertex -24.9143 -13.317 0
      vertex -24.9143 -13.317 27
    endloop
  endfacet
  facet normal -0.857722 -0.514114 0
    outer loop
      vertex -23.489 -15.6949 0
      vertex -24.9143 -13.317 27
      vertex -24.9143 -13.317 0
    endloop
  endfacet
  facet normal -0.857722 -0.514114 0
    outer loop
      vertex -24.9143 -13.317 27
      vertex -23.489 -15.6949 0
      vertex -23.489 -15.6949 27
    endloop
  endfacet
  facet normal -0.803196 -0.595715 0
    outer loop
      vertex -21.8375 -17.9216 0
      vertex -23.489 -15.6949 27
      vertex -23.489 -15.6949 0
    endloop
  endfacet
  facet normal -0.803196 -0.595715 0
    outer loop
      vertex -23.489 -15.6949 27
      vertex -21.8375 -17.9216 0
      vertex -21.8375 -17.9216 27
    endloop
  endfacet
  facet normal -0.740972 -0.671536 0
    outer loop
      vertex -19.9758 -19.9758 0
      vertex -21.8375 -17.9216 27
      vertex -21.8375 -17.9216 0
    endloop
  endfacet
  facet normal -0.740972 -0.671536 0
    outer loop
      vertex -21.8375 -17.9216 27
      vertex -19.9758 -19.9758 0
      vertex -19.9758 -19.9758 27
    endloop
  endfacet
  facet normal -0.671536 -0.740972 0
    outer loop
      vertex -19.9758 -19.9758 0
      vertex -17.9216 -21.8375 27
      vertex -19.9758 -19.9758 27
    endloop
  endfacet
  facet normal -0.671536 -0.740972 -0
    outer loop
      vertex -17.9216 -21.8375 27
      vertex -19.9758 -19.9758 0
      vertex -17.9216 -21.8375 0
    endloop
  endfacet
  facet normal -0.595715 -0.803196 0
    outer loop
      vertex -17.9216 -21.8375 0
      vertex -15.6949 -23.489 27
      vertex -17.9216 -21.8375 27
    endloop
  endfacet
  facet normal -0.595715 -0.803196 -0
    outer loop
      vertex -15.6949 -23.489 27
      vertex -17.9216 -21.8375 0
      vertex -15.6949 -23.489 0
    endloop
  endfacet
  facet normal -0.514114 -0.857722 0
    outer loop
      vertex -15.6949 -23.489 0
      vertex -13.317 -24.9143 27
      vertex -15.6949 -23.489 27
    endloop
  endfacet
  facet normal -0.514114 -0.857722 -0
    outer loop
      vertex -13.317 -24.9143 27
      vertex -15.6949 -23.489 0
      vertex -13.317 -24.9143 0
    endloop
  endfacet
  facet normal -0.427542 -0.903995 0
    outer loop
      vertex -13.317 -24.9143 0
      vertex -10.8108 -26.0996 27
      vertex -13.317 -24.9143 27
    endloop
  endfacet
  facet normal -0.427542 -0.903995 -0
    outer loop
      vertex -10.8108 -26.0996 27
      vertex -13.317 -24.9143 0
      vertex -10.8108 -26.0996 0
    endloop
  endfacet
  facet normal -0.3369 -0.941541 0
    outer loop
      vertex -10.8108 -26.0996 0
      vertex -8.20053 -27.0336 27
      vertex -10.8108 -26.0996 27
    endloop
  endfacet
  facet normal -0.3369 -0.941541 -0
    outer loop
      vertex -8.20053 -27.0336 27
      vertex -10.8108 -26.0996 0
      vertex -8.20053 -27.0336 0
    endloop
  endfacet
  facet normal -0.242974 -0.970033 0
    outer loop
      vertex -8.20053 -27.0336 0
      vertex -5.51129 -27.7072 27
      vertex -8.20053 -27.0336 27
    endloop
  endfacet
  facet normal -0.242974 -0.970033 -0
    outer loop
      vertex -5.51129 -27.7072 27
      vertex -8.20053 -27.0336 0
      vertex -5.51129 -27.7072 0
    endloop
  endfacet
  facet normal -0.146736 -0.989176 0
    outer loop
      vertex -5.51129 -27.7072 0
      vertex -2.76898 -28.114 27
      vertex -5.51129 -27.7072 27
    endloop
  endfacet
  facet normal -0.146736 -0.989176 -0
    outer loop
      vertex -2.76898 -28.114 27
      vertex -5.51129 -27.7072 0
      vertex -2.76898 -28.114 0
    endloop
  endfacet
  facet normal -0.0490564 -0.998796 0
    outer loop
      vertex -2.76898 -28.114 0
      vertex 0 -28.25 27
      vertex -2.76898 -28.114 27
    endloop
  endfacet
  facet normal -0.0490564 -0.998796 -0
    outer loop
      vertex 0 -28.25 27
      vertex -2.76898 -28.114 0
      vertex 0 -28.25 0
    endloop
  endfacet
  facet normal 0.0490564 -0.998796 0
    outer loop
      vertex 0 -28.25 0
      vertex 2.76898 -28.114 27
      vertex 0 -28.25 27
    endloop
  endfacet
  facet normal 0.0490564 -0.998796 0
    outer loop
      vertex 2.76898 -28.114 27
      vertex 0 -28.25 0
      vertex 2.76898 -28.114 0
    endloop
  endfacet
  facet normal -0.998794 0 0.0491058
    outer loop
      vertex 36.4294 -2.75 13.2844
      vertex 36.44 -0.75 13.5
      vertex 36.4294 -0.75 13.2844
    endloop
  endfacet
  facet normal -0.998794 0 0.0491058
    outer loop
      vertex 36.44 -0.75 13.5
      vertex 36.4294 -2.75 13.2844
      vertex 36.44 -2.75 13.5
    endloop
  endfacet
  facet normal 0.0491058 0 0.998794
    outer loop
      vertex 34.0244 -0.75 11.3106
      vertex 34.24 -2.75 11.3
      vertex 34.24 -0.75 11.3
    endloop
  endfacet
  facet normal 0.0491058 0 0.998794
    outer loop
      vertex 34.24 -2.75 11.3
      vertex 34.0244 -0.75 11.3106
      vertex 34.0244 -2.75 11.3106
    endloop
  endfacet
  facet normal -0.0490831 0 -0.998795
    outer loop
      vertex 34.24 -2.75 15.7
      vertex 34.4557 -0.75 15.6894
      vertex 34.4557 -2.75 15.6894
    endloop
  endfacet
  facet normal -0.0490831 0 -0.998795
    outer loop
      vertex 34.4557 -0.75 15.6894
      vertex 34.24 -2.75 15.7
      vertex 34.24 -0.75 15.7
    endloop
  endfacet
  facet normal -0.671519 0 0.740987
    outer loop
      vertex 35.6357 -0.75 11.7994
      vertex 35.7957 -2.75 11.9444
      vertex 35.7957 -0.75 11.9444
    endloop
  endfacet
  facet normal -0.671519 0 0.740987
    outer loop
      vertex 35.7957 -2.75 11.9444
      vertex 35.6357 -0.75 11.7994
      vertex 35.6357 -2.75 11.7994
    endloop
  endfacet
  facet normal 0.740778 -0 0.67175
    outer loop
      vertex 32.5394 -2.75 12.1043
      vertex 32.6844 -0.75 11.9444
      vertex 32.5394 -0.75 12.1043
    endloop
  endfacet
  facet normal 0.740778 0 0.67175
    outer loop
      vertex 32.6844 -0.75 11.9444
      vertex 32.5394 -2.75 12.1043
      vertex 32.6844 -2.75 11.9444
    endloop
  endfacet
  facet normal 0.427648 0 0.903945
    outer loop
      vertex 33.203 -0.75 11.5598
      vertex 33.3981 -2.75 11.4675
      vertex 33.3981 -0.75 11.4675
    endloop
  endfacet
  facet normal 0.427648 0 0.903945
    outer loop
      vertex 33.3981 -2.75 11.4675
      vertex 33.203 -0.75 11.5598
      vertex 33.203 -2.75 11.5598
    endloop
  endfacet
  facet normal -0.90403 0 0.427469
    outer loop
      vertex 36.1803 -2.75 12.4629
      vertex 36.2726 -0.75 12.6581
      vertex 36.1803 -0.75 12.4629
    endloop
  endfacet
  facet normal -0.90403 0 0.427469
    outer loop
      vertex 36.2726 -0.75 12.6581
      vertex 36.1803 -2.75 12.4629
      vertex 36.2726 -2.75 12.6581
    endloop
  endfacet
  facet normal -0.337275 0 0.941406
    outer loop
      vertex 34.8787 -0.75 11.3947
      vertex 35.0819 -2.75 11.4675
      vertex 35.0819 -0.75 11.4675
    endloop
  endfacet
  facet normal -0.337275 0 0.941406
    outer loop
      vertex 35.0819 -2.75 11.4675
      vertex 34.8787 -0.75 11.3947
      vertex 34.8787 -2.75 11.3947
    endloop
  endfacet
  facet normal -0.514087 0 0.857738
    outer loop
      vertex 35.2771 -0.75 11.5598
      vertex 35.4623 -2.75 11.6708
      vertex 35.4623 -0.75 11.6708
    endloop
  endfacet
  facet normal -0.514087 0 0.857738
    outer loop
      vertex 35.4623 -2.75 11.6708
      vertex 35.2771 -0.75 11.5598
      vertex 35.2771 -2.75 11.5598
    endloop
  endfacet
  facet normal 0.941606 -0 0.336718
    outer loop
      vertex 32.1348 -2.75 12.8614
      vertex 32.2075 -0.75 12.6581
      vertex 32.1348 -0.75 12.8614
    endloop
  endfacet
  facet normal 0.941606 0 0.336718
    outer loop
      vertex 32.2075 -0.75 12.6581
      vertex 32.1348 -2.75 12.8614
      vertex 32.2075 -2.75 12.6581
    endloop
  endfacet
  facet normal 0.242754 0 0.970088
    outer loop
      vertex 33.6014 -0.75 11.3947
      vertex 33.8108 -2.75 11.3423
      vertex 33.8108 -0.75 11.3423
    endloop
  endfacet
  facet normal 0.242754 0 0.970088
    outer loop
      vertex 33.8108 -2.75 11.3423
      vertex 33.6014 -0.75 11.3947
      vertex 33.6014 -2.75 11.3947
    endloop
  endfacet
  facet normal -0.969979 0 -0.24319
    outer loop
      vertex 36.3978 -2.75 13.9292
      vertex 36.3453 -0.75 14.1386
      vertex 36.3978 -0.75 13.9292
    endloop
  endfacet
  facet normal -0.969979 -0 -0.24319
    outer loop
      vertex 36.3453 -0.75 14.1386
      vertex 36.3978 -2.75 13.9292
      vertex 36.3453 -2.75 14.1386
    endloop
  endfacet
  facet normal 0.671519 0 -0.740987
    outer loop
      vertex 32.6844 -2.75 15.0556
      vertex 32.8444 -0.75 15.2006
      vertex 32.8444 -2.75 15.2006
    endloop
  endfacet
  facet normal 0.671519 0 -0.740987
    outer loop
      vertex 32.8444 -0.75 15.2006
      vertex 32.6844 -2.75 15.0556
      vertex 32.6844 -0.75 15.0556
    endloop
  endfacet
  facet normal -0.969979 0 0.24319
    outer loop
      vertex 36.3453 -2.75 12.8614
      vertex 36.3978 -0.75 13.0708
      vertex 36.3453 -0.75 12.8614
    endloop
  endfacet
  facet normal -0.969979 0 0.24319
    outer loop
      vertex 36.3978 -0.75 13.0708
      vertex 36.3453 -2.75 12.8614
      vertex 36.3978 -2.75 13.0708
    endloop
  endfacet
  facet normal -0.989233 0 0.146347
    outer loop
      vertex 36.3978 -2.75 13.0708
      vertex 36.4294 -0.75 13.2844
      vertex 36.3978 -0.75 13.0708
    endloop
  endfacet
  facet normal -0.989233 0 0.146347
    outer loop
      vertex 36.4294 -0.75 13.2844
      vertex 36.3978 -2.75 13.0708
      vertex 36.4294 -2.75 13.2844
    endloop
  endfacet
  facet normal -0.941606 0 0.336718
    outer loop
      vertex 36.2726 -2.75 12.6581
      vertex 36.3453 -0.75 12.8614
      vertex 36.2726 -0.75 12.6581
    endloop
  endfacet
  facet normal -0.941606 0 0.336718
    outer loop
      vertex 36.3453 -0.75 12.8614
      vertex 36.2726 -2.75 12.6581
      vertex 36.3453 -2.75 12.8614
    endloop
  endfacet
  facet normal -0.803212 0 0.595693
    outer loop
      vertex 35.9407 -2.75 12.1043
      vertex 36.0693 -0.75 12.2777
      vertex 35.9407 -0.75 12.1043
    endloop
  endfacet
  facet normal -0.803212 0 0.595693
    outer loop
      vertex 36.0693 -0.75 12.2777
      vertex 35.9407 -2.75 12.1043
      vertex 36.0693 -2.75 12.2777
    endloop
  endfacet
  facet normal -0.740778 0 0.67175
    outer loop
      vertex 35.7957 -2.75 11.9444
      vertex 35.9407 -0.75 12.1043
      vertex 35.7957 -0.75 11.9444
    endloop
  endfacet
  facet normal -0.740778 0 0.67175
    outer loop
      vertex 35.9407 -0.75 12.1043
      vertex 35.7957 -2.75 11.9444
      vertex 35.9407 -2.75 12.1043
    endloop
  endfacet
  facet normal -0.857738 0 0.514087
    outer loop
      vertex 36.0693 -2.75 12.2777
      vertex 36.1803 -0.75 12.4629
      vertex 36.0693 -0.75 12.2777
    endloop
  endfacet
  facet normal -0.857738 0 0.514087
    outer loop
      vertex 36.1803 -0.75 12.4629
      vertex 36.0693 -2.75 12.2777
      vertex 36.1803 -2.75 12.4629
    endloop
  endfacet
  facet normal -0.146868 0 0.989156
    outer loop
      vertex 34.4557 -0.75 11.3106
      vertex 34.6692 -2.75 11.3423
      vertex 34.6692 -0.75 11.3423
    endloop
  endfacet
  facet normal -0.146868 0 0.989156
    outer loop
      vertex 34.6692 -2.75 11.3423
      vertex 34.4557 -0.75 11.3106
      vertex 34.4557 -2.75 11.3106
    endloop
  endfacet
  facet normal -0.242645 0 0.970115
    outer loop
      vertex 34.6692 -0.75 11.3423
      vertex 34.8787 -2.75 11.3947
      vertex 34.8787 -0.75 11.3947
    endloop
  endfacet
  facet normal -0.242645 0 0.970115
    outer loop
      vertex 34.8787 -2.75 11.3947
      vertex 34.6692 -0.75 11.3423
      vertex 34.6692 -2.75 11.3423
    endloop
  endfacet
  facet normal -0.0490831 0 0.998795
    outer loop
      vertex 34.24 -0.75 11.3
      vertex 34.4557 -2.75 11.3106
      vertex 34.4557 -0.75 11.3106
    endloop
  endfacet
  facet normal -0.0490831 0 0.998795
    outer loop
      vertex 34.4557 -2.75 11.3106
      vertex 34.24 -0.75 11.3
      vertex 34.24 -2.75 11.3
    endloop
  endfacet
  facet normal -0.427469 0 0.90403
    outer loop
      vertex 35.0819 -0.75 11.4675
      vertex 35.2771 -2.75 11.5598
      vertex 35.2771 -0.75 11.5598
    endloop
  endfacet
  facet normal -0.427469 0 0.90403
    outer loop
      vertex 35.2771 -2.75 11.5598
      vertex 35.0819 -0.75 11.4675
      vertex 35.0819 -2.75 11.4675
    endloop
  endfacet
  facet normal -0.595693 0 0.803212
    outer loop
      vertex 35.4623 -0.75 11.6708
      vertex 35.6357 -2.75 11.7994
      vertex 35.6357 -0.75 11.7994
    endloop
  endfacet
  facet normal -0.595693 0 0.803212
    outer loop
      vertex 35.6357 -2.75 11.7994
      vertex 35.4623 -0.75 11.6708
      vertex 35.4623 -2.75 11.6708
    endloop
  endfacet
  facet normal 0.989166 -0 0.1468
    outer loop
      vertex 32.0506 -2.75 13.2844
      vertex 32.0823 -0.75 13.0708
      vertex 32.0506 -0.75 13.2844
    endloop
  endfacet
  facet normal 0.989166 0 0.1468
    outer loop
      vertex 32.0823 -0.75 13.0708
      vertex 32.0506 -2.75 13.2844
      vertex 32.0823 -2.75 13.0708
    endloop
  endfacet
  facet normal 0.857738 -0 0.514087
    outer loop
      vertex 32.2998 -2.75 12.4629
      vertex 32.4108 -0.75 12.2777
      vertex 32.2998 -0.75 12.4629
    endloop
  endfacet
  facet normal 0.857738 0 0.514087
    outer loop
      vertex 32.4108 -0.75 12.2777
      vertex 32.2998 -2.75 12.4629
      vertex 32.4108 -2.75 12.2777
    endloop
  endfacet
  facet normal 0.803212 -0 0.595693
    outer loop
      vertex 32.4108 -2.75 12.2777
      vertex 32.5394 -0.75 12.1043
      vertex 32.4108 -0.75 12.2777
    endloop
  endfacet
  facet normal 0.803212 0 0.595693
    outer loop
      vertex 32.5394 -0.75 12.1043
      vertex 32.4108 -2.75 12.2777
      vertex 32.5394 -2.75 12.1043
    endloop
  endfacet
  facet normal 0.90403 -0 0.427469
    outer loop
      vertex 32.2075 -2.75 12.6581
      vertex 32.2998 -0.75 12.4629
      vertex 32.2075 -0.75 12.6581
    endloop
  endfacet
  facet normal 0.90403 0 0.427469
    outer loop
      vertex 32.2998 -0.75 12.4629
      vertex 32.2075 -2.75 12.6581
      vertex 32.2998 -2.75 12.4629
    endloop
  endfacet
  facet normal 0.969979 -0 0.24319
    outer loop
      vertex 32.0823 -2.75 13.0708
      vertex 32.1348 -0.75 12.8614
      vertex 32.0823 -0.75 13.0708
    endloop
  endfacet
  facet normal 0.969979 0 0.24319
    outer loop
      vertex 32.1348 -0.75 12.8614
      vertex 32.0823 -2.75 13.0708
      vertex 32.1348 -2.75 12.8614
    endloop
  endfacet
  facet normal 0.998794 -0 0.0491058
    outer loop
      vertex 32.04 -2.75 13.5
      vertex 32.0506 -0.75 13.2844
      vertex 32.04 -0.75 13.5
    endloop
  endfacet
  facet normal 0.998794 0 0.0491058
    outer loop
      vertex 32.0506 -0.75 13.2844
      vertex 32.04 -2.75 13.5
      vertex 32.0506 -2.75 13.2844
    endloop
  endfacet
  facet normal 0.595693 0 0.803212
    outer loop
      vertex 32.8444 -0.75 11.7994
      vertex 33.0178 -2.75 11.6708
      vertex 33.0178 -0.75 11.6708
    endloop
  endfacet
  facet normal 0.595693 0 0.803212
    outer loop
      vertex 33.0178 -2.75 11.6708
      vertex 32.8444 -0.75 11.7994
      vertex 32.8444 -2.75 11.7994
    endloop
  endfacet
  facet normal 0.514087 0 0.857738
    outer loop
      vertex 33.0178 -0.75 11.6708
      vertex 33.203 -2.75 11.5598
      vertex 33.203 -0.75 11.5598
    endloop
  endfacet
  facet normal 0.514087 0 0.857738
    outer loop
      vertex 33.203 -2.75 11.5598
      vertex 33.0178 -0.75 11.6708
      vertex 33.0178 -2.75 11.6708
    endloop
  endfacet
  facet normal 0.671519 0 0.740987
    outer loop
      vertex 32.6844 -0.75 11.9444
      vertex 32.8444 -2.75 11.7994
      vertex 32.8444 -0.75 11.7994
    endloop
  endfacet
  facet normal 0.671519 0 0.740987
    outer loop
      vertex 32.8444 -2.75 11.7994
      vertex 32.6844 -0.75 11.9444
      vertex 32.6844 -2.75 11.9444
    endloop
  endfacet
  facet normal 0.337128 0 0.941459
    outer loop
      vertex 33.3981 -0.75 11.4675
      vertex 33.6014 -2.75 11.3947
      vertex 33.6014 -0.75 11.3947
    endloop
  endfacet
  facet normal 0.337128 0 0.941459
    outer loop
      vertex 33.6014 -2.75 11.3947
      vertex 33.3981 -0.75 11.4675
      vertex 33.3981 -2.75 11.4675
    endloop
  endfacet
  facet normal 0.1468 0 0.989166
    outer loop
      vertex 33.8108 -0.75 11.3423
      vertex 34.0244 -2.75 11.3106
      vertex 34.0244 -0.75 11.3106
    endloop
  endfacet
  facet normal 0.1468 0 0.989166
    outer loop
      vertex 34.0244 -2.75 11.3106
      vertex 33.8108 -0.75 11.3423
      vertex 33.8108 -2.75 11.3423
    endloop
  endfacet
  facet normal -0.146868 0 -0.989156
    outer loop
      vertex 34.4557 -2.75 15.6894
      vertex 34.6692 -0.75 15.6577
      vertex 34.6692 -2.75 15.6577
    endloop
  endfacet
  facet normal -0.146868 0 -0.989156
    outer loop
      vertex 34.6692 -0.75 15.6577
      vertex 34.4557 -2.75 15.6894
      vertex 34.4557 -0.75 15.6894
    endloop
  endfacet
  facet normal -0.337275 0 -0.941406
    outer loop
      vertex 34.8787 -2.75 15.6053
      vertex 35.0819 -0.75 15.5325
      vertex 35.0819 -2.75 15.5325
    endloop
  endfacet
  facet normal -0.337275 0 -0.941406
    outer loop
      vertex 35.0819 -0.75 15.5325
      vertex 34.8787 -2.75 15.6053
      vertex 34.8787 -0.75 15.6053
    endloop
  endfacet
  facet normal -0.671519 0 -0.740987
    outer loop
      vertex 35.6357 -2.75 15.2006
      vertex 35.7957 -0.75 15.0556
      vertex 35.7957 -2.75 15.0556
    endloop
  endfacet
  facet normal -0.671519 0 -0.740987
    outer loop
      vertex 35.7957 -0.75 15.0556
      vertex 35.6357 -2.75 15.2006
      vertex 35.6357 -0.75 15.2006
    endloop
  endfacet
  facet normal -0.514087 0 -0.857738
    outer loop
      vertex 35.2771 -2.75 15.4402
      vertex 35.4623 -0.75 15.3292
      vertex 35.4623 -2.75 15.3292
    endloop
  endfacet
  facet normal -0.514087 0 -0.857738
    outer loop
      vertex 35.4623 -0.75 15.3292
      vertex 35.2771 -2.75 15.4402
      vertex 35.2771 -0.75 15.4402
    endloop
  endfacet
  facet normal -0.803212 0 -0.595693
    outer loop
      vertex 36.0693 -2.75 14.7223
      vertex 35.9407 -0.75 14.8957
      vertex 36.0693 -0.75 14.7223
    endloop
  endfacet
  facet normal -0.803212 -0 -0.595693
    outer loop
      vertex 35.9407 -0.75 14.8957
      vertex 36.0693 -2.75 14.7223
      vertex 35.9407 -2.75 14.8957
    endloop
  endfacet
  facet normal -0.90403 0 -0.427469
    outer loop
      vertex 36.2726 -2.75 14.3419
      vertex 36.1803 -0.75 14.5371
      vertex 36.2726 -0.75 14.3419
    endloop
  endfacet
  facet normal -0.90403 -0 -0.427469
    outer loop
      vertex 36.1803 -0.75 14.5371
      vertex 36.2726 -2.75 14.3419
      vertex 36.1803 -2.75 14.5371
    endloop
  endfacet
  facet normal 0.595693 0 -0.803212
    outer loop
      vertex 32.8444 -2.75 15.2006
      vertex 33.0178 -0.75 15.3292
      vertex 33.0178 -2.75 15.3292
    endloop
  endfacet
  facet normal 0.595693 0 -0.803212
    outer loop
      vertex 33.0178 -0.75 15.3292
      vertex 32.8444 -2.75 15.2006
      vertex 32.8444 -0.75 15.2006
    endloop
  endfacet
  facet normal 0.427648 0 -0.903945
    outer loop
      vertex 33.203 -2.75 15.4402
      vertex 33.3981 -0.75 15.5325
      vertex 33.3981 -2.75 15.5325
    endloop
  endfacet
  facet normal 0.427648 0 -0.903945
    outer loop
      vertex 33.3981 -0.75 15.5325
      vertex 33.203 -2.75 15.4402
      vertex 33.203 -0.75 15.4402
    endloop
  endfacet
  facet normal 0.242754 0 -0.970088
    outer loop
      vertex 33.6014 -2.75 15.6053
      vertex 33.8108 -0.75 15.6577
      vertex 33.8108 -2.75 15.6577
    endloop
  endfacet
  facet normal 0.242754 0 -0.970088
    outer loop
      vertex 33.8108 -0.75 15.6577
      vertex 33.6014 -2.75 15.6053
      vertex 33.6014 -0.75 15.6053
    endloop
  endfacet
  facet normal 0.0491058 0 -0.998794
    outer loop
      vertex 34.0244 -2.75 15.6894
      vertex 34.24 -0.75 15.7
      vertex 34.24 -2.75 15.7
    endloop
  endfacet
  facet normal 0.0491058 0 -0.998794
    outer loop
      vertex 34.24 -0.75 15.7
      vertex 34.0244 -2.75 15.6894
      vertex 34.0244 -0.75 15.6894
    endloop
  endfacet
  facet normal 0.803212 0 -0.595693
    outer loop
      vertex 32.5394 -2.75 14.8957
      vertex 32.4108 -0.75 14.7223
      vertex 32.5394 -0.75 14.8957
    endloop
  endfacet
  facet normal 0.803212 0 -0.595693
    outer loop
      vertex 32.4108 -0.75 14.7223
      vertex 32.5394 -2.75 14.8957
      vertex 32.4108 -2.75 14.7223
    endloop
  endfacet
  facet normal 0.857738 0 -0.514087
    outer loop
      vertex 32.4108 -2.75 14.7223
      vertex 32.2998 -0.75 14.5371
      vertex 32.4108 -0.75 14.7223
    endloop
  endfacet
  facet normal 0.857738 0 -0.514087
    outer loop
      vertex 32.2998 -0.75 14.5371
      vertex 32.4108 -2.75 14.7223
      vertex 32.2998 -2.75 14.5371
    endloop
  endfacet
  facet normal 0.740778 0 -0.67175
    outer loop
      vertex 32.6844 -2.75 15.0556
      vertex 32.5394 -0.75 14.8957
      vertex 32.6844 -0.75 15.0556
    endloop
  endfacet
  facet normal 0.740778 0 -0.67175
    outer loop
      vertex 32.5394 -0.75 14.8957
      vertex 32.6844 -2.75 15.0556
      vertex 32.5394 -2.75 14.8957
    endloop
  endfacet
  facet normal 0.941606 0 -0.336718
    outer loop
      vertex 32.2075 -2.75 14.3419
      vertex 32.1348 -0.75 14.1386
      vertex 32.2075 -0.75 14.3419
    endloop
  endfacet
  facet normal 0.941606 0 -0.336718
    outer loop
      vertex 32.1348 -0.75 14.1386
      vertex 32.2075 -2.75 14.3419
      vertex 32.1348 -2.75 14.1386
    endloop
  endfacet
  facet normal 0.90403 0 -0.427469
    outer loop
      vertex 32.2998 -2.75 14.5371
      vertex 32.2075 -0.75 14.3419
      vertex 32.2998 -0.75 14.5371
    endloop
  endfacet
  facet normal 0.90403 0 -0.427469
    outer loop
      vertex 32.2075 -0.75 14.3419
      vertex 32.2998 -2.75 14.5371
      vertex 32.2075 -2.75 14.3419
    endloop
  endfacet
  facet normal 0.989166 0 -0.1468
    outer loop
      vertex 32.0823 -2.75 13.9292
      vertex 32.0506 -0.75 13.7156
      vertex 32.0823 -0.75 13.9292
    endloop
  endfacet
  facet normal 0.989166 0 -0.1468
    outer loop
      vertex 32.0506 -0.75 13.7156
      vertex 32.0823 -2.75 13.9292
      vertex 32.0506 -2.75 13.7156
    endloop
  endfacet
  facet normal 0.998794 0 -0.0491058
    outer loop
      vertex 32.0506 -2.75 13.7156
      vertex 32.04 -0.75 13.5
      vertex 32.0506 -0.75 13.7156
    endloop
  endfacet
  facet normal 0.998794 0 -0.0491058
    outer loop
      vertex 32.04 -0.75 13.5
      vertex 32.0506 -2.75 13.7156
      vertex 32.04 -2.75 13.5
    endloop
  endfacet
  facet normal -0.242645 0 -0.970115
    outer loop
      vertex 34.6692 -2.75 15.6577
      vertex 34.8787 -0.75 15.6053
      vertex 34.8787 -2.75 15.6053
    endloop
  endfacet
  facet normal -0.242645 0 -0.970115
    outer loop
      vertex 34.8787 -0.75 15.6053
      vertex 34.6692 -2.75 15.6577
      vertex 34.6692 -0.75 15.6577
    endloop
  endfacet
  facet normal -0.427469 0 -0.90403
    outer loop
      vertex 35.0819 -2.75 15.5325
      vertex 35.2771 -0.75 15.4402
      vertex 35.2771 -2.75 15.4402
    endloop
  endfacet
  facet normal -0.427469 0 -0.90403
    outer loop
      vertex 35.2771 -0.75 15.4402
      vertex 35.0819 -2.75 15.5325
      vertex 35.0819 -0.75 15.5325
    endloop
  endfacet
  facet normal -0.740778 0 -0.67175
    outer loop
      vertex 35.9407 -2.75 14.8957
      vertex 35.7957 -0.75 15.0556
      vertex 35.9407 -0.75 14.8957
    endloop
  endfacet
  facet normal -0.740778 -0 -0.67175
    outer loop
      vertex 35.7957 -0.75 15.0556
      vertex 35.9407 -2.75 14.8957
      vertex 35.7957 -2.75 15.0556
    endloop
  endfacet
  facet normal -0.595693 0 -0.803212
    outer loop
      vertex 35.4623 -2.75 15.3292
      vertex 35.6357 -0.75 15.2006
      vertex 35.6357 -2.75 15.2006
    endloop
  endfacet
  facet normal -0.595693 0 -0.803212
    outer loop
      vertex 35.6357 -0.75 15.2006
      vertex 35.4623 -2.75 15.3292
      vertex 35.4623 -0.75 15.3292
    endloop
  endfacet
  facet normal -0.857738 0 -0.514087
    outer loop
      vertex 36.1803 -2.75 14.5371
      vertex 36.0693 -0.75 14.7223
      vertex 36.1803 -0.75 14.5371
    endloop
  endfacet
  facet normal -0.857738 -0 -0.514087
    outer loop
      vertex 36.0693 -0.75 14.7223
      vertex 36.1803 -2.75 14.5371
      vertex 36.0693 -2.75 14.7223
    endloop
  endfacet
  facet normal -0.941606 0 -0.336718
    outer loop
      vertex 36.3453 -2.75 14.1386
      vertex 36.2726 -0.75 14.3419
      vertex 36.3453 -0.75 14.1386
    endloop
  endfacet
  facet normal -0.941606 -0 -0.336718
    outer loop
      vertex 36.2726 -0.75 14.3419
      vertex 36.3453 -2.75 14.1386
      vertex 36.2726 -2.75 14.3419
    endloop
  endfacet
  facet normal -0.989233 0 -0.146347
    outer loop
      vertex 36.4294 -2.75 13.7156
      vertex 36.3978 -0.75 13.9292
      vertex 36.4294 -0.75 13.7156
    endloop
  endfacet
  facet normal -0.989233 -0 -0.146347
    outer loop
      vertex 36.3978 -0.75 13.9292
      vertex 36.4294 -2.75 13.7156
      vertex 36.3978 -2.75 13.9292
    endloop
  endfacet
  facet normal 0.514087 0 -0.857738
    outer loop
      vertex 33.0178 -2.75 15.3292
      vertex 33.203 -0.75 15.4402
      vertex 33.203 -2.75 15.4402
    endloop
  endfacet
  facet normal 0.514087 0 -0.857738
    outer loop
      vertex 33.203 -0.75 15.4402
      vertex 33.0178 -2.75 15.3292
      vertex 33.0178 -0.75 15.3292
    endloop
  endfacet
  facet normal 0.337128 0 -0.941459
    outer loop
      vertex 33.3981 -2.75 15.5325
      vertex 33.6014 -0.75 15.6053
      vertex 33.6014 -2.75 15.6053
    endloop
  endfacet
  facet normal 0.337128 0 -0.941459
    outer loop
      vertex 33.6014 -0.75 15.6053
      vertex 33.3981 -2.75 15.5325
      vertex 33.3981 -0.75 15.5325
    endloop
  endfacet
  facet normal 0.1468 0 -0.989166
    outer loop
      vertex 33.8108 -2.75 15.6577
      vertex 34.0244 -0.75 15.6894
      vertex 34.0244 -2.75 15.6894
    endloop
  endfacet
  facet normal 0.1468 0 -0.989166
    outer loop
      vertex 34.0244 -0.75 15.6894
      vertex 33.8108 -2.75 15.6577
      vertex 33.8108 -0.75 15.6577
    endloop
  endfacet
  facet normal 0.969979 0 -0.24319
    outer loop
      vertex 32.1348 -2.75 14.1386
      vertex 32.0823 -0.75 13.9292
      vertex 32.1348 -0.75 14.1386
    endloop
  endfacet
  facet normal 0.969979 0 -0.24319
    outer loop
      vertex 32.0823 -0.75 13.9292
      vertex 32.1348 -2.75 14.1386
      vertex 32.0823 -2.75 13.9292
    endloop
  endfacet
  facet normal -0.998794 0 -0.0491058
    outer loop
      vertex 36.44 -2.75 13.5
      vertex 36.4294 -0.75 13.7156
      vertex 36.44 -0.75 13.5
    endloop
  endfacet
  facet normal -0.998794 -0 -0.0491058
    outer loop
      vertex 36.4294 -0.75 13.7156
      vertex 36.44 -2.75 13.5
      vertex 36.4294 -2.75 13.7156
    endloop
  endfacet
  facet normal -0.998794 0 0.0491058
    outer loop
      vertex -32.0506 -2.75 13.2844
      vertex -32.04 -0.75 13.5
      vertex -32.0506 -0.75 13.2844
    endloop
  endfacet
  facet normal -0.998794 0 0.0491058
    outer loop
      vertex -32.04 -0.75 13.5
      vertex -32.0506 -2.75 13.2844
      vertex -32.04 -2.75 13.5
    endloop
  endfacet
  facet normal 0.0490831 0 0.998795
    outer loop
      vertex -34.4557 -0.75 11.3106
      vertex -34.24 -2.75 11.3
      vertex -34.24 -0.75 11.3
    endloop
  endfacet
  facet normal 0.0490831 0 0.998795
    outer loop
      vertex -34.24 -2.75 11.3
      vertex -34.4557 -0.75 11.3106
      vertex -34.4557 -2.75 11.3106
    endloop
  endfacet
  facet normal -0.0491058 0 -0.998794
    outer loop
      vertex -34.24 -2.75 15.7
      vertex -34.0244 -0.75 15.6894
      vertex -34.0244 -2.75 15.6894
    endloop
  endfacet
  facet normal -0.0491058 0 -0.998794
    outer loop
      vertex -34.0244 -0.75 15.6894
      vertex -34.24 -2.75 15.7
      vertex -34.24 -0.75 15.7
    endloop
  endfacet
  facet normal 0.671519 0 -0.740987
    outer loop
      vertex -35.7957 -2.75 15.0556
      vertex -35.6357 -0.75 15.2006
      vertex -35.6357 -2.75 15.2006
    endloop
  endfacet
  facet normal 0.671519 0 -0.740987
    outer loop
      vertex -35.6357 -0.75 15.2006
      vertex -35.7957 -2.75 15.0556
      vertex -35.7957 -0.75 15.0556
    endloop
  endfacet
  facet normal -0.671519 0 0.740987
    outer loop
      vertex -32.8444 -0.75 11.7994
      vertex -32.6844 -2.75 11.9444
      vertex -32.6844 -0.75 11.9444
    endloop
  endfacet
  facet normal -0.671519 0 0.740987
    outer loop
      vertex -32.6844 -2.75 11.9444
      vertex -32.8444 -0.75 11.7994
      vertex -32.8444 -2.75 11.7994
    endloop
  endfacet
  facet normal 0.740778 -0 0.67175
    outer loop
      vertex -35.9407 -2.75 12.1043
      vertex -35.7957 -0.75 11.9444
      vertex -35.9407 -0.75 12.1043
    endloop
  endfacet
  facet normal 0.740778 0 0.67175
    outer loop
      vertex -35.7957 -0.75 11.9444
      vertex -35.9407 -2.75 12.1043
      vertex -35.7957 -2.75 11.9444
    endloop
  endfacet
  facet normal 0.427469 0 0.90403
    outer loop
      vertex -35.2771 -0.75 11.5598
      vertex -35.0819 -2.75 11.4675
      vertex -35.0819 -0.75 11.4675
    endloop
  endfacet
  facet normal 0.427469 0 0.90403
    outer loop
      vertex -35.0819 -2.75 11.4675
      vertex -35.2771 -0.75 11.5598
      vertex -35.2771 -2.75 11.5598
    endloop
  endfacet
  facet normal 0.90403 0 -0.427469
    outer loop
      vertex -36.1803 -2.75 14.5371
      vertex -36.2726 -0.75 14.3419
      vertex -36.1803 -0.75 14.5371
    endloop
  endfacet
  facet normal 0.90403 0 -0.427469
    outer loop
      vertex -36.2726 -0.75 14.3419
      vertex -36.1803 -2.75 14.5371
      vertex -36.2726 -2.75 14.3419
    endloop
  endfacet
  facet normal -0.90403 0 0.427469
    outer loop
      vertex -32.2998 -2.75 12.4629
      vertex -32.2075 -0.75 12.6581
      vertex -32.2998 -0.75 12.4629
    endloop
  endfacet
  facet normal -0.90403 0 0.427469
    outer loop
      vertex -32.2075 -0.75 12.6581
      vertex -32.2998 -2.75 12.4629
      vertex -32.2075 -2.75 12.6581
    endloop
  endfacet
  facet normal -0.337128 0 0.941459
    outer loop
      vertex -33.6014 -0.75 11.3947
      vertex -33.3981 -2.75 11.4675
      vertex -33.3981 -0.75 11.4675
    endloop
  endfacet
  facet normal -0.337128 0 0.941459
    outer loop
      vertex -33.3981 -2.75 11.4675
      vertex -33.6014 -0.75 11.3947
      vertex -33.6014 -2.75 11.3947
    endloop
  endfacet
  facet normal -0.514087 0 0.857738
    outer loop
      vertex -33.203 -0.75 11.5598
      vertex -33.0178 -2.75 11.6708
      vertex -33.0178 -0.75 11.6708
    endloop
  endfacet
  facet normal -0.514087 0 0.857738
    outer loop
      vertex -33.0178 -2.75 11.6708
      vertex -33.203 -0.75 11.5598
      vertex -33.203 -2.75 11.5598
    endloop
  endfacet
  facet normal 0.941606 -0 0.336718
    outer loop
      vertex -36.3453 -2.75 12.8614
      vertex -36.2726 -0.75 12.6581
      vertex -36.3453 -0.75 12.8614
    endloop
  endfacet
  facet normal 0.941606 0 0.336718
    outer loop
      vertex -36.2726 -0.75 12.6581
      vertex -36.3453 -2.75 12.8614
      vertex -36.2726 -2.75 12.6581
    endloop
  endfacet
  facet normal 0.242645 0 0.970115
    outer loop
      vertex -34.8787 -0.75 11.3947
      vertex -34.6692 -2.75 11.3423
      vertex -34.6692 -0.75 11.3423
    endloop
  endfacet
  facet normal 0.242645 0 0.970115
    outer loop
      vertex -34.6692 -2.75 11.3423
      vertex -34.8787 -0.75 11.3947
      vertex -34.8787 -2.75 11.3947
    endloop
  endfacet
  facet normal -0.941606 0 -0.336718
    outer loop
      vertex -32.1348 -2.75 14.1386
      vertex -32.2075 -0.75 14.3419
      vertex -32.1348 -0.75 14.1386
    endloop
  endfacet
  facet normal -0.941606 -0 -0.336718
    outer loop
      vertex -32.2075 -0.75 14.3419
      vertex -32.1348 -2.75 14.1386
      vertex -32.2075 -2.75 14.3419
    endloop
  endfacet
  facet normal -0.969979 0 -0.24319
    outer loop
      vertex -32.0823 -2.75 13.9292
      vertex -32.1348 -0.75 14.1386
      vertex -32.0823 -0.75 13.9292
    endloop
  endfacet
  facet normal -0.969979 -0 -0.24319
    outer loop
      vertex -32.1348 -0.75 14.1386
      vertex -32.0823 -2.75 13.9292
      vertex -32.1348 -2.75 14.1386
    endloop
  endfacet
  facet normal -0.969979 0 0.24319
    outer loop
      vertex -32.1348 -2.75 12.8614
      vertex -32.0823 -0.75 13.0708
      vertex -32.1348 -0.75 12.8614
    endloop
  endfacet
  facet normal -0.969979 0 0.24319
    outer loop
      vertex -32.0823 -0.75 13.0708
      vertex -32.1348 -2.75 12.8614
      vertex -32.0823 -2.75 13.0708
    endloop
  endfacet
  facet normal -0.989166 0 0.1468
    outer loop
      vertex -32.0823 -2.75 13.0708
      vertex -32.0506 -0.75 13.2844
      vertex -32.0823 -0.75 13.0708
    endloop
  endfacet
  facet normal -0.989166 0 0.1468
    outer loop
      vertex -32.0506 -0.75 13.2844
      vertex -32.0823 -2.75 13.0708
      vertex -32.0506 -2.75 13.2844
    endloop
  endfacet
  facet normal -0.941606 0 0.336718
    outer loop
      vertex -32.2075 -2.75 12.6581
      vertex -32.1348 -0.75 12.8614
      vertex -32.2075 -0.75 12.6581
    endloop
  endfacet
  facet normal -0.941606 0 0.336718
    outer loop
      vertex -32.1348 -0.75 12.8614
      vertex -32.2075 -2.75 12.6581
      vertex -32.1348 -2.75 12.8614
    endloop
  endfacet
  facet normal -0.803212 0 0.595693
    outer loop
      vertex -32.5394 -2.75 12.1043
      vertex -32.4108 -0.75 12.2777
      vertex -32.5394 -0.75 12.1043
    endloop
  endfacet
  facet normal -0.803212 0 0.595693
    outer loop
      vertex -32.4108 -0.75 12.2777
      vertex -32.5394 -2.75 12.1043
      vertex -32.4108 -2.75 12.2777
    endloop
  endfacet
  facet normal -0.740778 0 0.67175
    outer loop
      vertex -32.6844 -2.75 11.9444
      vertex -32.5394 -0.75 12.1043
      vertex -32.6844 -0.75 11.9444
    endloop
  endfacet
  facet normal -0.740778 0 0.67175
    outer loop
      vertex -32.5394 -0.75 12.1043
      vertex -32.6844 -2.75 11.9444
      vertex -32.5394 -2.75 12.1043
    endloop
  endfacet
  facet normal -0.857738 0 0.514087
    outer loop
      vertex -32.4108 -2.75 12.2777
      vertex -32.2998 -0.75 12.4629
      vertex -32.4108 -0.75 12.2777
    endloop
  endfacet
  facet normal -0.857738 0 0.514087
    outer loop
      vertex -32.2998 -0.75 12.4629
      vertex -32.4108 -2.75 12.2777
      vertex -32.2998 -2.75 12.4629
    endloop
  endfacet
  facet normal -0.1468 0 0.989166
    outer loop
      vertex -34.0244 -0.75 11.3106
      vertex -33.8108 -2.75 11.3423
      vertex -33.8108 -0.75 11.3423
    endloop
  endfacet
  facet normal -0.1468 0 0.989166
    outer loop
      vertex -33.8108 -2.75 11.3423
      vertex -34.0244 -0.75 11.3106
      vertex -34.0244 -2.75 11.3106
    endloop
  endfacet
  facet normal -0.242754 0 0.970088
    outer loop
      vertex -33.8108 -0.75 11.3423
      vertex -33.6014 -2.75 11.3947
      vertex -33.6014 -0.75 11.3947
    endloop
  endfacet
  facet normal -0.242754 0 0.970088
    outer loop
      vertex -33.6014 -2.75 11.3947
      vertex -33.8108 -0.75 11.3423
      vertex -33.8108 -2.75 11.3423
    endloop
  endfacet
  facet normal -0.0491058 0 0.998794
    outer loop
      vertex -34.24 -0.75 11.3
      vertex -34.0244 -2.75 11.3106
      vertex -34.0244 -0.75 11.3106
    endloop
  endfacet
  facet normal -0.0491058 0 0.998794
    outer loop
      vertex -34.0244 -2.75 11.3106
      vertex -34.24 -0.75 11.3
      vertex -34.24 -2.75 11.3
    endloop
  endfacet
  facet normal -0.427648 0 0.903945
    outer loop
      vertex -33.3981 -0.75 11.4675
      vertex -33.203 -2.75 11.5598
      vertex -33.203 -0.75 11.5598
    endloop
  endfacet
  facet normal -0.427648 0 0.903945
    outer loop
      vertex -33.203 -2.75 11.5598
      vertex -33.3981 -0.75 11.4675
      vertex -33.3981 -2.75 11.4675
    endloop
  endfacet
  facet normal -0.595693 0 0.803212
    outer loop
      vertex -33.0178 -0.75 11.6708
      vertex -32.8444 -2.75 11.7994
      vertex -32.8444 -0.75 11.7994
    endloop
  endfacet
  facet normal -0.595693 0 0.803212
    outer loop
      vertex -32.8444 -2.75 11.7994
      vertex -33.0178 -0.75 11.6708
      vertex -33.0178 -2.75 11.6708
    endloop
  endfacet
  facet normal 0.989233 -0 0.146347
    outer loop
      vertex -36.4294 -2.75 13.2844
      vertex -36.3978 -0.75 13.0708
      vertex -36.4294 -0.75 13.2844
    endloop
  endfacet
  facet normal 0.989233 0 0.146347
    outer loop
      vertex -36.3978 -0.75 13.0708
      vertex -36.4294 -2.75 13.2844
      vertex -36.3978 -2.75 13.0708
    endloop
  endfacet
  facet normal 0.857738 -0 0.514087
    outer loop
      vertex -36.1803 -2.75 12.4629
      vertex -36.0693 -0.75 12.2777
      vertex -36.1803 -0.75 12.4629
    endloop
  endfacet
  facet normal 0.857738 0 0.514087
    outer loop
      vertex -36.0693 -0.75 12.2777
      vertex -36.1803 -2.75 12.4629
      vertex -36.0693 -2.75 12.2777
    endloop
  endfacet
  facet normal 0.803212 -0 0.595693
    outer loop
      vertex -36.0693 -2.75 12.2777
      vertex -35.9407 -0.75 12.1043
      vertex -36.0693 -0.75 12.2777
    endloop
  endfacet
  facet normal 0.803212 0 0.595693
    outer loop
      vertex -35.9407 -0.75 12.1043
      vertex -36.0693 -2.75 12.2777
      vertex -35.9407 -2.75 12.1043
    endloop
  endfacet
  facet normal 0.90403 -0 0.427469
    outer loop
      vertex -36.2726 -2.75 12.6581
      vertex -36.1803 -0.75 12.4629
      vertex -36.2726 -0.75 12.6581
    endloop
  endfacet
  facet normal 0.90403 0 0.427469
    outer loop
      vertex -36.1803 -0.75 12.4629
      vertex -36.2726 -2.75 12.6581
      vertex -36.1803 -2.75 12.4629
    endloop
  endfacet
  facet normal 0.969979 -0 0.24319
    outer loop
      vertex -36.3978 -2.75 13.0708
      vertex -36.3453 -0.75 12.8614
      vertex -36.3978 -0.75 13.0708
    endloop
  endfacet
  facet normal 0.969979 0 0.24319
    outer loop
      vertex -36.3453 -0.75 12.8614
      vertex -36.3978 -2.75 13.0708
      vertex -36.3453 -2.75 12.8614
    endloop
  endfacet
  facet normal 0.998794 -0 0.0491058
    outer loop
      vertex -36.44 -2.75 13.5
      vertex -36.4294 -0.75 13.2844
      vertex -36.44 -0.75 13.5
    endloop
  endfacet
  facet normal 0.998794 0 0.0491058
    outer loop
      vertex -36.4294 -0.75 13.2844
      vertex -36.44 -2.75 13.5
      vertex -36.4294 -2.75 13.2844
    endloop
  endfacet
  facet normal 0.595693 0 0.803212
    outer loop
      vertex -35.6357 -0.75 11.7994
      vertex -35.4623 -2.75 11.6708
      vertex -35.4623 -0.75 11.6708
    endloop
  endfacet
  facet normal 0.595693 0 0.803212
    outer loop
      vertex -35.4623 -2.75 11.6708
      vertex -35.6357 -0.75 11.7994
      vertex -35.6357 -2.75 11.7994
    endloop
  endfacet
  facet normal 0.514087 0 0.857738
    outer loop
      vertex -35.4623 -0.75 11.6708
      vertex -35.2771 -2.75 11.5598
      vertex -35.2771 -0.75 11.5598
    endloop
  endfacet
  facet normal 0.514087 0 0.857738
    outer loop
      vertex -35.2771 -2.75 11.5598
      vertex -35.4623 -0.75 11.6708
      vertex -35.4623 -2.75 11.6708
    endloop
  endfacet
  facet normal 0.671519 0 0.740987
    outer loop
      vertex -35.7957 -0.75 11.9444
      vertex -35.6357 -2.75 11.7994
      vertex -35.6357 -0.75 11.7994
    endloop
  endfacet
  facet normal 0.671519 0 0.740987
    outer loop
      vertex -35.6357 -2.75 11.7994
      vertex -35.7957 -0.75 11.9444
      vertex -35.7957 -2.75 11.9444
    endloop
  endfacet
  facet normal 0.337275 0 0.941406
    outer loop
      vertex -35.0819 -0.75 11.4675
      vertex -34.8787 -2.75 11.3947
      vertex -34.8787 -0.75 11.3947
    endloop
  endfacet
  facet normal 0.337275 0 0.941406
    outer loop
      vertex -34.8787 -2.75 11.3947
      vertex -35.0819 -0.75 11.4675
      vertex -35.0819 -2.75 11.4675
    endloop
  endfacet
  facet normal 0.146868 0 0.989156
    outer loop
      vertex -34.6692 -0.75 11.3423
      vertex -34.4557 -2.75 11.3106
      vertex -34.4557 -0.75 11.3106
    endloop
  endfacet
  facet normal 0.146868 0 0.989156
    outer loop
      vertex -34.4557 -2.75 11.3106
      vertex -34.6692 -0.75 11.3423
      vertex -34.6692 -2.75 11.3423
    endloop
  endfacet
  facet normal -0.998794 0 -0.0491058
    outer loop
      vertex -32.04 -2.75 13.5
      vertex -32.0506 -0.75 13.7156
      vertex -32.04 -0.75 13.5
    endloop
  endfacet
  facet normal -0.998794 -0 -0.0491058
    outer loop
      vertex -32.0506 -0.75 13.7156
      vertex -32.04 -2.75 13.5
      vertex -32.0506 -2.75 13.7156
    endloop
  endfacet
  facet normal -0.1468 0 -0.989166
    outer loop
      vertex -34.0244 -2.75 15.6894
      vertex -33.8108 -0.75 15.6577
      vertex -33.8108 -2.75 15.6577
    endloop
  endfacet
  facet normal -0.1468 0 -0.989166
    outer loop
      vertex -33.8108 -0.75 15.6577
      vertex -34.0244 -2.75 15.6894
      vertex -34.0244 -0.75 15.6894
    endloop
  endfacet
  facet normal -0.337128 0 -0.941459
    outer loop
      vertex -33.6014 -2.75 15.6053
      vertex -33.3981 -0.75 15.5325
      vertex -33.3981 -2.75 15.5325
    endloop
  endfacet
  facet normal -0.337128 0 -0.941459
    outer loop
      vertex -33.3981 -0.75 15.5325
      vertex -33.6014 -2.75 15.6053
      vertex -33.6014 -0.75 15.6053
    endloop
  endfacet
  facet normal -0.671519 0 -0.740987
    outer loop
      vertex -32.8444 -2.75 15.2006
      vertex -32.6844 -0.75 15.0556
      vertex -32.6844 -2.75 15.0556
    endloop
  endfacet
  facet normal -0.671519 0 -0.740987
    outer loop
      vertex -32.6844 -0.75 15.0556
      vertex -32.8444 -2.75 15.2006
      vertex -32.8444 -0.75 15.2006
    endloop
  endfacet
  facet normal -0.514087 0 -0.857738
    outer loop
      vertex -33.203 -2.75 15.4402
      vertex -33.0178 -0.75 15.3292
      vertex -33.0178 -2.75 15.3292
    endloop
  endfacet
  facet normal -0.514087 0 -0.857738
    outer loop
      vertex -33.0178 -0.75 15.3292
      vertex -33.203 -2.75 15.4402
      vertex -33.203 -0.75 15.4402
    endloop
  endfacet
  facet normal -0.803212 0 -0.595693
    outer loop
      vertex -32.4108 -2.75 14.7223
      vertex -32.5394 -0.75 14.8957
      vertex -32.4108 -0.75 14.7223
    endloop
  endfacet
  facet normal -0.803212 -0 -0.595693
    outer loop
      vertex -32.5394 -0.75 14.8957
      vertex -32.4108 -2.75 14.7223
      vertex -32.5394 -2.75 14.8957
    endloop
  endfacet
  facet normal -0.90403 0 -0.427469
    outer loop
      vertex -32.2075 -2.75 14.3419
      vertex -32.2998 -0.75 14.5371
      vertex -32.2075 -0.75 14.3419
    endloop
  endfacet
  facet normal -0.90403 -0 -0.427469
    outer loop
      vertex -32.2998 -0.75 14.5371
      vertex -32.2075 -2.75 14.3419
      vertex -32.2998 -2.75 14.5371
    endloop
  endfacet
  facet normal 0.595693 0 -0.803212
    outer loop
      vertex -35.6357 -2.75 15.2006
      vertex -35.4623 -0.75 15.3292
      vertex -35.4623 -2.75 15.3292
    endloop
  endfacet
  facet normal 0.595693 0 -0.803212
    outer loop
      vertex -35.4623 -0.75 15.3292
      vertex -35.6357 -2.75 15.2006
      vertex -35.6357 -0.75 15.2006
    endloop
  endfacet
  facet normal 0.427469 0 -0.90403
    outer loop
      vertex -35.2771 -2.75 15.4402
      vertex -35.0819 -0.75 15.5325
      vertex -35.0819 -2.75 15.5325
    endloop
  endfacet
  facet normal 0.427469 0 -0.90403
    outer loop
      vertex -35.0819 -0.75 15.5325
      vertex -35.2771 -2.75 15.4402
      vertex -35.2771 -0.75 15.4402
    endloop
  endfacet
  facet normal 0.242645 0 -0.970115
    outer loop
      vertex -34.8787 -2.75 15.6053
      vertex -34.6692 -0.75 15.6577
      vertex -34.6692 -2.75 15.6577
    endloop
  endfacet
  facet normal 0.242645 0 -0.970115
    outer loop
      vertex -34.6692 -0.75 15.6577
      vertex -34.8787 -2.75 15.6053
      vertex -34.8787 -0.75 15.6053
    endloop
  endfacet
  facet normal 0.0490831 0 -0.998795
    outer loop
      vertex -34.4557 -2.75 15.6894
      vertex -34.24 -0.75 15.7
      vertex -34.24 -2.75 15.7
    endloop
  endfacet
  facet normal 0.0490831 0 -0.998795
    outer loop
      vertex -34.24 -0.75 15.7
      vertex -34.4557 -2.75 15.6894
      vertex -34.4557 -0.75 15.6894
    endloop
  endfacet
  facet normal 0.857738 0 -0.514087
    outer loop
      vertex -36.0693 -2.75 14.7223
      vertex -36.1803 -0.75 14.5371
      vertex -36.0693 -0.75 14.7223
    endloop
  endfacet
  facet normal 0.857738 0 -0.514087
    outer loop
      vertex -36.1803 -0.75 14.5371
      vertex -36.0693 -2.75 14.7223
      vertex -36.1803 -2.75 14.5371
    endloop
  endfacet
  facet normal 0.740778 0 -0.67175
    outer loop
      vertex -35.7957 -2.75 15.0556
      vertex -35.9407 -0.75 14.8957
      vertex -35.7957 -0.75 15.0556
    endloop
  endfacet
  facet normal 0.740778 0 -0.67175
    outer loop
      vertex -35.9407 -0.75 14.8957
      vertex -35.7957 -2.75 15.0556
      vertex -35.9407 -2.75 14.8957
    endloop
  endfacet
  facet normal 0.941606 0 -0.336718
    outer loop
      vertex -36.2726 -2.75 14.3419
      vertex -36.3453 -0.75 14.1386
      vertex -36.2726 -0.75 14.3419
    endloop
  endfacet
  facet normal 0.941606 0 -0.336718
    outer loop
      vertex -36.3453 -0.75 14.1386
      vertex -36.2726 -2.75 14.3419
      vertex -36.3453 -2.75 14.1386
    endloop
  endfacet
  facet normal 0.989233 0 -0.146347
    outer loop
      vertex -36.3978 -2.75 13.9292
      vertex -36.4294 -0.75 13.7156
      vertex -36.3978 -0.75 13.9292
    endloop
  endfacet
  facet normal 0.989233 0 -0.146347
    outer loop
      vertex -36.4294 -0.75 13.7156
      vertex -36.3978 -2.75 13.9292
      vertex -36.4294 -2.75 13.7156
    endloop
  endfacet
  facet normal 0.998794 0 -0.0491058
    outer loop
      vertex -36.4294 -2.75 13.7156
      vertex -36.44 -0.75 13.5
      vertex -36.4294 -0.75 13.7156
    endloop
  endfacet
  facet normal 0.998794 0 -0.0491058
    outer loop
      vertex -36.44 -0.75 13.5
      vertex -36.4294 -2.75 13.7156
      vertex -36.44 -2.75 13.5
    endloop
  endfacet
  facet normal -0.242754 0 -0.970088
    outer loop
      vertex -33.8108 -2.75 15.6577
      vertex -33.6014 -0.75 15.6053
      vertex -33.6014 -2.75 15.6053
    endloop
  endfacet
  facet normal -0.242754 0 -0.970088
    outer loop
      vertex -33.6014 -0.75 15.6053
      vertex -33.8108 -2.75 15.6577
      vertex -33.8108 -0.75 15.6577
    endloop
  endfacet
  facet normal -0.427648 0 -0.903945
    outer loop
      vertex -33.3981 -2.75 15.5325
      vertex -33.203 -0.75 15.4402
      vertex -33.203 -2.75 15.4402
    endloop
  endfacet
  facet normal -0.427648 0 -0.903945
    outer loop
      vertex -33.203 -0.75 15.4402
      vertex -33.3981 -2.75 15.5325
      vertex -33.3981 -0.75 15.5325
    endloop
  endfacet
  facet normal -0.740778 0 -0.67175
    outer loop
      vertex -32.5394 -2.75 14.8957
      vertex -32.6844 -0.75 15.0556
      vertex -32.5394 -0.75 14.8957
    endloop
  endfacet
  facet normal -0.740778 -0 -0.67175
    outer loop
      vertex -32.6844 -0.75 15.0556
      vertex -32.5394 -2.75 14.8957
      vertex -32.6844 -2.75 15.0556
    endloop
  endfacet
  facet normal -0.595693 0 -0.803212
    outer loop
      vertex -33.0178 -2.75 15.3292
      vertex -32.8444 -0.75 15.2006
      vertex -32.8444 -2.75 15.2006
    endloop
  endfacet
  facet normal -0.595693 0 -0.803212
    outer loop
      vertex -32.8444 -0.75 15.2006
      vertex -33.0178 -2.75 15.3292
      vertex -33.0178 -0.75 15.3292
    endloop
  endfacet
  facet normal -0.857738 0 -0.514087
    outer loop
      vertex -32.2998 -2.75 14.5371
      vertex -32.4108 -0.75 14.7223
      vertex -32.2998 -0.75 14.5371
    endloop
  endfacet
  facet normal -0.857738 -0 -0.514087
    outer loop
      vertex -32.4108 -0.75 14.7223
      vertex -32.2998 -2.75 14.5371
      vertex -32.4108 -2.75 14.7223
    endloop
  endfacet
  facet normal -0.989166 0 -0.1468
    outer loop
      vertex -32.0506 -2.75 13.7156
      vertex -32.0823 -0.75 13.9292
      vertex -32.0506 -0.75 13.7156
    endloop
  endfacet
  facet normal -0.989166 -0 -0.1468
    outer loop
      vertex -32.0823 -0.75 13.9292
      vertex -32.0506 -2.75 13.7156
      vertex -32.0823 -2.75 13.9292
    endloop
  endfacet
  facet normal 0.514087 0 -0.857738
    outer loop
      vertex -35.4623 -2.75 15.3292
      vertex -35.2771 -0.75 15.4402
      vertex -35.2771 -2.75 15.4402
    endloop
  endfacet
  facet normal 0.514087 0 -0.857738
    outer loop
      vertex -35.2771 -0.75 15.4402
      vertex -35.4623 -2.75 15.3292
      vertex -35.4623 -0.75 15.3292
    endloop
  endfacet
  facet normal 0.337275 0 -0.941406
    outer loop
      vertex -35.0819 -2.75 15.5325
      vertex -34.8787 -0.75 15.6053
      vertex -34.8787 -2.75 15.6053
    endloop
  endfacet
  facet normal 0.337275 0 -0.941406
    outer loop
      vertex -34.8787 -0.75 15.6053
      vertex -35.0819 -2.75 15.5325
      vertex -35.0819 -0.75 15.5325
    endloop
  endfacet
  facet normal 0.146868 0 -0.989156
    outer loop
      vertex -34.6692 -2.75 15.6577
      vertex -34.4557 -0.75 15.6894
      vertex -34.4557 -2.75 15.6894
    endloop
  endfacet
  facet normal 0.146868 0 -0.989156
    outer loop
      vertex -34.4557 -0.75 15.6894
      vertex -34.6692 -2.75 15.6577
      vertex -34.6692 -0.75 15.6577
    endloop
  endfacet
  facet normal 0.803212 0 -0.595693
    outer loop
      vertex -35.9407 -2.75 14.8957
      vertex -36.0693 -0.75 14.7223
      vertex -35.9407 -0.75 14.8957
    endloop
  endfacet
  facet normal 0.803212 0 -0.595693
    outer loop
      vertex -36.0693 -0.75 14.7223
      vertex -35.9407 -2.75 14.8957
      vertex -36.0693 -2.75 14.7223
    endloop
  endfacet
  facet normal 0.969979 0 -0.24319
    outer loop
      vertex -36.3453 -2.75 14.1386
      vertex -36.3978 -0.75 13.9292
      vertex -36.3453 -0.75 14.1386
    endloop
  endfacet
  facet normal 0.969979 0 -0.24319
    outer loop
      vertex -36.3978 -0.75 13.9292
      vertex -36.3453 -2.75 14.1386
      vertex -36.3978 -2.75 13.9292
    endloop
  endfacet
  facet normal -0.998803 0 0.0489077
    outer loop
      vertex 37.972 -6.75 13.1324
      vertex 37.99 -2.75 13.5
      vertex 37.972 -2.75 13.1324
    endloop
  endfacet
  facet normal -0.998803 0 0.0489077
    outer loop
      vertex 37.99 -2.75 13.5
      vertex 37.972 -6.75 13.1324
      vertex 37.99 -6.75 13.5
    endloop
  endfacet
  facet normal 0.99879 -0 0.0491787
    outer loop
      vertex 30.49 -6.75 13.5
      vertex 30.5081 -2.75 13.1324
      vertex 30.49 -2.75 13.5
    endloop
  endfacet
  facet normal 0.99879 0 0.0491787
    outer loop
      vertex 30.5081 -2.75 13.1324
      vertex 30.49 -6.75 13.5
      vertex 30.5081 -6.75 13.1324
    endloop
  endfacet
  facet normal -0.0490703 0 0.998795
    outer loop
      vertex 34.24 -2.75 9.75
      vertex 34.6076 -6.75 9.76806
      vertex 34.6076 -2.75 9.76806
    endloop
  endfacet
  facet normal -0.0490703 0 0.998795
    outer loop
      vertex 34.6076 -6.75 9.76806
      vertex 34.24 -2.75 9.75
      vertex 34.24 -6.75 9.75
    endloop
  endfacet
  facet normal -0.0491787 0 -0.99879
    outer loop
      vertex 34.24 -6.75 17.25
      vertex 34.6076 -2.75 17.2319
      vertex 34.6076 -6.75 17.2319
    endloop
  endfacet
  facet normal -0.0491787 0 -0.99879
    outer loop
      vertex 34.6076 -2.75 17.2319
      vertex 34.24 -6.75 17.25
      vertex 34.24 -2.75 17.25
    endloop
  endfacet
  facet normal -0.741033 0 0.671468
    outer loop
      vertex 36.8917 -6.75 10.8483
      vertex 37.1388 -2.75 11.121
      vertex 36.8917 -2.75 10.8483
    endloop
  endfacet
  facet normal -0.741033 0 0.671468
    outer loop
      vertex 37.1388 -2.75 11.121
      vertex 36.8917 -6.75 10.8483
      vertex 37.1388 -6.75 11.121
    endloop
  endfacet
  facet normal 0.671468 0 0.741033
    outer loop
      vertex 31.5884 -2.75 10.8483
      vertex 31.8611 -6.75 10.6012
      vertex 31.8611 -2.75 10.6012
    endloop
  endfacet
  facet normal 0.671468 0 0.741033
    outer loop
      vertex 31.8611 -6.75 10.6012
      vertex 31.5884 -2.75 10.8483
      vertex 31.5884 -6.75 10.8483
    endloop
  endfacet
  facet normal 0.337011 0 0.941501
    outer loop
      vertex 32.805 -2.75 10.0355
      vertex 33.1515 -6.75 9.91147
      vertex 33.1515 -2.75 9.91147
    endloop
  endfacet
  facet normal 0.337011 0 0.941501
    outer loop
      vertex 33.1515 -6.75 9.91147
      vertex 32.805 -2.75 10.0355
      vertex 32.805 -6.75 10.0355
    endloop
  endfacet
  facet normal -0.903893 0 0.427759
    outer loop
      vertex 37.5472 -6.75 11.7323
      vertex 37.7046 -2.75 12.0649
      vertex 37.5472 -2.75 11.7323
    endloop
  endfacet
  facet normal -0.903893 0 0.427759
    outer loop
      vertex 37.7046 -2.75 12.0649
      vertex 37.5472 -6.75 11.7323
      vertex 37.7046 -6.75 12.0649
    endloop
  endfacet
  facet normal -0.857876 0 0.513856
    outer loop
      vertex 37.3581 -6.75 11.4166
      vertex 37.5472 -2.75 11.7323
      vertex 37.3581 -2.75 11.4166
    endloop
  endfacet
  facet normal -0.857876 0 0.513856
    outer loop
      vertex 37.5472 -2.75 11.7323
      vertex 37.3581 -6.75 11.4166
      vertex 37.5472 -6.75 11.7323
    endloop
  endfacet
  facet normal -0.427432 0 0.904047
    outer loop
      vertex 35.6751 -2.75 10.0355
      vertex 36.0078 -6.75 10.1928
      vertex 36.0078 -2.75 10.1928
    endloop
  endfacet
  facet normal -0.427432 0 0.904047
    outer loop
      vertex 36.0078 -6.75 10.1928
      vertex 35.6751 -2.75 10.0355
      vertex 35.6751 -6.75 10.0355
    endloop
  endfacet
  facet normal -0.595643 0 0.803249
    outer loop
      vertex 36.3234 -2.75 10.382
      vertex 36.619 -6.75 10.6012
      vertex 36.619 -2.75 10.6012
    endloop
  endfacet
  facet normal -0.595643 0 0.803249
    outer loop
      vertex 36.619 -6.75 10.6012
      vertex 36.3234 -2.75 10.382
      vertex 36.3234 -6.75 10.382
    endloop
  endfacet
  facet normal 0.857757 -0 0.514056
    outer loop
      vertex 30.9328 -6.75 11.7323
      vertex 31.122 -2.75 11.4166
      vertex 30.9328 -2.75 11.7323
    endloop
  endfacet
  facet normal 0.857757 0 0.514056
    outer loop
      vertex 31.122 -2.75 11.4166
      vertex 30.9328 -6.75 11.7323
      vertex 31.122 -6.75 11.4166
    endloop
  endfacet
  facet normal 0.803119 -0 0.595819
    outer loop
      vertex 31.122 -6.75 11.4166
      vertex 31.3413 -2.75 11.121
      vertex 31.122 -2.75 11.4166
    endloop
  endfacet
  facet normal 0.803119 0 0.595819
    outer loop
      vertex 31.3413 -2.75 11.121
      vertex 31.122 -6.75 11.4166
      vertex 31.3413 -6.75 11.121
    endloop
  endfacet
  facet normal 0.146746 0 0.989174
    outer loop
      vertex 33.5085 -2.75 9.82206
      vertex 33.8725 -6.75 9.76806
      vertex 33.8725 -2.75 9.76806
    endloop
  endfacet
  facet normal 0.146746 0 0.989174
    outer loop
      vertex 33.8725 -6.75 9.76806
      vertex 33.5085 -2.75 9.82206
      vertex 33.5085 -6.75 9.82206
    endloop
  endfacet
  facet normal -0.146746 0 -0.989174
    outer loop
      vertex 34.6076 -6.75 17.2319
      vertex 34.9716 -2.75 17.1779
      vertex 34.9716 -6.75 17.1779
    endloop
  endfacet
  facet normal -0.146746 0 -0.989174
    outer loop
      vertex 34.9716 -2.75 17.1779
      vertex 34.6076 -6.75 17.2319
      vertex 34.6076 -2.75 17.2319
    endloop
  endfacet
  facet normal -0.970047 0 0.242919
    outer loop
      vertex 37.8286 -6.75 12.4114
      vertex 37.918 -2.75 12.7684
      vertex 37.8286 -2.75 12.4114
    endloop
  endfacet
  facet normal -0.970047 0 0.242919
    outer loop
      vertex 37.918 -2.75 12.7684
      vertex 37.8286 -6.75 12.4114
      vertex 37.918 -6.75 12.7684
    endloop
  endfacet
  facet normal -0.989174 0 0.146746
    outer loop
      vertex 37.918 -6.75 12.7684
      vertex 37.972 -2.75 13.1324
      vertex 37.918 -2.75 12.7684
    endloop
  endfacet
  facet normal -0.989174 0 0.146746
    outer loop
      vertex 37.972 -2.75 13.1324
      vertex 37.918 -6.75 12.7684
      vertex 37.972 -6.75 13.1324
    endloop
  endfacet
  facet normal -0.941527 0 0.336939
    outer loop
      vertex 37.7046 -6.75 12.0649
      vertex 37.8286 -2.75 12.4114
      vertex 37.7046 -2.75 12.0649
    endloop
  endfacet
  facet normal -0.941527 0 0.336939
    outer loop
      vertex 37.8286 -2.75 12.4114
      vertex 37.7046 -6.75 12.0649
      vertex 37.8286 -6.75 12.4114
    endloop
  endfacet
  facet normal -0.803119 0 0.595819
    outer loop
      vertex 37.1388 -6.75 11.121
      vertex 37.3581 -2.75 11.4166
      vertex 37.1388 -2.75 11.121
    endloop
  endfacet
  facet normal -0.803119 0 0.595819
    outer loop
      vertex 37.3581 -2.75 11.4166
      vertex 37.1388 -6.75 11.121
      vertex 37.3581 -6.75 11.4166
    endloop
  endfacet
  facet normal -0.242945 0 0.97004
    outer loop
      vertex 34.9716 -2.75 9.82206
      vertex 35.3286 -6.75 9.91147
      vertex 35.3286 -2.75 9.91147
    endloop
  endfacet
  facet normal -0.242945 0 0.97004
    outer loop
      vertex 35.3286 -6.75 9.91147
      vertex 34.9716 -2.75 9.82206
      vertex 34.9716 -6.75 9.82206
    endloop
  endfacet
  facet normal -0.146746 0 0.989174
    outer loop
      vertex 34.6076 -2.75 9.76806
      vertex 34.9716 -6.75 9.82206
      vertex 34.9716 -2.75 9.82206
    endloop
  endfacet
  facet normal -0.146746 0 0.989174
    outer loop
      vertex 34.9716 -6.75 9.82206
      vertex 34.6076 -2.75 9.76806
      vertex 34.6076 -6.75 9.76806
    endloop
  endfacet
  facet normal -0.671468 0 0.741033
    outer loop
      vertex 36.619 -2.75 10.6012
      vertex 36.8917 -6.75 10.8483
      vertex 36.8917 -2.75 10.8483
    endloop
  endfacet
  facet normal -0.671468 0 0.741033
    outer loop
      vertex 36.8917 -6.75 10.8483
      vertex 36.619 -2.75 10.6012
      vertex 36.619 -6.75 10.6012
    endloop
  endfacet
  facet normal 0.970047 -0 0.242919
    outer loop
      vertex 30.5621 -6.75 12.7684
      vertex 30.6515 -2.75 12.4114
      vertex 30.5621 -2.75 12.7684
    endloop
  endfacet
  facet normal 0.970047 0 0.242919
    outer loop
      vertex 30.6515 -2.75 12.4114
      vertex 30.5621 -6.75 12.7684
      vertex 30.6515 -6.75 12.4114
    endloop
  endfacet
  facet normal 0.903998 -0 0.427537
    outer loop
      vertex 30.7755 -6.75 12.0649
      vertex 30.9328 -2.75 11.7323
      vertex 30.7755 -2.75 12.0649
    endloop
  endfacet
  facet normal 0.903998 0 0.427537
    outer loop
      vertex 30.9328 -2.75 11.7323
      vertex 30.7755 -6.75 12.0649
      vertex 30.9328 -6.75 11.7323
    endloop
  endfacet
  facet normal 0.941527 -0 0.336939
    outer loop
      vertex 30.6515 -6.75 12.4114
      vertex 30.7755 -2.75 12.0649
      vertex 30.6515 -2.75 12.4114
    endloop
  endfacet
  facet normal 0.941527 0 0.336939
    outer loop
      vertex 30.7755 -2.75 12.0649
      vertex 30.6515 -6.75 12.4114
      vertex 30.7755 -6.75 12.0649
    endloop
  endfacet
  facet normal 0.989174 -0 0.146746
    outer loop
      vertex 30.5081 -6.75 13.1324
      vertex 30.5621 -2.75 12.7684
      vertex 30.5081 -2.75 13.1324
    endloop
  endfacet
  facet normal 0.989174 0 0.146746
    outer loop
      vertex 30.5621 -2.75 12.7684
      vertex 30.5081 -6.75 13.1324
      vertex 30.5621 -6.75 12.7684
    endloop
  endfacet
  facet normal 0 -1 0
    outer loop
      vertex 34.24 -2.75 15.7
      vertex 34.24 -2.75 17.25
      vertex 33.8725 -2.75 17.2319
    endloop
  endfacet
  facet normal 0 -1 0
    outer loop
      vertex 34.0244 -2.75 15.6894
      vertex 33.8725 -2.75 17.2319
      vertex 33.5085 -2.75 17.1779
    endloop
  endfacet
  facet normal 0 -1 0
    outer loop
      vertex 34.24 -2.75 17.25
      vertex 34.24 -2.75 15.7
      vertex 34.6076 -2.75 17.2319
    endloop
  endfacet
  facet normal 0 -1 0
    outer loop
      vertex 33.8108 -2.75 15.6577
      vertex 33.5085 -2.75 17.1779
      vertex 33.1515 -2.75 17.0885
    endloop
  endfacet
  facet normal 0 -1 0
    outer loop
      vertex 34.4557 -2.75 15.6894
      vertex 34.6076 -2.75 17.2319
      vertex 34.24 -2.75 15.7
    endloop
  endfacet
  facet normal 0 -1 0
    outer loop
      vertex 33.6014 -2.75 15.6053
      vertex 33.1515 -2.75 17.0885
      vertex 32.805 -2.75 16.9646
    endloop
  endfacet
  facet normal 0 -1 -0
    outer loop
      vertex 34.6076 -2.75 17.2319
      vertex 34.4557 -2.75 15.6894
      vertex 34.9716 -2.75 17.1779
    endloop
  endfacet
  facet normal 0 -1 0
    outer loop
      vertex 33.3981 -2.75 15.5325
      vertex 32.805 -2.75 16.9646
      vertex 32.4723 -2.75 16.8072
    endloop
  endfacet
  facet normal 0 -1 0
    outer loop
      vertex 34.6692 -2.75 15.6577
      vertex 34.9716 -2.75 17.1779
      vertex 34.4557 -2.75 15.6894
    endloop
  endfacet
  facet normal 0 -1 0
    outer loop
      vertex 33.203 -2.75 15.4402
      vertex 32.4723 -2.75 16.8072
      vertex 32.1567 -2.75 16.618
    endloop
  endfacet
  facet normal 0 -1 -0
    outer loop
      vertex 34.9716 -2.75 17.1779
      vertex 34.6692 -2.75 15.6577
      vertex 35.3286 -2.75 17.0885
    endloop
  endfacet
  facet normal 0 -1 0
    outer loop
      vertex 33.0178 -2.75 15.3292
      vertex 32.1567 -2.75 16.618
      vertex 31.8611 -2.75 16.3988
    endloop
  endfacet
  facet normal 0 -1 0
    outer loop
      vertex 34.8787 -2.75 15.6053
      vertex 35.3286 -2.75 17.0885
      vertex 34.6692 -2.75 15.6577
    endloop
  endfacet
  facet normal 0 -1 0
    outer loop
      vertex 32.8444 -2.75 15.2006
      vertex 31.8611 -2.75 16.3988
      vertex 31.5884 -2.75 16.1517
    endloop
  endfacet
  facet normal 0 -1 -0
    outer loop
      vertex 35.3286 -2.75 17.0885
      vertex 34.8787 -2.75 15.6053
      vertex 35.6751 -2.75 16.9646
    endloop
  endfacet
  facet normal 0 -1 0
    outer loop
      vertex 32.6844 -2.75 15.0556
      vertex 31.5884 -2.75 16.1517
      vertex 31.3413 -2.75 15.879
    endloop
  endfacet
  facet normal 0 -1 0
    outer loop
      vertex 35.0819 -2.75 15.5325
      vertex 35.6751 -2.75 16.9646
      vertex 34.8787 -2.75 15.6053
    endloop
  endfacet
  facet normal 0 -1 -0
    outer loop
      vertex 35.6751 -2.75 16.9646
      vertex 35.0819 -2.75 15.5325
      vertex 36.0078 -2.75 16.8072
    endloop
  endfacet
  facet normal 0 -1 0
    outer loop
      vertex 33.8725 -2.75 17.2319
      vertex 34.0244 -2.75 15.6894
      vertex 34.24 -2.75 15.7
    endloop
  endfacet
  facet normal 0 -1 0
    outer loop
      vertex 33.5085 -2.75 17.1779
      vertex 33.8108 -2.75 15.6577
      vertex 34.0244 -2.75 15.6894
    endloop
  endfacet
  facet normal 0 -1 0
    outer loop
      vertex 33.1515 -2.75 17.0885
      vertex 33.6014 -2.75 15.6053
      vertex 33.8108 -2.75 15.6577
    endloop
  endfacet
  facet normal 0 -1 0
    outer loop
      vertex 32.5394 -2.75 14.8957
      vertex 31.3413 -2.75 15.879
      vertex 31.122 -2.75 15.5834
    endloop
  endfacet
  facet normal 0 -1 0
    outer loop
      vertex 32.805 -2.75 16.9646
      vertex 33.3981 -2.75 15.5325
      vertex 33.6014 -2.75 15.6053
    endloop
  endfacet
  facet normal 0 -1 0
    outer loop
      vertex 32.4723 -2.75 16.8072
      vertex 33.203 -2.75 15.4402
      vertex 33.3981 -2.75 15.5325
    endloop
  endfacet
  facet normal 0 -1 0
    outer loop
      vertex 32.1567 -2.75 16.618
      vertex 33.0178 -2.75 15.3292
      vertex 33.203 -2.75 15.4402
    endloop
  endfacet
  facet normal 0 -1 0
    outer loop
      vertex 32.4108 -2.75 14.7223
      vertex 31.122 -2.75 15.5834
      vertex 30.9328 -2.75 15.2677
    endloop
  endfacet
  facet normal 0 -1 0
    outer loop
      vertex 31.8611 -2.75 16.3988
      vertex 32.8444 -2.75 15.2006
      vertex 33.0178 -2.75 15.3292
    endloop
  endfacet
  facet normal 0 -1 0
    outer loop
      vertex 31.5884 -2.75 16.1517
      vertex 32.6844 -2.75 15.0556
      vertex 32.8444 -2.75 15.2006
    endloop
  endfacet
  facet normal 0 -1 0
    outer loop
      vertex 32.2998 -2.75 14.5371
      vertex 30.9328 -2.75 15.2677
      vertex 30.7755 -2.75 14.9351
    endloop
  endfacet
  facet normal 0 -1 0
    outer loop
      vertex 31.3413 -2.75 15.879
      vertex 32.5394 -2.75 14.8957
      vertex 32.6844 -2.75 15.0556
    endloop
  endfacet
  facet normal 0 -1 0
    outer loop
      vertex 31.122 -2.75 15.5834
      vertex 32.4108 -2.75 14.7223
      vertex 32.5394 -2.75 14.8957
    endloop
  endfacet
  facet normal 0 -1 0
    outer loop
      vertex 32.2075 -2.75 14.3419
      vertex 30.7755 -2.75 14.9351
      vertex 30.6515 -2.75 14.5886
    endloop
  endfacet
  facet normal 0 -1 0
    outer loop
      vertex 30.9328 -2.75 15.2677
      vertex 32.2998 -2.75 14.5371
      vertex 32.4108 -2.75 14.7223
    endloop
  endfacet
  facet normal 0 -1 0
    outer loop
      vertex 30.7755 -2.75 14.9351
      vertex 32.2075 -2.75 14.3419
      vertex 32.2998 -2.75 14.5371
    endloop
  endfacet
  facet normal 0 -1 0
    outer loop
      vertex 32.1348 -2.75 14.1386
      vertex 30.6515 -2.75 14.5886
      vertex 30.5621 -2.75 14.2316
    endloop
  endfacet
  facet normal 0 -1 0
    outer loop
      vertex 30.6515 -2.75 14.5886
      vertex 32.1348 -2.75 14.1386
      vertex 32.2075 -2.75 14.3419
    endloop
  endfacet
  facet normal 0 -1 0
    outer loop
      vertex 30.5621 -2.75 14.2316
      vertex 32.0823 -2.75 13.9292
      vertex 32.1348 -2.75 14.1386
    endloop
  endfacet
  facet normal 0 -1 0
    outer loop
      vertex 30.5081 -2.75 13.8676
      vertex 32.0823 -2.75 13.9292
      vertex 30.5621 -2.75 14.2316
    endloop
  endfacet
  facet normal 0 -1 0
    outer loop
      vertex 30.5081 -2.75 13.8676
      vertex 32.0506 -2.75 13.7156
      vertex 32.0823 -2.75 13.9292
    endloop
  endfacet
  facet normal 0 -1 0
    outer loop
      vertex 30.49 -2.75 13.5
      vertex 32.0506 -2.75 13.7156
      vertex 30.5081 -2.75 13.8676
    endloop
  endfacet
  facet normal 0 -1 0
    outer loop
      vertex 30.49 -2.75 13.5
      vertex 32.04 -2.75 13.5
      vertex 32.0506 -2.75 13.7156
    endloop
  endfacet
  facet normal 0 -1 0
    outer loop
      vertex 30.49 -2.75 13.5
      vertex 32.0506 -2.75 13.2844
      vertex 32.04 -2.75 13.5
    endloop
  endfacet
  facet normal 0 -1 0
    outer loop
      vertex 30.5081 -2.75 13.1324
      vertex 32.0506 -2.75 13.2844
      vertex 30.49 -2.75 13.5
    endloop
  endfacet
  facet normal 0 -1 0
    outer loop
      vertex 30.5081 -2.75 13.1324
      vertex 32.0823 -2.75 13.0708
      vertex 32.0506 -2.75 13.2844
    endloop
  endfacet
  facet normal 0 -1 0
    outer loop
      vertex 30.5621 -2.75 12.7684
      vertex 32.0823 -2.75 13.0708
      vertex 30.5081 -2.75 13.1324
    endloop
  endfacet
  facet normal 0 -1 -0
    outer loop
      vertex 32.0823 -2.75 13.0708
      vertex 30.5621 -2.75 12.7684
      vertex 32.1348 -2.75 12.8614
    endloop
  endfacet
  facet normal 0 -1 0
    outer loop
      vertex 30.6515 -2.75 12.4114
      vertex 32.1348 -2.75 12.8614
      vertex 30.5621 -2.75 12.7684
    endloop
  endfacet
  facet normal 0 -1 -0
    outer loop
      vertex 32.1348 -2.75 12.8614
      vertex 30.6515 -2.75 12.4114
      vertex 32.2075 -2.75 12.6581
    endloop
  endfacet
  facet normal 0 -1 0
    outer loop
      vertex 30.7755 -2.75 12.0649
      vertex 32.2075 -2.75 12.6581
      vertex 30.6515 -2.75 12.4114
    endloop
  endfacet
  facet normal 0 -1 -0
    outer loop
      vertex 32.2075 -2.75 12.6581
      vertex 30.7755 -2.75 12.0649
      vertex 32.2998 -2.75 12.4629
    endloop
  endfacet
  facet normal 0 -1 0
    outer loop
      vertex 30.9328 -2.75 11.7323
      vertex 32.2998 -2.75 12.4629
      vertex 30.7755 -2.75 12.0649
    endloop
  endfacet
  facet normal 0 -1 -0
    outer loop
      vertex 32.2998 -2.75 12.4629
      vertex 30.9328 -2.75 11.7323
      vertex 32.4108 -2.75 12.2777
    endloop
  endfacet
  facet normal 0 -1 0
    outer loop
      vertex 31.122 -2.75 11.4166
      vertex 32.4108 -2.75 12.2777
      vertex 30.9328 -2.75 11.7323
    endloop
  endfacet
  facet normal 0 -1 -0
    outer loop
      vertex 32.4108 -2.75 12.2777
      vertex 31.122 -2.75 11.4166
      vertex 32.5394 -2.75 12.1043
    endloop
  endfacet
  facet normal 0 -1 0
    outer loop
      vertex 31.3413 -2.75 11.121
      vertex 32.5394 -2.75 12.1043
      vertex 31.122 -2.75 11.4166
    endloop
  endfacet
  facet normal 0 -1 -0
    outer loop
      vertex 32.5394 -2.75 12.1043
      vertex 31.3413 -2.75 11.121
      vertex 32.6844 -2.75 11.9444
    endloop
  endfacet
  facet normal 0 -1 0
    outer loop
      vertex 31.5884 -2.75 10.8483
      vertex 32.6844 -2.75 11.9444
      vertex 31.3413 -2.75 11.121
    endloop
  endfacet
  facet normal 0 -1 -0
    outer loop
      vertex 32.6844 -2.75 11.9444
      vertex 31.5884 -2.75 10.8483
      vertex 32.8444 -2.75 11.7994
    endloop
  endfacet
  facet normal 0 -1 0
    outer loop
      vertex 31.8611 -2.75 10.6012
      vertex 32.8444 -2.75 11.7994
      vertex 31.5884 -2.75 10.8483
    endloop
  endfacet
  facet normal 0 -1 -0
    outer loop
      vertex 32.8444 -2.75 11.7994
      vertex 31.8611 -2.75 10.6012
      vertex 33.0178 -2.75 11.6708
    endloop
  endfacet
  facet normal 0 -1 0
    outer loop
      vertex 32.1567 -2.75 10.382
      vertex 33.0178 -2.75 11.6708
      vertex 31.8611 -2.75 10.6012
    endloop
  endfacet
  facet normal 0 -1 -0
    outer loop
      vertex 33.0178 -2.75 11.6708
      vertex 32.1567 -2.75 10.382
      vertex 33.203 -2.75 11.5598
    endloop
  endfacet
  facet normal 0 -1 0
    outer loop
      vertex 32.4723 -2.75 10.1928
      vertex 33.203 -2.75 11.5598
      vertex 32.1567 -2.75 10.382
    endloop
  endfacet
  facet normal 0 -1 -0
    outer loop
      vertex 33.203 -2.75 11.5598
      vertex 32.4723 -2.75 10.1928
      vertex 33.3981 -2.75 11.4675
    endloop
  endfacet
  facet normal 0 -1 0
    outer loop
      vertex 35.2771 -2.75 15.4402
      vertex 36.0078 -2.75 16.8072
      vertex 35.0819 -2.75 15.5325
    endloop
  endfacet
  facet normal 0 -1 -0
    outer loop
      vertex 36.0078 -2.75 16.8072
      vertex 35.2771 -2.75 15.4402
      vertex 36.3234 -2.75 16.618
    endloop
  endfacet
  facet normal 0 -1 0
    outer loop
      vertex 35.4623 -2.75 15.3292
      vertex 36.3234 -2.75 16.618
      vertex 35.2771 -2.75 15.4402
    endloop
  endfacet
  facet normal 0 -1 -0
    outer loop
      vertex 36.3234 -2.75 16.618
      vertex 35.4623 -2.75 15.3292
      vertex 36.619 -2.75 16.3988
    endloop
  endfacet
  facet normal 0 -1 0
    outer loop
      vertex 35.6357 -2.75 15.2006
      vertex 36.619 -2.75 16.3988
      vertex 35.4623 -2.75 15.3292
    endloop
  endfacet
  facet normal 0 -1 -0
    outer loop
      vertex 36.619 -2.75 16.3988
      vertex 35.6357 -2.75 15.2006
      vertex 36.8917 -2.75 16.1517
    endloop
  endfacet
  facet normal 0 -1 0
    outer loop
      vertex 35.7957 -2.75 15.0556
      vertex 36.8917 -2.75 16.1517
      vertex 35.6357 -2.75 15.2006
    endloop
  endfacet
  facet normal 0 -1 -0
    outer loop
      vertex 36.8917 -2.75 16.1517
      vertex 35.7957 -2.75 15.0556
      vertex 37.1388 -2.75 15.879
    endloop
  endfacet
  facet normal 0 -1 0
    outer loop
      vertex 35.9407 -2.75 14.8957
      vertex 37.1388 -2.75 15.879
      vertex 35.7957 -2.75 15.0556
    endloop
  endfacet
  facet normal 0 -1 -0
    outer loop
      vertex 37.1388 -2.75 15.879
      vertex 35.9407 -2.75 14.8957
      vertex 37.3581 -2.75 15.5834
    endloop
  endfacet
  facet normal 0 -1 0
    outer loop
      vertex 36.0693 -2.75 14.7223
      vertex 37.3581 -2.75 15.5834
      vertex 35.9407 -2.75 14.8957
    endloop
  endfacet
  facet normal 0 -1 -0
    outer loop
      vertex 37.3581 -2.75 15.5834
      vertex 36.0693 -2.75 14.7223
      vertex 37.5472 -2.75 15.2677
    endloop
  endfacet
  facet normal 0 -1 0
    outer loop
      vertex 36.1803 -2.75 14.5371
      vertex 37.5472 -2.75 15.2677
      vertex 36.0693 -2.75 14.7223
    endloop
  endfacet
  facet normal 0 -1 -0
    outer loop
      vertex 37.5472 -2.75 15.2677
      vertex 36.1803 -2.75 14.5371
      vertex 37.7046 -2.75 14.9351
    endloop
  endfacet
  facet normal 0 -1 0
    outer loop
      vertex 36.2726 -2.75 14.3419
      vertex 37.7046 -2.75 14.9351
      vertex 36.1803 -2.75 14.5371
    endloop
  endfacet
  facet normal 0 -1 -0
    outer loop
      vertex 37.7046 -2.75 14.9351
      vertex 36.2726 -2.75 14.3419
      vertex 37.8286 -2.75 14.5886
    endloop
  endfacet
  facet normal 0 -1 0
    outer loop
      vertex 36.3453 -2.75 14.1386
      vertex 37.8286 -2.75 14.5886
      vertex 36.2726 -2.75 14.3419
    endloop
  endfacet
  facet normal 0 -1 -0
    outer loop
      vertex 37.8286 -2.75 14.5886
      vertex 36.3453 -2.75 14.1386
      vertex 37.918 -2.75 14.2316
    endloop
  endfacet
  facet normal 0 -1 0
    outer loop
      vertex 36.3978 -2.75 13.9292
      vertex 37.918 -2.75 14.2316
      vertex 36.3453 -2.75 14.1386
    endloop
  endfacet
  facet normal 0 -1 0
    outer loop
      vertex 36.3978 -2.75 13.9292
      vertex 37.972 -2.75 13.8676
      vertex 37.918 -2.75 14.2316
    endloop
  endfacet
  facet normal 0 -1 0
    outer loop
      vertex 36.4294 -2.75 13.7156
      vertex 37.972 -2.75 13.8676
      vertex 36.3978 -2.75 13.9292
    endloop
  endfacet
  facet normal 0 -1 0
    outer loop
      vertex 36.44 -2.75 13.5
      vertex 37.972 -2.75 13.8676
      vertex 36.4294 -2.75 13.7156
    endloop
  endfacet
  facet normal 0 -1 0
    outer loop
      vertex 36.44 -2.75 13.5
      vertex 37.99 -2.75 13.5
      vertex 37.972 -2.75 13.8676
    endloop
  endfacet
  facet normal 0 -1 0
    outer loop
      vertex 36.4294 -2.75 13.2844
      vertex 37.99 -2.75 13.5
      vertex 36.44 -2.75 13.5
    endloop
  endfacet
  facet normal 0 -1 0
    outer loop
      vertex 36.4294 -2.75 13.2844
      vertex 37.972 -2.75 13.1324
      vertex 37.99 -2.75 13.5
    endloop
  endfacet
  facet normal 0 -1 0
    outer loop
      vertex 36.3978 -2.75 13.0708
      vertex 37.972 -2.75 13.1324
      vertex 36.4294 -2.75 13.2844
    endloop
  endfacet
  facet normal 0 -1 0
    outer loop
      vertex 37.918 -2.75 12.7684
      vertex 36.3978 -2.75 13.0708
      vertex 36.3453 -2.75 12.8614
    endloop
  endfacet
  facet normal 0 -1 0
    outer loop
      vertex 36.3978 -2.75 13.0708
      vertex 37.918 -2.75 12.7684
      vertex 37.972 -2.75 13.1324
    endloop
  endfacet
  facet normal 0 -1 0
    outer loop
      vertex 37.8286 -2.75 12.4114
      vertex 36.3453 -2.75 12.8614
      vertex 36.2726 -2.75 12.6581
    endloop
  endfacet
  facet normal 0 -1 0
    outer loop
      vertex 37.7046 -2.75 12.0649
      vertex 36.2726 -2.75 12.6581
      vertex 36.1803 -2.75 12.4629
    endloop
  endfacet
  facet normal 0 -1 0
    outer loop
      vertex 36.3453 -2.75 12.8614
      vertex 37.8286 -2.75 12.4114
      vertex 37.918 -2.75 12.7684
    endloop
  endfacet
  facet normal 0 -1 0
    outer loop
      vertex 37.5472 -2.75 11.7323
      vertex 36.1803 -2.75 12.4629
      vertex 36.0693 -2.75 12.2777
    endloop
  endfacet
  facet normal 0 -1 0
    outer loop
      vertex 37.3581 -2.75 11.4166
      vertex 36.0693 -2.75 12.2777
      vertex 35.9407 -2.75 12.1043
    endloop
  endfacet
  facet normal 0 -1 0
    outer loop
      vertex 36.2726 -2.75 12.6581
      vertex 37.7046 -2.75 12.0649
      vertex 37.8286 -2.75 12.4114
    endloop
  endfacet
  facet normal 0 -1 0
    outer loop
      vertex 37.1388 -2.75 11.121
      vertex 35.9407 -2.75 12.1043
      vertex 35.7957 -2.75 11.9444
    endloop
  endfacet
  facet normal 0 -1 0
    outer loop
      vertex 36.8917 -2.75 10.8483
      vertex 35.7957 -2.75 11.9444
      vertex 35.6357 -2.75 11.7994
    endloop
  endfacet
  facet normal 0 -1 0
    outer loop
      vertex 36.1803 -2.75 12.4629
      vertex 37.5472 -2.75 11.7323
      vertex 37.7046 -2.75 12.0649
    endloop
  endfacet
  facet normal 0 -1 0
    outer loop
      vertex 36.619 -2.75 10.6012
      vertex 35.6357 -2.75 11.7994
      vertex 35.4623 -2.75 11.6708
    endloop
  endfacet
  facet normal 0 -1 0
    outer loop
      vertex 36.3234 -2.75 10.382
      vertex 35.4623 -2.75 11.6708
      vertex 35.2771 -2.75 11.5598
    endloop
  endfacet
  facet normal 0 -1 0
    outer loop
      vertex 36.0078 -2.75 10.1928
      vertex 35.2771 -2.75 11.5598
      vertex 35.0819 -2.75 11.4675
    endloop
  endfacet
  facet normal 0 -1 0
    outer loop
      vertex 36.0693 -2.75 12.2777
      vertex 37.3581 -2.75 11.4166
      vertex 37.5472 -2.75 11.7323
    endloop
  endfacet
  facet normal 0 -1 0
    outer loop
      vertex 35.6751 -2.75 10.0355
      vertex 35.0819 -2.75 11.4675
      vertex 34.8787 -2.75 11.3947
    endloop
  endfacet
  facet normal 0 -1 0
    outer loop
      vertex 35.3286 -2.75 9.91147
      vertex 34.8787 -2.75 11.3947
      vertex 34.6692 -2.75 11.3423
    endloop
  endfacet
  facet normal 0 -1 0
    outer loop
      vertex 34.9716 -2.75 9.82206
      vertex 34.6692 -2.75 11.3423
      vertex 34.4557 -2.75 11.3106
    endloop
  endfacet
  facet normal 0 -1 0
    outer loop
      vertex 34.6076 -2.75 9.76806
      vertex 34.4557 -2.75 11.3106
      vertex 34.24 -2.75 11.3
    endloop
  endfacet
  facet normal 0 -1 0
    outer loop
      vertex 32.805 -2.75 10.0355
      vertex 33.3981 -2.75 11.4675
      vertex 32.4723 -2.75 10.1928
    endloop
  endfacet
  facet normal 0 -1 0
    outer loop
      vertex 35.9407 -2.75 12.1043
      vertex 37.1388 -2.75 11.121
      vertex 37.3581 -2.75 11.4166
    endloop
  endfacet
  facet normal 0 -1 -0
    outer loop
      vertex 33.3981 -2.75 11.4675
      vertex 32.805 -2.75 10.0355
      vertex 33.6014 -2.75 11.3947
    endloop
  endfacet
  facet normal 0 -1 0
    outer loop
      vertex 35.7957 -2.75 11.9444
      vertex 36.8917 -2.75 10.8483
      vertex 37.1388 -2.75 11.121
    endloop
  endfacet
  facet normal 0 -1 0
    outer loop
      vertex 33.1515 -2.75 9.91147
      vertex 33.6014 -2.75 11.3947
      vertex 32.805 -2.75 10.0355
    endloop
  endfacet
  facet normal 0 -1 0
    outer loop
      vertex 35.6357 -2.75 11.7994
      vertex 36.619 -2.75 10.6012
      vertex 36.8917 -2.75 10.8483
    endloop
  endfacet
  facet normal 0 -1 -0
    outer loop
      vertex 33.6014 -2.75 11.3947
      vertex 33.1515 -2.75 9.91147
      vertex 33.8108 -2.75 11.3423
    endloop
  endfacet
  facet normal 0 -1 0
    outer loop
      vertex 35.4623 -2.75 11.6708
      vertex 36.3234 -2.75 10.382
      vertex 36.619 -2.75 10.6012
    endloop
  endfacet
  facet normal 0 -1 0
    outer loop
      vertex 33.5085 -2.75 9.82206
      vertex 33.8108 -2.75 11.3423
      vertex 33.1515 -2.75 9.91147
    endloop
  endfacet
  facet normal 0 -1 0
    outer loop
      vertex 35.2771 -2.75 11.5598
      vertex 36.0078 -2.75 10.1928
      vertex 36.3234 -2.75 10.382
    endloop
  endfacet
  facet normal 0 -1 -0
    outer loop
      vertex 33.8108 -2.75 11.3423
      vertex 33.5085 -2.75 9.82206
      vertex 34.0244 -2.75 11.3106
    endloop
  endfacet
  facet normal 0 -1 0
    outer loop
      vertex 35.0819 -2.75 11.4675
      vertex 35.6751 -2.75 10.0355
      vertex 36.0078 -2.75 10.1928
    endloop
  endfacet
  facet normal 0 -1 0
    outer loop
      vertex 33.8725 -2.75 9.76806
      vertex 34.0244 -2.75 11.3106
      vertex 33.5085 -2.75 9.82206
    endloop
  endfacet
  facet normal 0 -1 0
    outer loop
      vertex 34.8787 -2.75 11.3947
      vertex 35.3286 -2.75 9.91147
      vertex 35.6751 -2.75 10.0355
    endloop
  endfacet
  facet normal 0 -1 -0
    outer loop
      vertex 34.0244 -2.75 11.3106
      vertex 33.8725 -2.75 9.76806
      vertex 34.24 -2.75 11.3
    endloop
  endfacet
  facet normal 0 -1 0
    outer loop
      vertex 34.6692 -2.75 11.3423
      vertex 34.9716 -2.75 9.82206
      vertex 35.3286 -2.75 9.91147
    endloop
  endfacet
  facet normal 0 -1 0
    outer loop
      vertex 34.24 -2.75 9.75
      vertex 34.24 -2.75 11.3
      vertex 33.8725 -2.75 9.76806
    endloop
  endfacet
  facet normal 0 -1 0
    outer loop
      vertex 34.4557 -2.75 11.3106
      vertex 34.6076 -2.75 9.76806
      vertex 34.9716 -2.75 9.82206
    endloop
  endfacet
  facet normal 0 -1 0
    outer loop
      vertex 34.24 -2.75 11.3
      vertex 34.24 -2.75 9.75
      vertex 34.6076 -2.75 9.76806
    endloop
  endfacet
  facet normal 0.427432 0 0.904047
    outer loop
      vertex 32.4723 -2.75 10.1928
      vertex 32.805 -6.75 10.0355
      vertex 32.805 -2.75 10.0355
    endloop
  endfacet
  facet normal 0.427432 0 0.904047
    outer loop
      vertex 32.805 -6.75 10.0355
      vertex 32.4723 -2.75 10.1928
      vertex 32.4723 -6.75 10.1928
    endloop
  endfacet
  facet normal 0.514176 0 0.857685
    outer loop
      vertex 32.1567 -2.75 10.382
      vertex 32.4723 -6.75 10.1928
      vertex 32.4723 -2.75 10.1928
    endloop
  endfacet
  facet normal 0.514176 0 0.857685
    outer loop
      vertex 32.4723 -6.75 10.1928
      vertex 32.1567 -2.75 10.382
      vertex 32.1567 -6.75 10.382
    endloop
  endfacet
  facet normal 0.0490836 0 0.998795
    outer loop
      vertex 33.8725 -2.75 9.76806
      vertex 34.24 -6.75 9.75
      vertex 34.24 -2.75 9.75
    endloop
  endfacet
  facet normal 0.0490836 0 0.998795
    outer loop
      vertex 34.24 -6.75 9.75
      vertex 33.8725 -2.75 9.76806
      vertex 33.8725 -6.75 9.76806
    endloop
  endfacet
  facet normal -0.741033 0 -0.671468
    outer loop
      vertex 37.1388 -6.75 15.879
      vertex 36.8917 -2.75 16.1517
      vertex 37.1388 -2.75 15.879
    endloop
  endfacet
  facet normal -0.741033 -0 -0.671468
    outer loop
      vertex 36.8917 -2.75 16.1517
      vertex 37.1388 -6.75 15.879
      vertex 36.8917 -6.75 16.1517
    endloop
  endfacet
  facet normal -0.427654 0 -0.903942
    outer loop
      vertex 35.6751 -6.75 16.9646
      vertex 36.0078 -2.75 16.8072
      vertex 36.0078 -6.75 16.8072
    endloop
  endfacet
  facet normal -0.427654 0 -0.903942
    outer loop
      vertex 36.0078 -2.75 16.8072
      vertex 35.6751 -6.75 16.9646
      vertex 35.6751 -2.75 16.9646
    endloop
  endfacet
  facet normal -0.337011 0 0.941501
    outer loop
      vertex 35.3286 -2.75 9.91147
      vertex 35.6751 -6.75 10.0355
      vertex 35.6751 -2.75 10.0355
    endloop
  endfacet
  facet normal -0.337011 0 0.941501
    outer loop
      vertex 35.6751 -6.75 10.0355
      vertex 35.3286 -2.75 9.91147
      vertex 35.3286 -6.75 9.91147
    endloop
  endfacet
  facet normal -0.514176 0 0.857685
    outer loop
      vertex 36.0078 -2.75 10.1928
      vertex 36.3234 -6.75 10.382
      vertex 36.3234 -2.75 10.382
    endloop
  endfacet
  facet normal -0.514176 0 0.857685
    outer loop
      vertex 36.3234 -6.75 10.382
      vertex 36.0078 -2.75 10.1928
      vertex 36.0078 -6.75 10.1928
    endloop
  endfacet
  facet normal 0.741033 -0 0.671468
    outer loop
      vertex 31.3413 -6.75 11.121
      vertex 31.5884 -2.75 10.8483
      vertex 31.3413 -2.75 11.121
    endloop
  endfacet
  facet normal 0.741033 0 0.671468
    outer loop
      vertex 31.5884 -2.75 10.8483
      vertex 31.3413 -6.75 11.121
      vertex 31.5884 -6.75 10.8483
    endloop
  endfacet
  facet normal 0.595643 0 0.803249
    outer loop
      vertex 31.8611 -2.75 10.6012
      vertex 32.1567 -6.75 10.382
      vertex 32.1567 -2.75 10.382
    endloop
  endfacet
  facet normal 0.595643 0 0.803249
    outer loop
      vertex 32.1567 -6.75 10.382
      vertex 31.8611 -2.75 10.6012
      vertex 31.8611 -6.75 10.6012
    endloop
  endfacet
  facet normal 0.242945 0 0.97004
    outer loop
      vertex 33.1515 -2.75 9.91147
      vertex 33.5085 -6.75 9.82206
      vertex 33.5085 -2.75 9.82206
    endloop
  endfacet
  facet normal 0.242945 0 0.97004
    outer loop
      vertex 33.5085 -6.75 9.82206
      vertex 33.1515 -2.75 9.91147
      vertex 33.1515 -6.75 9.91147
    endloop
  endfacet
  facet normal -0.970047 0 -0.242919
    outer loop
      vertex 37.918 -6.75 14.2316
      vertex 37.8286 -2.75 14.5886
      vertex 37.918 -2.75 14.2316
    endloop
  endfacet
  facet normal -0.970047 -0 -0.242919
    outer loop
      vertex 37.8286 -2.75 14.5886
      vertex 37.918 -6.75 14.2316
      vertex 37.8286 -6.75 14.5886
    endloop
  endfacet
  facet normal -0.989174 0 -0.146746
    outer loop
      vertex 37.972 -6.75 13.8676
      vertex 37.918 -2.75 14.2316
      vertex 37.972 -2.75 13.8676
    endloop
  endfacet
  facet normal -0.989174 -0 -0.146746
    outer loop
      vertex 37.918 -2.75 14.2316
      vertex 37.972 -6.75 13.8676
      vertex 37.918 -6.75 14.2316
    endloop
  endfacet
  facet normal -0.998803 0 -0.0489077
    outer loop
      vertex 37.99 -6.75 13.5
      vertex 37.972 -2.75 13.8676
      vertex 37.99 -2.75 13.5
    endloop
  endfacet
  facet normal -0.998803 -0 -0.0489077
    outer loop
      vertex 37.972 -2.75 13.8676
      vertex 37.99 -6.75 13.5
      vertex 37.972 -6.75 13.8676
    endloop
  endfacet
  facet normal -0.803119 0 -0.595819
    outer loop
      vertex 37.3581 -6.75 15.5834
      vertex 37.1388 -2.75 15.879
      vertex 37.3581 -2.75 15.5834
    endloop
  endfacet
  facet normal -0.803119 -0 -0.595819
    outer loop
      vertex 37.1388 -2.75 15.879
      vertex 37.3581 -6.75 15.5834
      vertex 37.1388 -6.75 15.879
    endloop
  endfacet
  facet normal -0.514176 0 -0.857685
    outer loop
      vertex 36.0078 -6.75 16.8072
      vertex 36.3234 -2.75 16.618
      vertex 36.3234 -6.75 16.618
    endloop
  endfacet
  facet normal -0.514176 0 -0.857685
    outer loop
      vertex 36.3234 -2.75 16.618
      vertex 36.0078 -6.75 16.8072
      vertex 36.0078 -2.75 16.8072
    endloop
  endfacet
  facet normal -0.941527 0 -0.336939
    outer loop
      vertex 37.8286 -6.75 14.5886
      vertex 37.7046 -2.75 14.9351
      vertex 37.8286 -2.75 14.5886
    endloop
  endfacet
  facet normal -0.941527 -0 -0.336939
    outer loop
      vertex 37.7046 -2.75 14.9351
      vertex 37.8286 -6.75 14.5886
      vertex 37.7046 -6.75 14.9351
    endloop
  endfacet
  facet normal -0.903893 0 -0.427759
    outer loop
      vertex 37.7046 -6.75 14.9351
      vertex 37.5472 -2.75 15.2677
      vertex 37.7046 -2.75 14.9351
    endloop
  endfacet
  facet normal -0.903893 -0 -0.427759
    outer loop
      vertex 37.5472 -2.75 15.2677
      vertex 37.7046 -6.75 14.9351
      vertex 37.5472 -6.75 15.2677
    endloop
  endfacet
  facet normal 0.336698 0 -0.941613
    outer loop
      vertex 32.805 -6.75 16.9646
      vertex 33.1515 -2.75 17.0885
      vertex 33.1515 -6.75 17.0885
    endloop
  endfacet
  facet normal 0.336698 0 -0.941613
    outer loop
      vertex 33.1515 -2.75 17.0885
      vertex 32.805 -6.75 16.9646
      vertex 32.805 -2.75 16.9646
    endloop
  endfacet
  facet normal 0.803119 0 -0.595819
    outer loop
      vertex 31.3413 -6.75 15.879
      vertex 31.122 -2.75 15.5834
      vertex 31.3413 -2.75 15.879
    endloop
  endfacet
  facet normal 0.803119 0 -0.595819
    outer loop
      vertex 31.122 -2.75 15.5834
      vertex 31.3413 -6.75 15.879
      vertex 31.122 -6.75 15.5834
    endloop
  endfacet
  facet normal 0.903998 0 -0.427537
    outer loop
      vertex 30.9328 -6.75 15.2677
      vertex 30.7755 -2.75 14.9351
      vertex 30.9328 -2.75 15.2677
    endloop
  endfacet
  facet normal 0.903998 0 -0.427537
    outer loop
      vertex 30.7755 -2.75 14.9351
      vertex 30.9328 -6.75 15.2677
      vertex 30.7755 -6.75 14.9351
    endloop
  endfacet
  facet normal 0.857757 0 -0.514056
    outer loop
      vertex 31.122 -6.75 15.5834
      vertex 30.9328 -2.75 15.2677
      vertex 31.122 -2.75 15.5834
    endloop
  endfacet
  facet normal 0.857757 0 -0.514056
    outer loop
      vertex 30.9328 -2.75 15.2677
      vertex 31.122 -6.75 15.5834
      vertex 30.9328 -6.75 15.2677
    endloop
  endfacet
  facet normal 0.970047 0 -0.242919
    outer loop
      vertex 30.6515 -6.75 14.5886
      vertex 30.5621 -2.75 14.2316
      vertex 30.6515 -2.75 14.5886
    endloop
  endfacet
  facet normal 0.970047 0 -0.242919
    outer loop
      vertex 30.5621 -2.75 14.2316
      vertex 30.6515 -6.75 14.5886
      vertex 30.5621 -6.75 14.2316
    endloop
  endfacet
  facet normal 0.99879 0 -0.0491787
    outer loop
      vertex 30.5081 -6.75 13.8676
      vertex 30.49 -2.75 13.5
      vertex 30.5081 -2.75 13.8676
    endloop
  endfacet
  facet normal 0.99879 0 -0.0491787
    outer loop
      vertex 30.49 -2.75 13.5
      vertex 30.5081 -6.75 13.8676
      vertex 30.49 -6.75 13.5
    endloop
  endfacet
  facet normal -0.857876 0 -0.513856
    outer loop
      vertex 37.5472 -6.75 15.2677
      vertex 37.3581 -2.75 15.5834
      vertex 37.5472 -2.75 15.2677
    endloop
  endfacet
  facet normal -0.857876 -0 -0.513856
    outer loop
      vertex 37.3581 -2.75 15.5834
      vertex 37.5472 -6.75 15.2677
      vertex 37.3581 -6.75 15.5834
    endloop
  endfacet
  facet normal -0.671468 0 -0.741033
    outer loop
      vertex 36.619 -6.75 16.3988
      vertex 36.8917 -2.75 16.1517
      vertex 36.8917 -6.75 16.1517
    endloop
  endfacet
  facet normal -0.671468 0 -0.741033
    outer loop
      vertex 36.8917 -2.75 16.1517
      vertex 36.619 -6.75 16.3988
      vertex 36.619 -2.75 16.3988
    endloop
  endfacet
  facet normal -0.595643 0 -0.803249
    outer loop
      vertex 36.3234 -6.75 16.618
      vertex 36.619 -2.75 16.3988
      vertex 36.619 -6.75 16.3988
    endloop
  endfacet
  facet normal -0.595643 0 -0.803249
    outer loop
      vertex 36.619 -2.75 16.3988
      vertex 36.3234 -6.75 16.618
      vertex 36.3234 -2.75 16.618
    endloop
  endfacet
  facet normal 0.514176 0 -0.857685
    outer loop
      vertex 32.1567 -6.75 16.618
      vertex 32.4723 -2.75 16.8072
      vertex 32.4723 -6.75 16.8072
    endloop
  endfacet
  facet normal 0.514176 0 -0.857685
    outer loop
      vertex 32.4723 -2.75 16.8072
      vertex 32.1567 -6.75 16.618
      vertex 32.1567 -2.75 16.618
    endloop
  endfacet
  facet normal 0.671468 0 -0.741033
    outer loop
      vertex 31.5884 -6.75 16.1517
      vertex 31.8611 -2.75 16.3988
      vertex 31.8611 -6.75 16.3988
    endloop
  endfacet
  facet normal 0.671468 0 -0.741033
    outer loop
      vertex 31.8611 -2.75 16.3988
      vertex 31.5884 -6.75 16.1517
      vertex 31.5884 -2.75 16.1517
    endloop
  endfacet
  facet normal 0.741033 0 -0.671468
    outer loop
      vertex 31.5884 -6.75 16.1517
      vertex 31.3413 -2.75 15.879
      vertex 31.5884 -2.75 16.1517
    endloop
  endfacet
  facet normal 0.741033 0 -0.671468
    outer loop
      vertex 31.3413 -2.75 15.879
      vertex 31.5884 -6.75 16.1517
      vertex 31.3413 -6.75 15.879
    endloop
  endfacet
  facet normal 0.941527 0 -0.336939
    outer loop
      vertex 30.7755 -6.75 14.9351
      vertex 30.6515 -2.75 14.5886
      vertex 30.7755 -2.75 14.9351
    endloop
  endfacet
  facet normal 0.941527 0 -0.336939
    outer loop
      vertex 30.6515 -2.75 14.5886
      vertex 30.7755 -6.75 14.9351
      vertex 30.6515 -6.75 14.5886
    endloop
  endfacet
  facet normal 0.989174 0 -0.146746
    outer loop
      vertex 30.5621 -6.75 14.2316
      vertex 30.5081 -2.75 13.8676
      vertex 30.5621 -2.75 14.2316
    endloop
  endfacet
  facet normal 0.989174 0 -0.146746
    outer loop
      vertex 30.5081 -2.75 13.8676
      vertex 30.5621 -6.75 14.2316
      vertex 30.5081 -6.75 13.8676
    endloop
  endfacet
  facet normal 0.146746 0 -0.989174
    outer loop
      vertex 33.5085 -6.75 17.1779
      vertex 33.8725 -2.75 17.2319
      vertex 33.8725 -6.75 17.2319
    endloop
  endfacet
  facet normal 0.146746 0 -0.989174
    outer loop
      vertex 33.8725 -2.75 17.2319
      vertex 33.5085 -6.75 17.1779
      vertex 33.5085 -2.75 17.1779
    endloop
  endfacet
  facet normal 0.595643 0 -0.803249
    outer loop
      vertex 31.8611 -6.75 16.3988
      vertex 32.1567 -2.75 16.618
      vertex 32.1567 -6.75 16.618
    endloop
  endfacet
  facet normal 0.595643 0 -0.803249
    outer loop
      vertex 32.1567 -2.75 16.618
      vertex 31.8611 -6.75 16.3988
      vertex 31.8611 -2.75 16.3988
    endloop
  endfacet
  facet normal 0.427654 0 -0.903942
    outer loop
      vertex 32.4723 -6.75 16.8072
      vertex 32.805 -2.75 16.9646
      vertex 32.805 -6.75 16.9646
    endloop
  endfacet
  facet normal 0.427654 0 -0.903942
    outer loop
      vertex 32.805 -2.75 16.9646
      vertex 32.4723 -6.75 16.8072
      vertex 32.4723 -2.75 16.8072
    endloop
  endfacet
  facet normal -0.336698 0 -0.941613
    outer loop
      vertex 35.3286 -6.75 17.0885
      vertex 35.6751 -2.75 16.9646
      vertex 35.6751 -6.75 16.9646
    endloop
  endfacet
  facet normal -0.336698 0 -0.941613
    outer loop
      vertex 35.6751 -2.75 16.9646
      vertex 35.3286 -6.75 17.0885
      vertex 35.3286 -2.75 17.0885
    endloop
  endfacet
  facet normal -0.242919 0 -0.970047
    outer loop
      vertex 34.9716 -6.75 17.1779
      vertex 35.3286 -2.75 17.0885
      vertex 35.3286 -6.75 17.0885
    endloop
  endfacet
  facet normal -0.242919 0 -0.970047
    outer loop
      vertex 35.3286 -2.75 17.0885
      vertex 34.9716 -6.75 17.1779
      vertex 34.9716 -2.75 17.1779
    endloop
  endfacet
  facet normal 0.0491921 0 -0.998789
    outer loop
      vertex 33.8725 -6.75 17.2319
      vertex 34.24 -2.75 17.25
      vertex 34.24 -6.75 17.25
    endloop
  endfacet
  facet normal 0.0491921 0 -0.998789
    outer loop
      vertex 34.24 -2.75 17.25
      vertex 33.8725 -6.75 17.2319
      vertex 33.8725 -2.75 17.2319
    endloop
  endfacet
  facet normal 0.242919 0 -0.970047
    outer loop
      vertex 33.1515 -6.75 17.0885
      vertex 33.5085 -2.75 17.1779
      vertex 33.5085 -6.75 17.1779
    endloop
  endfacet
  facet normal 0.242919 0 -0.970047
    outer loop
      vertex 33.5085 -2.75 17.1779
      vertex 33.1515 -6.75 17.0885
      vertex 33.1515 -2.75 17.0885
    endloop
  endfacet
  facet normal -0.99879 0 0.0491787
    outer loop
      vertex -30.5081 -6.75 13.1324
      vertex -30.49 -2.75 13.5
      vertex -30.5081 -2.75 13.1324
    endloop
  endfacet
  facet normal -0.99879 0 0.0491787
    outer loop
      vertex -30.49 -2.75 13.5
      vertex -30.5081 -6.75 13.1324
      vertex -30.49 -6.75 13.5
    endloop
  endfacet
  facet normal 0.0490703 0 0.998795
    outer loop
      vertex -34.6076 -2.75 9.76806
      vertex -34.24 -6.75 9.75
      vertex -34.24 -2.75 9.75
    endloop
  endfacet
  facet normal 0.0490703 0 0.998795
    outer loop
      vertex -34.24 -6.75 9.75
      vertex -34.6076 -2.75 9.76806
      vertex -34.6076 -6.75 9.76806
    endloop
  endfacet
  facet normal -0.671468 0 0.741033
    outer loop
      vertex -31.8611 -2.75 10.6012
      vertex -31.5884 -6.75 10.8483
      vertex -31.5884 -2.75 10.8483
    endloop
  endfacet
  facet normal -0.671468 0 0.741033
    outer loop
      vertex -31.5884 -6.75 10.8483
      vertex -31.8611 -2.75 10.6012
      vertex -31.8611 -6.75 10.6012
    endloop
  endfacet
  facet normal 0.741033 -0 0.671468
    outer loop
      vertex -37.1388 -6.75 11.121
      vertex -36.8917 -2.75 10.8483
      vertex -37.1388 -2.75 11.121
    endloop
  endfacet
  facet normal 0.741033 0 0.671468
    outer loop
      vertex -36.8917 -2.75 10.8483
      vertex -37.1388 -6.75 11.121
      vertex -36.8917 -6.75 10.8483
    endloop
  endfacet
  facet normal 0.427432 0 0.904047
    outer loop
      vertex -36.0078 -2.75 10.1928
      vertex -35.6751 -6.75 10.0355
      vertex -35.6751 -2.75 10.0355
    endloop
  endfacet
  facet normal 0.427432 0 0.904047
    outer loop
      vertex -35.6751 -6.75 10.0355
      vertex -36.0078 -2.75 10.1928
      vertex -36.0078 -6.75 10.1928
    endloop
  endfacet
  facet normal -0.903998 0 0.427537
    outer loop
      vertex -30.9328 -6.75 11.7323
      vertex -30.7755 -2.75 12.0649
      vertex -30.9328 -2.75 11.7323
    endloop
  endfacet
  facet normal -0.903998 0 0.427537
    outer loop
      vertex -30.7755 -2.75 12.0649
      vertex -30.9328 -6.75 11.7323
      vertex -30.7755 -6.75 12.0649
    endloop
  endfacet
  facet normal -0.337011 0 0.941501
    outer loop
      vertex -33.1515 -2.75 9.91147
      vertex -32.805 -6.75 10.0355
      vertex -32.805 -2.75 10.0355
    endloop
  endfacet
  facet normal -0.337011 0 0.941501
    outer loop
      vertex -32.805 -6.75 10.0355
      vertex -33.1515 -2.75 9.91147
      vertex -33.1515 -6.75 9.91147
    endloop
  endfacet
  facet normal -0.514176 0 0.857685
    outer loop
      vertex -32.4723 -2.75 10.1928
      vertex -32.1567 -6.75 10.382
      vertex -32.1567 -2.75 10.382
    endloop
  endfacet
  facet normal -0.514176 0 0.857685
    outer loop
      vertex -32.1567 -6.75 10.382
      vertex -32.4723 -2.75 10.1928
      vertex -32.4723 -6.75 10.1928
    endloop
  endfacet
  facet normal 0.941527 -0 0.336939
    outer loop
      vertex -37.8286 -6.75 12.4114
      vertex -37.7046 -2.75 12.0649
      vertex -37.8286 -2.75 12.4114
    endloop
  endfacet
  facet normal 0.941527 0 0.336939
    outer loop
      vertex -37.7046 -2.75 12.0649
      vertex -37.8286 -6.75 12.4114
      vertex -37.7046 -6.75 12.0649
    endloop
  endfacet
  facet normal 0.242945 0 0.97004
    outer loop
      vertex -35.3286 -2.75 9.91147
      vertex -34.9716 -6.75 9.82206
      vertex -34.9716 -2.75 9.82206
    endloop
  endfacet
  facet normal 0.242945 0 0.97004
    outer loop
      vertex -34.9716 -6.75 9.82206
      vertex -35.3286 -2.75 9.91147
      vertex -35.3286 -6.75 9.91147
    endloop
  endfacet
  facet normal -0.941527 0 -0.336939
    outer loop
      vertex -30.6515 -6.75 14.5886
      vertex -30.7755 -2.75 14.9351
      vertex -30.6515 -2.75 14.5886
    endloop
  endfacet
  facet normal -0.941527 -0 -0.336939
    outer loop
      vertex -30.7755 -2.75 14.9351
      vertex -30.6515 -6.75 14.5886
      vertex -30.7755 -6.75 14.9351
    endloop
  endfacet
  facet normal 0.671468 0 -0.741033
    outer loop
      vertex -36.8917 -6.75 16.1517
      vertex -36.619 -2.75 16.3988
      vertex -36.619 -6.75 16.3988
    endloop
  endfacet
  facet normal 0.671468 0 -0.741033
    outer loop
      vertex -36.619 -2.75 16.3988
      vertex -36.8917 -6.75 16.1517
      vertex -36.8917 -2.75 16.1517
    endloop
  endfacet
  facet normal -0.970047 0 0.242919
    outer loop
      vertex -30.6515 -6.75 12.4114
      vertex -30.5621 -2.75 12.7684
      vertex -30.6515 -2.75 12.4114
    endloop
  endfacet
  facet normal -0.970047 0 0.242919
    outer loop
      vertex -30.5621 -2.75 12.7684
      vertex -30.6515 -6.75 12.4114
      vertex -30.5621 -6.75 12.7684
    endloop
  endfacet
  facet normal -0.989174 0 0.146746
    outer loop
      vertex -30.5621 -6.75 12.7684
      vertex -30.5081 -2.75 13.1324
      vertex -30.5621 -2.75 12.7684
    endloop
  endfacet
  facet normal -0.989174 0 0.146746
    outer loop
      vertex -30.5081 -2.75 13.1324
      vertex -30.5621 -6.75 12.7684
      vertex -30.5081 -6.75 13.1324
    endloop
  endfacet
  facet normal -0.941527 0 0.336939
    outer loop
      vertex -30.7755 -6.75 12.0649
      vertex -30.6515 -2.75 12.4114
      vertex -30.7755 -2.75 12.0649
    endloop
  endfacet
  facet normal -0.941527 0 0.336939
    outer loop
      vertex -30.6515 -2.75 12.4114
      vertex -30.7755 -6.75 12.0649
      vertex -30.6515 -6.75 12.4114
    endloop
  endfacet
  facet normal -0.803119 0 0.595819
    outer loop
      vertex -31.3413 -6.75 11.121
      vertex -31.122 -2.75 11.4166
      vertex -31.3413 -2.75 11.121
    endloop
  endfacet
  facet normal -0.803119 0 0.595819
    outer loop
      vertex -31.122 -2.75 11.4166
      vertex -31.3413 -6.75 11.121
      vertex -31.122 -6.75 11.4166
    endloop
  endfacet
  facet normal -0.741033 0 0.671468
    outer loop
      vertex -31.5884 -6.75 10.8483
      vertex -31.3413 -2.75 11.121
      vertex -31.5884 -2.75 10.8483
    endloop
  endfacet
  facet normal -0.741033 0 0.671468
    outer loop
      vertex -31.3413 -2.75 11.121
      vertex -31.5884 -6.75 10.8483
      vertex -31.3413 -6.75 11.121
    endloop
  endfacet
  facet normal -0.857757 0 0.514056
    outer loop
      vertex -31.122 -6.75 11.4166
      vertex -30.9328 -2.75 11.7323
      vertex -31.122 -2.75 11.4166
    endloop
  endfacet
  facet normal -0.857757 0 0.514056
    outer loop
      vertex -30.9328 -2.75 11.7323
      vertex -31.122 -6.75 11.4166
      vertex -30.9328 -6.75 11.7323
    endloop
  endfacet
  facet normal -0.146746 0 0.989174
    outer loop
      vertex -33.8725 -2.75 9.76806
      vertex -33.5085 -6.75 9.82206
      vertex -33.5085 -2.75 9.82206
    endloop
  endfacet
  facet normal -0.146746 0 0.989174
    outer loop
      vertex -33.5085 -6.75 9.82206
      vertex -33.8725 -2.75 9.76806
      vertex -33.8725 -6.75 9.76806
    endloop
  endfacet
  facet normal -0.242945 0 0.97004
    outer loop
      vertex -33.5085 -2.75 9.82206
      vertex -33.1515 -6.75 9.91147
      vertex -33.1515 -2.75 9.91147
    endloop
  endfacet
  facet normal -0.242945 0 0.97004
    outer loop
      vertex -33.1515 -6.75 9.91147
      vertex -33.5085 -2.75 9.82206
      vertex -33.5085 -6.75 9.82206
    endloop
  endfacet
  facet normal -0.0490836 0 0.998795
    outer loop
      vertex -34.24 -2.75 9.75
      vertex -33.8725 -6.75 9.76806
      vertex -33.8725 -2.75 9.76806
    endloop
  endfacet
  facet normal -0.0490836 0 0.998795
    outer loop
      vertex -33.8725 -6.75 9.76806
      vertex -34.24 -2.75 9.75
      vertex -34.24 -6.75 9.75
    endloop
  endfacet
  facet normal -0.427432 0 0.904047
    outer loop
      vertex -32.805 -2.75 10.0355
      vertex -32.4723 -6.75 10.1928
      vertex -32.4723 -2.75 10.1928
    endloop
  endfacet
  facet normal -0.427432 0 0.904047
    outer loop
      vertex -32.4723 -6.75 10.1928
      vertex -32.805 -2.75 10.0355
      vertex -32.805 -6.75 10.0355
    endloop
  endfacet
  facet normal -0.595643 0 0.803249
    outer loop
      vertex -32.1567 -2.75 10.382
      vertex -31.8611 -6.75 10.6012
      vertex -31.8611 -2.75 10.6012
    endloop
  endfacet
  facet normal -0.595643 0 0.803249
    outer loop
      vertex -31.8611 -6.75 10.6012
      vertex -32.1567 -2.75 10.382
      vertex -32.1567 -6.75 10.382
    endloop
  endfacet
  facet normal 0.989174 -0 0.146746
    outer loop
      vertex -37.972 -6.75 13.1324
      vertex -37.918 -2.75 12.7684
      vertex -37.972 -2.75 13.1324
    endloop
  endfacet
  facet normal 0.989174 0 0.146746
    outer loop
      vertex -37.918 -2.75 12.7684
      vertex -37.972 -6.75 13.1324
      vertex -37.918 -6.75 12.7684
    endloop
  endfacet
  facet normal 0.857876 -0 0.513856
    outer loop
      vertex -37.5472 -6.75 11.7323
      vertex -37.3581 -2.75 11.4166
      vertex -37.5472 -2.75 11.7323
    endloop
  endfacet
  facet normal 0.857876 0 0.513856
    outer loop
      vertex -37.3581 -2.75 11.4166
      vertex -37.5472 -6.75 11.7323
      vertex -37.3581 -6.75 11.4166
    endloop
  endfacet
  facet normal 0.803119 -0 0.595819
    outer loop
      vertex -37.3581 -6.75 11.4166
      vertex -37.1388 -2.75 11.121
      vertex -37.3581 -2.75 11.4166
    endloop
  endfacet
  facet normal 0.803119 0 0.595819
    outer loop
      vertex -37.1388 -2.75 11.121
      vertex -37.3581 -6.75 11.4166
      vertex -37.1388 -6.75 11.121
    endloop
  endfacet
  facet normal 0.903893 -0 0.427759
    outer loop
      vertex -37.7046 -6.75 12.0649
      vertex -37.5472 -2.75 11.7323
      vertex -37.7046 -2.75 12.0649
    endloop
  endfacet
  facet normal 0.903893 0 0.427759
    outer loop
      vertex -37.5472 -2.75 11.7323
      vertex -37.7046 -6.75 12.0649
      vertex -37.5472 -6.75 11.7323
    endloop
  endfacet
  facet normal 0.970047 -0 0.242919
    outer loop
      vertex -37.918 -6.75 12.7684
      vertex -37.8286 -2.75 12.4114
      vertex -37.918 -2.75 12.7684
    endloop
  endfacet
  facet normal 0.970047 0 0.242919
    outer loop
      vertex -37.8286 -2.75 12.4114
      vertex -37.918 -6.75 12.7684
      vertex -37.8286 -6.75 12.4114
    endloop
  endfacet
  facet normal 0.998803 -0 0.0489077
    outer loop
      vertex -37.99 -6.75 13.5
      vertex -37.972 -2.75 13.1324
      vertex -37.99 -2.75 13.5
    endloop
  endfacet
  facet normal 0.998803 0 0.0489077
    outer loop
      vertex -37.972 -2.75 13.1324
      vertex -37.99 -6.75 13.5
      vertex -37.972 -6.75 13.1324
    endloop
  endfacet
  facet normal 0 -1 0
    outer loop
      vertex -34.24 -2.75 15.7
      vertex -34.24 -2.75 17.25
      vertex -34.6076 -2.75 17.2319
    endloop
  endfacet
  facet normal 0 -1 0
    outer loop
      vertex -34.4557 -2.75 15.6894
      vertex -34.6076 -2.75 17.2319
      vertex -34.9716 -2.75 17.1779
    endloop
  endfacet
  facet normal 0 -1 0
    outer loop
      vertex -34.24 -2.75 17.25
      vertex -34.24 -2.75 15.7
      vertex -33.8725 -2.75 17.2319
    endloop
  endfacet
  facet normal 0 -1 0
    outer loop
      vertex -34.6692 -2.75 15.6577
      vertex -34.9716 -2.75 17.1779
      vertex -35.3286 -2.75 17.0885
    endloop
  endfacet
  facet normal 0 -1 0
    outer loop
      vertex -34.0244 -2.75 15.6894
      vertex -33.8725 -2.75 17.2319
      vertex -34.24 -2.75 15.7
    endloop
  endfacet
  facet normal 0 -1 0
    outer loop
      vertex -34.8787 -2.75 15.6053
      vertex -35.3286 -2.75 17.0885
      vertex -35.6751 -2.75 16.9646
    endloop
  endfacet
  facet normal 0 -1 -0
    outer loop
      vertex -33.8725 -2.75 17.2319
      vertex -34.0244 -2.75 15.6894
      vertex -33.5085 -2.75 17.1779
    endloop
  endfacet
  facet normal 0 -1 0
    outer loop
      vertex -35.0819 -2.75 15.5325
      vertex -35.6751 -2.75 16.9646
      vertex -36.0078 -2.75 16.8072
    endloop
  endfacet
  facet normal 0 -1 0
    outer loop
      vertex -33.8108 -2.75 15.6577
      vertex -33.5085 -2.75 17.1779
      vertex -34.0244 -2.75 15.6894
    endloop
  endfacet
  facet normal 0 -1 0
    outer loop
      vertex -35.2771 -2.75 15.4402
      vertex -36.0078 -2.75 16.8072
      vertex -36.3234 -2.75 16.618
    endloop
  endfacet
  facet normal 0 -1 -0
    outer loop
      vertex -33.5085 -2.75 17.1779
      vertex -33.8108 -2.75 15.6577
      vertex -33.1515 -2.75 17.0885
    endloop
  endfacet
  facet normal 0 -1 0
    outer loop
      vertex -35.4623 -2.75 15.3292
      vertex -36.3234 -2.75 16.618
      vertex -36.619 -2.75 16.3988
    endloop
  endfacet
  facet normal 0 -1 0
    outer loop
      vertex -33.6014 -2.75 15.6053
      vertex -33.1515 -2.75 17.0885
      vertex -33.8108 -2.75 15.6577
    endloop
  endfacet
  facet normal 0 -1 0
    outer loop
      vertex -35.6357 -2.75 15.2006
      vertex -36.619 -2.75 16.3988
      vertex -36.8917 -2.75 16.1517
    endloop
  endfacet
  facet normal 0 -1 -0
    outer loop
      vertex -33.1515 -2.75 17.0885
      vertex -33.6014 -2.75 15.6053
      vertex -32.805 -2.75 16.9646
    endloop
  endfacet
  facet normal 0 -1 0
    outer loop
      vertex -35.7957 -2.75 15.0556
      vertex -36.8917 -2.75 16.1517
      vertex -37.1388 -2.75 15.879
    endloop
  endfacet
  facet normal 0 -1 0
    outer loop
      vertex -33.3981 -2.75 15.5325
      vertex -32.805 -2.75 16.9646
      vertex -33.6014 -2.75 15.6053
    endloop
  endfacet
  facet normal 0 -1 -0
    outer loop
      vertex -32.805 -2.75 16.9646
      vertex -33.3981 -2.75 15.5325
      vertex -32.4723 -2.75 16.8072
    endloop
  endfacet
  facet normal 0 -1 0
    outer loop
      vertex -34.6076 -2.75 17.2319
      vertex -34.4557 -2.75 15.6894
      vertex -34.24 -2.75 15.7
    endloop
  endfacet
  facet normal 0 -1 0
    outer loop
      vertex -34.9716 -2.75 17.1779
      vertex -34.6692 -2.75 15.6577
      vertex -34.4557 -2.75 15.6894
    endloop
  endfacet
  facet normal 0 -1 0
    outer loop
      vertex -35.3286 -2.75 17.0885
      vertex -34.8787 -2.75 15.6053
      vertex -34.6692 -2.75 15.6577
    endloop
  endfacet
  facet normal 0 -1 0
    outer loop
      vertex -35.9407 -2.75 14.8957
      vertex -37.1388 -2.75 15.879
      vertex -37.3581 -2.75 15.5834
    endloop
  endfacet
  facet normal 0 -1 0
    outer loop
      vertex -35.6751 -2.75 16.9646
      vertex -35.0819 -2.75 15.5325
      vertex -34.8787 -2.75 15.6053
    endloop
  endfacet
  facet normal 0 -1 0
    outer loop
      vertex -36.0078 -2.75 16.8072
      vertex -35.2771 -2.75 15.4402
      vertex -35.0819 -2.75 15.5325
    endloop
  endfacet
  facet normal 0 -1 0
    outer loop
      vertex -36.3234 -2.75 16.618
      vertex -35.4623 -2.75 15.3292
      vertex -35.2771 -2.75 15.4402
    endloop
  endfacet
  facet normal 0 -1 0
    outer loop
      vertex -36.0693 -2.75 14.7223
      vertex -37.3581 -2.75 15.5834
      vertex -37.5472 -2.75 15.2677
    endloop
  endfacet
  facet normal 0 -1 0
    outer loop
      vertex -36.619 -2.75 16.3988
      vertex -35.6357 -2.75 15.2006
      vertex -35.4623 -2.75 15.3292
    endloop
  endfacet
  facet normal 0 -1 0
    outer loop
      vertex -36.8917 -2.75 16.1517
      vertex -35.7957 -2.75 15.0556
      vertex -35.6357 -2.75 15.2006
    endloop
  endfacet
  facet normal 0 -1 0
    outer loop
      vertex -36.1803 -2.75 14.5371
      vertex -37.5472 -2.75 15.2677
      vertex -37.7046 -2.75 14.9351
    endloop
  endfacet
  facet normal 0 -1 0
    outer loop
      vertex -37.1388 -2.75 15.879
      vertex -35.9407 -2.75 14.8957
      vertex -35.7957 -2.75 15.0556
    endloop
  endfacet
  facet normal 0 -1 0
    outer loop
      vertex -37.3581 -2.75 15.5834
      vertex -36.0693 -2.75 14.7223
      vertex -35.9407 -2.75 14.8957
    endloop
  endfacet
  facet normal 0 -1 0
    outer loop
      vertex -36.2726 -2.75 14.3419
      vertex -37.7046 -2.75 14.9351
      vertex -37.8286 -2.75 14.5886
    endloop
  endfacet
  facet normal 0 -1 0
    outer loop
      vertex -37.5472 -2.75 15.2677
      vertex -36.1803 -2.75 14.5371
      vertex -36.0693 -2.75 14.7223
    endloop
  endfacet
  facet normal 0 -1 0
    outer loop
      vertex -37.7046 -2.75 14.9351
      vertex -36.2726 -2.75 14.3419
      vertex -36.1803 -2.75 14.5371
    endloop
  endfacet
  facet normal 0 -1 0
    outer loop
      vertex -36.3453 -2.75 14.1386
      vertex -37.8286 -2.75 14.5886
      vertex -37.918 -2.75 14.2316
    endloop
  endfacet
  facet normal 0 -1 0
    outer loop
      vertex -37.8286 -2.75 14.5886
      vertex -36.3453 -2.75 14.1386
      vertex -36.2726 -2.75 14.3419
    endloop
  endfacet
  facet normal 0 -1 0
    outer loop
      vertex -37.918 -2.75 14.2316
      vertex -36.3978 -2.75 13.9292
      vertex -36.3453 -2.75 14.1386
    endloop
  endfacet
  facet normal 0 -1 0
    outer loop
      vertex -37.972 -2.75 13.8676
      vertex -36.3978 -2.75 13.9292
      vertex -37.918 -2.75 14.2316
    endloop
  endfacet
  facet normal 0 -1 0
    outer loop
      vertex -37.972 -2.75 13.8676
      vertex -36.4294 -2.75 13.7156
      vertex -36.3978 -2.75 13.9292
    endloop
  endfacet
  facet normal 0 -1 0
    outer loop
      vertex -37.99 -2.75 13.5
      vertex -36.4294 -2.75 13.7156
      vertex -37.972 -2.75 13.8676
    endloop
  endfacet
  facet normal 0 -1 0
    outer loop
      vertex -37.99 -2.75 13.5
      vertex -36.44 -2.75 13.5
      vertex -36.4294 -2.75 13.7156
    endloop
  endfacet
  facet normal 0 -1 0
    outer loop
      vertex -37.99 -2.75 13.5
      vertex -36.4294 -2.75 13.2844
      vertex -36.44 -2.75 13.5
    endloop
  endfacet
  facet normal 0 -1 0
    outer loop
      vertex -37.972 -2.75 13.1324
      vertex -36.4294 -2.75 13.2844
      vertex -37.99 -2.75 13.5
    endloop
  endfacet
  facet normal 0 -1 0
    outer loop
      vertex -37.972 -2.75 13.1324
      vertex -36.3978 -2.75 13.0708
      vertex -36.4294 -2.75 13.2844
    endloop
  endfacet
  facet normal 0 -1 0
    outer loop
      vertex -37.918 -2.75 12.7684
      vertex -36.3978 -2.75 13.0708
      vertex -37.972 -2.75 13.1324
    endloop
  endfacet
  facet normal 0 -1 -0
    outer loop
      vertex -36.3978 -2.75 13.0708
      vertex -37.918 -2.75 12.7684
      vertex -36.3453 -2.75 12.8614
    endloop
  endfacet
  facet normal 0 -1 0
    outer loop
      vertex -37.8286 -2.75 12.4114
      vertex -36.3453 -2.75 12.8614
      vertex -37.918 -2.75 12.7684
    endloop
  endfacet
  facet normal 0 -1 -0
    outer loop
      vertex -36.3453 -2.75 12.8614
      vertex -37.8286 -2.75 12.4114
      vertex -36.2726 -2.75 12.6581
    endloop
  endfacet
  facet normal 0 -1 0
    outer loop
      vertex -37.7046 -2.75 12.0649
      vertex -36.2726 -2.75 12.6581
      vertex -37.8286 -2.75 12.4114
    endloop
  endfacet
  facet normal 0 -1 -0
    outer loop
      vertex -36.2726 -2.75 12.6581
      vertex -37.7046 -2.75 12.0649
      vertex -36.1803 -2.75 12.4629
    endloop
  endfacet
  facet normal 0 -1 0
    outer loop
      vertex -37.5472 -2.75 11.7323
      vertex -36.1803 -2.75 12.4629
      vertex -37.7046 -2.75 12.0649
    endloop
  endfacet
  facet normal 0 -1 -0
    outer loop
      vertex -36.1803 -2.75 12.4629
      vertex -37.5472 -2.75 11.7323
      vertex -36.0693 -2.75 12.2777
    endloop
  endfacet
  facet normal 0 -1 0
    outer loop
      vertex -37.3581 -2.75 11.4166
      vertex -36.0693 -2.75 12.2777
      vertex -37.5472 -2.75 11.7323
    endloop
  endfacet
  facet normal 0 -1 -0
    outer loop
      vertex -36.0693 -2.75 12.2777
      vertex -37.3581 -2.75 11.4166
      vertex -35.9407 -2.75 12.1043
    endloop
  endfacet
  facet normal 0 -1 0
    outer loop
      vertex -37.1388 -2.75 11.121
      vertex -35.9407 -2.75 12.1043
      vertex -37.3581 -2.75 11.4166
    endloop
  endfacet
  facet normal 0 -1 -0
    outer loop
      vertex -35.9407 -2.75 12.1043
      vertex -37.1388 -2.75 11.121
      vertex -35.7957 -2.75 11.9444
    endloop
  endfacet
  facet normal 0 -1 0
    outer loop
      vertex -36.8917 -2.75 10.8483
      vertex -35.7957 -2.75 11.9444
      vertex -37.1388 -2.75 11.121
    endloop
  endfacet
  facet normal 0 -1 -0
    outer loop
      vertex -35.7957 -2.75 11.9444
      vertex -36.8917 -2.75 10.8483
      vertex -35.6357 -2.75 11.7994
    endloop
  endfacet
  facet normal 0 -1 0
    outer loop
      vertex -36.619 -2.75 10.6012
      vertex -35.6357 -2.75 11.7994
      vertex -36.8917 -2.75 10.8483
    endloop
  endfacet
  facet normal 0 -1 -0
    outer loop
      vertex -35.6357 -2.75 11.7994
      vertex -36.619 -2.75 10.6012
      vertex -35.4623 -2.75 11.6708
    endloop
  endfacet
  facet normal 0 -1 0
    outer loop
      vertex -36.3234 -2.75 10.382
      vertex -35.4623 -2.75 11.6708
      vertex -36.619 -2.75 10.6012
    endloop
  endfacet
  facet normal 0 -1 -0
    outer loop
      vertex -35.4623 -2.75 11.6708
      vertex -36.3234 -2.75 10.382
      vertex -35.2771 -2.75 11.5598
    endloop
  endfacet
  facet normal 0 -1 0
    outer loop
      vertex -36.0078 -2.75 10.1928
      vertex -35.2771 -2.75 11.5598
      vertex -36.3234 -2.75 10.382
    endloop
  endfacet
  facet normal 0 -1 -0
    outer loop
      vertex -35.2771 -2.75 11.5598
      vertex -36.0078 -2.75 10.1928
      vertex -35.0819 -2.75 11.4675
    endloop
  endfacet
  facet normal 0 -1 0
    outer loop
      vertex -33.203 -2.75 15.4402
      vertex -32.4723 -2.75 16.8072
      vertex -33.3981 -2.75 15.5325
    endloop
  endfacet
  facet normal 0 -1 -0
    outer loop
      vertex -32.4723 -2.75 16.8072
      vertex -33.203 -2.75 15.4402
      vertex -32.1567 -2.75 16.618
    endloop
  endfacet
  facet normal 0 -1 0
    outer loop
      vertex -33.0178 -2.75 15.3292
      vertex -32.1567 -2.75 16.618
      vertex -33.203 -2.75 15.4402
    endloop
  endfacet
  facet normal 0 -1 -0
    outer loop
      vertex -32.1567 -2.75 16.618
      vertex -33.0178 -2.75 15.3292
      vertex -31.8611 -2.75 16.3988
    endloop
  endfacet
  facet normal 0 -1 0
    outer loop
      vertex -32.8444 -2.75 15.2006
      vertex -31.8611 -2.75 16.3988
      vertex -33.0178 -2.75 15.3292
    endloop
  endfacet
  facet normal 0 -1 -0
    outer loop
      vertex -31.8611 -2.75 16.3988
      vertex -32.8444 -2.75 15.2006
      vertex -31.5884 -2.75 16.1517
    endloop
  endfacet
  facet normal 0 -1 0
    outer loop
      vertex -32.6844 -2.75 15.0556
      vertex -31.5884 -2.75 16.1517
      vertex -32.8444 -2.75 15.2006
    endloop
  endfacet
  facet normal 0 -1 -0
    outer loop
      vertex -31.5884 -2.75 16.1517
      vertex -32.6844 -2.75 15.0556
      vertex -31.3413 -2.75 15.879
    endloop
  endfacet
  facet normal 0 -1 0
    outer loop
      vertex -32.5394 -2.75 14.8957
      vertex -31.3413 -2.75 15.879
      vertex -32.6844 -2.75 15.0556
    endloop
  endfacet
  facet normal 0 -1 -0
    outer loop
      vertex -31.3413 -2.75 15.879
      vertex -32.5394 -2.75 14.8957
      vertex -31.122 -2.75 15.5834
    endloop
  endfacet
  facet normal 0 -1 0
    outer loop
      vertex -32.4108 -2.75 14.7223
      vertex -31.122 -2.75 15.5834
      vertex -32.5394 -2.75 14.8957
    endloop
  endfacet
  facet normal 0 -1 -0
    outer loop
      vertex -31.122 -2.75 15.5834
      vertex -32.4108 -2.75 14.7223
      vertex -30.9328 -2.75 15.2677
    endloop
  endfacet
  facet normal 0 -1 0
    outer loop
      vertex -32.2998 -2.75 14.5371
      vertex -30.9328 -2.75 15.2677
      vertex -32.4108 -2.75 14.7223
    endloop
  endfacet
  facet normal 0 -1 -0
    outer loop
      vertex -30.9328 -2.75 15.2677
      vertex -32.2998 -2.75 14.5371
      vertex -30.7755 -2.75 14.9351
    endloop
  endfacet
  facet normal 0 -1 0
    outer loop
      vertex -32.2075 -2.75 14.3419
      vertex -30.7755 -2.75 14.9351
      vertex -32.2998 -2.75 14.5371
    endloop
  endfacet
  facet normal 0 -1 -0
    outer loop
      vertex -30.7755 -2.75 14.9351
      vertex -32.2075 -2.75 14.3419
      vertex -30.6515 -2.75 14.5886
    endloop
  endfacet
  facet normal 0 -1 0
    outer loop
      vertex -32.1348 -2.75 14.1386
      vertex -30.6515 -2.75 14.5886
      vertex -32.2075 -2.75 14.3419
    endloop
  endfacet
  facet normal 0 -1 -0
    outer loop
      vertex -30.6515 -2.75 14.5886
      vertex -32.1348 -2.75 14.1386
      vertex -30.5621 -2.75 14.2316
    endloop
  endfacet
  facet normal 0 -1 0
    outer loop
      vertex -32.0823 -2.75 13.9292
      vertex -30.5621 -2.75 14.2316
      vertex -32.1348 -2.75 14.1386
    endloop
  endfacet
  facet normal 0 -1 0
    outer loop
      vertex -32.0823 -2.75 13.9292
      vertex -30.5081 -2.75 13.8676
      vertex -30.5621 -2.75 14.2316
    endloop
  endfacet
  facet normal 0 -1 0
    outer loop
      vertex -32.0506 -2.75 13.7156
      vertex -30.5081 -2.75 13.8676
      vertex -32.0823 -2.75 13.9292
    endloop
  endfacet
  facet normal 0 -1 0
    outer loop
      vertex -32.04 -2.75 13.5
      vertex -30.5081 -2.75 13.8676
      vertex -32.0506 -2.75 13.7156
    endloop
  endfacet
  facet normal 0 -1 0
    outer loop
      vertex -32.04 -2.75 13.5
      vertex -30.49 -2.75 13.5
      vertex -30.5081 -2.75 13.8676
    endloop
  endfacet
  facet normal 0 -1 0
    outer loop
      vertex -32.0506 -2.75 13.2844
      vertex -30.49 -2.75 13.5
      vertex -32.04 -2.75 13.5
    endloop
  endfacet
  facet normal 0 -1 0
    outer loop
      vertex -32.0506 -2.75 13.2844
      vertex -30.5081 -2.75 13.1324
      vertex -30.49 -2.75 13.5
    endloop
  endfacet
  facet normal 0 -1 0
    outer loop
      vertex -32.0823 -2.75 13.0708
      vertex -30.5081 -2.75 13.1324
      vertex -32.0506 -2.75 13.2844
    endloop
  endfacet
  facet normal 0 -1 0
    outer loop
      vertex -30.5621 -2.75 12.7684
      vertex -32.0823 -2.75 13.0708
      vertex -32.1348 -2.75 12.8614
    endloop
  endfacet
  facet normal 0 -1 0
    outer loop
      vertex -32.0823 -2.75 13.0708
      vertex -30.5621 -2.75 12.7684
      vertex -30.5081 -2.75 13.1324
    endloop
  endfacet
  facet normal 0 -1 0
    outer loop
      vertex -30.6515 -2.75 12.4114
      vertex -32.1348 -2.75 12.8614
      vertex -32.2075 -2.75 12.6581
    endloop
  endfacet
  facet normal 0 -1 0
    outer loop
      vertex -30.7755 -2.75 12.0649
      vertex -32.2075 -2.75 12.6581
      vertex -32.2998 -2.75 12.4629
    endloop
  endfacet
  facet normal 0 -1 0
    outer loop
      vertex -32.1348 -2.75 12.8614
      vertex -30.6515 -2.75 12.4114
      vertex -30.5621 -2.75 12.7684
    endloop
  endfacet
  facet normal 0 -1 0
    outer loop
      vertex -30.9328 -2.75 11.7323
      vertex -32.2998 -2.75 12.4629
      vertex -32.4108 -2.75 12.2777
    endloop
  endfacet
  facet normal 0 -1 0
    outer loop
      vertex -31.122 -2.75 11.4166
      vertex -32.4108 -2.75 12.2777
      vertex -32.5394 -2.75 12.1043
    endloop
  endfacet
  facet normal 0 -1 0
    outer loop
      vertex -32.2075 -2.75 12.6581
      vertex -30.7755 -2.75 12.0649
      vertex -30.6515 -2.75 12.4114
    endloop
  endfacet
  facet normal 0 -1 0
    outer loop
      vertex -31.3413 -2.75 11.121
      vertex -32.5394 -2.75 12.1043
      vertex -32.6844 -2.75 11.9444
    endloop
  endfacet
  facet normal 0 -1 0
    outer loop
      vertex -31.5884 -2.75 10.8483
      vertex -32.6844 -2.75 11.9444
      vertex -32.8444 -2.75 11.7994
    endloop
  endfacet
  facet normal 0 -1 0
    outer loop
      vertex -32.2998 -2.75 12.4629
      vertex -30.9328 -2.75 11.7323
      vertex -30.7755 -2.75 12.0649
    endloop
  endfacet
  facet normal 0 -1 0
    outer loop
      vertex -31.8611 -2.75 10.6012
      vertex -32.8444 -2.75 11.7994
      vertex -33.0178 -2.75 11.6708
    endloop
  endfacet
  facet normal 0 -1 0
    outer loop
      vertex -32.1567 -2.75 10.382
      vertex -33.0178 -2.75 11.6708
      vertex -33.203 -2.75 11.5598
    endloop
  endfacet
  facet normal 0 -1 0
    outer loop
      vertex -32.4723 -2.75 10.1928
      vertex -33.203 -2.75 11.5598
      vertex -33.3981 -2.75 11.4675
    endloop
  endfacet
  facet normal 0 -1 0
    outer loop
      vertex -32.4108 -2.75 12.2777
      vertex -31.122 -2.75 11.4166
      vertex -30.9328 -2.75 11.7323
    endloop
  endfacet
  facet normal 0 -1 0
    outer loop
      vertex -32.805 -2.75 10.0355
      vertex -33.3981 -2.75 11.4675
      vertex -33.6014 -2.75 11.3947
    endloop
  endfacet
  facet normal 0 -1 0
    outer loop
      vertex -33.1515 -2.75 9.91147
      vertex -33.6014 -2.75 11.3947
      vertex -33.8108 -2.75 11.3423
    endloop
  endfacet
  facet normal 0 -1 0
    outer loop
      vertex -33.5085 -2.75 9.82206
      vertex -33.8108 -2.75 11.3423
      vertex -34.0244 -2.75 11.3106
    endloop
  endfacet
  facet normal 0 -1 0
    outer loop
      vertex -33.8725 -2.75 9.76806
      vertex -34.0244 -2.75 11.3106
      vertex -34.24 -2.75 11.3
    endloop
  endfacet
  facet normal 0 -1 0
    outer loop
      vertex -35.6751 -2.75 10.0355
      vertex -35.0819 -2.75 11.4675
      vertex -36.0078 -2.75 10.1928
    endloop
  endfacet
  facet normal 0 -1 0
    outer loop
      vertex -32.5394 -2.75 12.1043
      vertex -31.3413 -2.75 11.121
      vertex -31.122 -2.75 11.4166
    endloop
  endfacet
  facet normal 0 -1 -0
    outer loop
      vertex -35.0819 -2.75 11.4675
      vertex -35.6751 -2.75 10.0355
      vertex -34.8787 -2.75 11.3947
    endloop
  endfacet
  facet normal 0 -1 0
    outer loop
      vertex -32.6844 -2.75 11.9444
      vertex -31.5884 -2.75 10.8483
      vertex -31.3413 -2.75 11.121
    endloop
  endfacet
  facet normal 0 -1 0
    outer loop
      vertex -35.3286 -2.75 9.91147
      vertex -34.8787 -2.75 11.3947
      vertex -35.6751 -2.75 10.0355
    endloop
  endfacet
  facet normal 0 -1 0
    outer loop
      vertex -32.8444 -2.75 11.7994
      vertex -31.8611 -2.75 10.6012
      vertex -31.5884 -2.75 10.8483
    endloop
  endfacet
  facet normal 0 -1 -0
    outer loop
      vertex -34.8787 -2.75 11.3947
      vertex -35.3286 -2.75 9.91147
      vertex -34.6692 -2.75 11.3423
    endloop
  endfacet
  facet normal 0 -1 0
    outer loop
      vertex -33.0178 -2.75 11.6708
      vertex -32.1567 -2.75 10.382
      vertex -31.8611 -2.75 10.6012
    endloop
  endfacet
  facet normal 0 -1 0
    outer loop
      vertex -34.9716 -2.75 9.82206
      vertex -34.6692 -2.75 11.3423
      vertex -35.3286 -2.75 9.91147
    endloop
  endfacet
  facet normal 0 -1 0
    outer loop
      vertex -33.203 -2.75 11.5598
      vertex -32.4723 -2.75 10.1928
      vertex -32.1567 -2.75 10.382
    endloop
  endfacet
  facet normal 0 -1 -0
    outer loop
      vertex -34.6692 -2.75 11.3423
      vertex -34.9716 -2.75 9.82206
      vertex -34.4557 -2.75 11.3106
    endloop
  endfacet
  facet normal 0 -1 0
    outer loop
      vertex -33.3981 -2.75 11.4675
      vertex -32.805 -2.75 10.0355
      vertex -32.4723 -2.75 10.1928
    endloop
  endfacet
  facet normal 0 -1 0
    outer loop
      vertex -34.6076 -2.75 9.76806
      vertex -34.4557 -2.75 11.3106
      vertex -34.9716 -2.75 9.82206
    endloop
  endfacet
  facet normal 0 -1 0
    outer loop
      vertex -33.6014 -2.75 11.3947
      vertex -33.1515 -2.75 9.91147
      vertex -32.805 -2.75 10.0355
    endloop
  endfacet
  facet normal 0 -1 -0
    outer loop
      vertex -34.4557 -2.75 11.3106
      vertex -34.6076 -2.75 9.76806
      vertex -34.24 -2.75 11.3
    endloop
  endfacet
  facet normal 0 -1 0
    outer loop
      vertex -33.8108 -2.75 11.3423
      vertex -33.5085 -2.75 9.82206
      vertex -33.1515 -2.75 9.91147
    endloop
  endfacet
  facet normal 0 -1 0
    outer loop
      vertex -34.24 -2.75 9.75
      vertex -34.24 -2.75 11.3
      vertex -34.6076 -2.75 9.76806
    endloop
  endfacet
  facet normal 0 -1 0
    outer loop
      vertex -34.0244 -2.75 11.3106
      vertex -33.8725 -2.75 9.76806
      vertex -33.5085 -2.75 9.82206
    endloop
  endfacet
  facet normal 0 -1 0
    outer loop
      vertex -34.24 -2.75 11.3
      vertex -34.24 -2.75 9.75
      vertex -33.8725 -2.75 9.76806
    endloop
  endfacet
  facet normal 0.595643 0 0.803249
    outer loop
      vertex -36.619 -2.75 10.6012
      vertex -36.3234 -6.75 10.382
      vertex -36.3234 -2.75 10.382
    endloop
  endfacet
  facet normal 0.595643 0 0.803249
    outer loop
      vertex -36.3234 -6.75 10.382
      vertex -36.619 -2.75 10.6012
      vertex -36.619 -6.75 10.6012
    endloop
  endfacet
  facet normal 0.514176 0 0.857685
    outer loop
      vertex -36.3234 -2.75 10.382
      vertex -36.0078 -6.75 10.1928
      vertex -36.0078 -2.75 10.1928
    endloop
  endfacet
  facet normal 0.514176 0 0.857685
    outer loop
      vertex -36.0078 -6.75 10.1928
      vertex -36.3234 -2.75 10.382
      vertex -36.3234 -6.75 10.382
    endloop
  endfacet
  facet normal 0.671468 0 0.741033
    outer loop
      vertex -36.8917 -2.75 10.8483
      vertex -36.619 -6.75 10.6012
      vertex -36.619 -2.75 10.6012
    endloop
  endfacet
  facet normal 0.671468 0 0.741033
    outer loop
      vertex -36.619 -6.75 10.6012
      vertex -36.8917 -2.75 10.8483
      vertex -36.8917 -6.75 10.8483
    endloop
  endfacet
  facet normal 0.337011 0 0.941501
    outer loop
      vertex -35.6751 -2.75 10.0355
      vertex -35.3286 -6.75 9.91147
      vertex -35.3286 -2.75 9.91147
    endloop
  endfacet
  facet normal 0.337011 0 0.941501
    outer loop
      vertex -35.3286 -6.75 9.91147
      vertex -35.6751 -2.75 10.0355
      vertex -35.6751 -6.75 10.0355
    endloop
  endfacet
  facet normal 0.146746 0 0.989174
    outer loop
      vertex -34.9716 -2.75 9.82206
      vertex -34.6076 -6.75 9.76806
      vertex -34.6076 -2.75 9.76806
    endloop
  endfacet
  facet normal 0.146746 0 0.989174
    outer loop
      vertex -34.6076 -6.75 9.76806
      vertex -34.9716 -2.75 9.82206
      vertex -34.9716 -6.75 9.82206
    endloop
  endfacet
  facet normal -0.146746 0 -0.989174
    outer loop
      vertex -33.8725 -6.75 17.2319
      vertex -33.5085 -2.75 17.1779
      vertex -33.5085 -6.75 17.1779
    endloop
  endfacet
  facet normal -0.146746 0 -0.989174
    outer loop
      vertex -33.5085 -2.75 17.1779
      vertex -33.8725 -6.75 17.2319
      vertex -33.8725 -2.75 17.2319
    endloop
  endfacet
  facet normal -0.336698 0 -0.941613
    outer loop
      vertex -33.1515 -6.75 17.0885
      vertex -32.805 -2.75 16.9646
      vertex -32.805 -6.75 16.9646
    endloop
  endfacet
  facet normal -0.336698 0 -0.941613
    outer loop
      vertex -32.805 -2.75 16.9646
      vertex -33.1515 -6.75 17.0885
      vertex -33.1515 -2.75 17.0885
    endloop
  endfacet
  facet normal -0.671468 0 -0.741033
    outer loop
      vertex -31.8611 -6.75 16.3988
      vertex -31.5884 -2.75 16.1517
      vertex -31.5884 -6.75 16.1517
    endloop
  endfacet
  facet normal -0.671468 0 -0.741033
    outer loop
      vertex -31.5884 -2.75 16.1517
      vertex -31.8611 -6.75 16.3988
      vertex -31.8611 -2.75 16.3988
    endloop
  endfacet
  facet normal -0.514176 0 -0.857685
    outer loop
      vertex -32.4723 -6.75 16.8072
      vertex -32.1567 -2.75 16.618
      vertex -32.1567 -6.75 16.618
    endloop
  endfacet
  facet normal -0.514176 0 -0.857685
    outer loop
      vertex -32.1567 -2.75 16.618
      vertex -32.4723 -6.75 16.8072
      vertex -32.4723 -2.75 16.8072
    endloop
  endfacet
  facet normal -0.803119 0 -0.595819
    outer loop
      vertex -31.122 -6.75 15.5834
      vertex -31.3413 -2.75 15.879
      vertex -31.122 -2.75 15.5834
    endloop
  endfacet
  facet normal -0.803119 -0 -0.595819
    outer loop
      vertex -31.3413 -2.75 15.879
      vertex -31.122 -6.75 15.5834
      vertex -31.3413 -6.75 15.879
    endloop
  endfacet
  facet normal -0.903998 0 -0.427537
    outer loop
      vertex -30.7755 -6.75 14.9351
      vertex -30.9328 -2.75 15.2677
      vertex -30.7755 -2.75 14.9351
    endloop
  endfacet
  facet normal -0.903998 -0 -0.427537
    outer loop
      vertex -30.9328 -2.75 15.2677
      vertex -30.7755 -6.75 14.9351
      vertex -30.9328 -6.75 15.2677
    endloop
  endfacet
  facet normal 0.595643 0 -0.803249
    outer loop
      vertex -36.619 -6.75 16.3988
      vertex -36.3234 -2.75 16.618
      vertex -36.3234 -6.75 16.618
    endloop
  endfacet
  facet normal 0.595643 0 -0.803249
    outer loop
      vertex -36.3234 -2.75 16.618
      vertex -36.619 -6.75 16.3988
      vertex -36.619 -2.75 16.3988
    endloop
  endfacet
  facet normal 0.427654 0 -0.903942
    outer loop
      vertex -36.0078 -6.75 16.8072
      vertex -35.6751 -2.75 16.9646
      vertex -35.6751 -6.75 16.9646
    endloop
  endfacet
  facet normal 0.427654 0 -0.903942
    outer loop
      vertex -35.6751 -2.75 16.9646
      vertex -36.0078 -6.75 16.8072
      vertex -36.0078 -2.75 16.8072
    endloop
  endfacet
  facet normal 0.242919 0 -0.970047
    outer loop
      vertex -35.3286 -6.75 17.0885
      vertex -34.9716 -2.75 17.1779
      vertex -34.9716 -6.75 17.1779
    endloop
  endfacet
  facet normal 0.242919 0 -0.970047
    outer loop
      vertex -34.9716 -2.75 17.1779
      vertex -35.3286 -6.75 17.0885
      vertex -35.3286 -2.75 17.0885
    endloop
  endfacet
  facet normal 0.0491787 0 -0.99879
    outer loop
      vertex -34.6076 -6.75 17.2319
      vertex -34.24 -2.75 17.25
      vertex -34.24 -6.75 17.25
    endloop
  endfacet
  facet normal 0.0491787 0 -0.99879
    outer loop
      vertex -34.24 -2.75 17.25
      vertex -34.6076 -6.75 17.2319
      vertex -34.6076 -2.75 17.2319
    endloop
  endfacet
  facet normal 0.803119 0 -0.595819
    outer loop
      vertex -37.1388 -6.75 15.879
      vertex -37.3581 -2.75 15.5834
      vertex -37.1388 -2.75 15.879
    endloop
  endfacet
  facet normal 0.803119 0 -0.595819
    outer loop
      vertex -37.3581 -2.75 15.5834
      vertex -37.1388 -6.75 15.879
      vertex -37.3581 -6.75 15.5834
    endloop
  endfacet
  facet normal 0.857876 0 -0.513856
    outer loop
      vertex -37.3581 -6.75 15.5834
      vertex -37.5472 -2.75 15.2677
      vertex -37.3581 -2.75 15.5834
    endloop
  endfacet
  facet normal 0.857876 0 -0.513856
    outer loop
      vertex -37.5472 -2.75 15.2677
      vertex -37.3581 -6.75 15.5834
      vertex -37.5472 -6.75 15.2677
    endloop
  endfacet
  facet normal 0.741033 0 -0.671468
    outer loop
      vertex -36.8917 -6.75 16.1517
      vertex -37.1388 -2.75 15.879
      vertex -36.8917 -2.75 16.1517
    endloop
  endfacet
  facet normal 0.741033 0 -0.671468
    outer loop
      vertex -37.1388 -2.75 15.879
      vertex -36.8917 -6.75 16.1517
      vertex -37.1388 -6.75 15.879
    endloop
  endfacet
  facet normal 0.941527 0 -0.336939
    outer loop
      vertex -37.7046 -6.75 14.9351
      vertex -37.8286 -2.75 14.5886
      vertex -37.7046 -2.75 14.9351
    endloop
  endfacet
  facet normal 0.941527 0 -0.336939
    outer loop
      vertex -37.8286 -2.75 14.5886
      vertex -37.7046 -6.75 14.9351
      vertex -37.8286 -6.75 14.5886
    endloop
  endfacet
  facet normal 0.903893 0 -0.427759
    outer loop
      vertex -37.5472 -6.75 15.2677
      vertex -37.7046 -2.75 14.9351
      vertex -37.5472 -2.75 15.2677
    endloop
  endfacet
  facet normal 0.903893 0 -0.427759
    outer loop
      vertex -37.7046 -2.75 14.9351
      vertex -37.5472 -6.75 15.2677
      vertex -37.7046 -6.75 14.9351
    endloop
  endfacet
  facet normal 0.989174 0 -0.146746
    outer loop
      vertex -37.918 -6.75 14.2316
      vertex -37.972 -2.75 13.8676
      vertex -37.918 -2.75 14.2316
    endloop
  endfacet
  facet normal 0.989174 0 -0.146746
    outer loop
      vertex -37.972 -2.75 13.8676
      vertex -37.918 -6.75 14.2316
      vertex -37.972 -6.75 13.8676
    endloop
  endfacet
  facet normal 0.998803 0 -0.0489077
    outer loop
      vertex -37.972 -6.75 13.8676
      vertex -37.99 -2.75 13.5
      vertex -37.972 -2.75 13.8676
    endloop
  endfacet
  facet normal 0.998803 0 -0.0489077
    outer loop
      vertex -37.99 -2.75 13.5
      vertex -37.972 -6.75 13.8676
      vertex -37.99 -6.75 13.5
    endloop
  endfacet
  facet normal -0.242919 0 -0.970047
    outer loop
      vertex -33.5085 -6.75 17.1779
      vertex -33.1515 -2.75 17.0885
      vertex -33.1515 -6.75 17.0885
    endloop
  endfacet
  facet normal -0.242919 0 -0.970047
    outer loop
      vertex -33.1515 -2.75 17.0885
      vertex -33.5085 -6.75 17.1779
      vertex -33.5085 -2.75 17.1779
    endloop
  endfacet
  facet normal -0.427654 0 -0.903942
    outer loop
      vertex -32.805 -6.75 16.9646
      vertex -32.4723 -2.75 16.8072
      vertex -32.4723 -6.75 16.8072
    endloop
  endfacet
  facet normal -0.427654 0 -0.903942
    outer loop
      vertex -32.4723 -2.75 16.8072
      vertex -32.805 -6.75 16.9646
      vertex -32.805 -2.75 16.9646
    endloop
  endfacet
  facet normal -0.741033 0 -0.671468
    outer loop
      vertex -31.3413 -6.75 15.879
      vertex -31.5884 -2.75 16.1517
      vertex -31.3413 -2.75 15.879
    endloop
  endfacet
  facet normal -0.741033 -0 -0.671468
    outer loop
      vertex -31.5884 -2.75 16.1517
      vertex -31.3413 -6.75 15.879
      vertex -31.5884 -6.75 16.1517
    endloop
  endfacet
  facet normal -0.595643 0 -0.803249
    outer loop
      vertex -32.1567 -6.75 16.618
      vertex -31.8611 -2.75 16.3988
      vertex -31.8611 -6.75 16.3988
    endloop
  endfacet
  facet normal -0.595643 0 -0.803249
    outer loop
      vertex -31.8611 -2.75 16.3988
      vertex -32.1567 -6.75 16.618
      vertex -32.1567 -2.75 16.618
    endloop
  endfacet
  facet normal -0.857757 0 -0.514056
    outer loop
      vertex -30.9328 -6.75 15.2677
      vertex -31.122 -2.75 15.5834
      vertex -30.9328 -2.75 15.2677
    endloop
  endfacet
  facet normal -0.857757 -0 -0.514056
    outer loop
      vertex -31.122 -2.75 15.5834
      vertex -30.9328 -6.75 15.2677
      vertex -31.122 -6.75 15.5834
    endloop
  endfacet
  facet normal -0.989174 0 -0.146746
    outer loop
      vertex -30.5081 -6.75 13.8676
      vertex -30.5621 -2.75 14.2316
      vertex -30.5081 -2.75 13.8676
    endloop
  endfacet
  facet normal -0.989174 -0 -0.146746
    outer loop
      vertex -30.5621 -2.75 14.2316
      vertex -30.5081 -6.75 13.8676
      vertex -30.5621 -6.75 14.2316
    endloop
  endfacet
  facet normal -0.970047 0 -0.242919
    outer loop
      vertex -30.5621 -6.75 14.2316
      vertex -30.6515 -2.75 14.5886
      vertex -30.5621 -2.75 14.2316
    endloop
  endfacet
  facet normal -0.970047 -0 -0.242919
    outer loop
      vertex -30.6515 -2.75 14.5886
      vertex -30.5621 -6.75 14.2316
      vertex -30.6515 -6.75 14.5886
    endloop
  endfacet
  facet normal -0.99879 0 -0.0491787
    outer loop
      vertex -30.49 -6.75 13.5
      vertex -30.5081 -2.75 13.8676
      vertex -30.49 -2.75 13.5
    endloop
  endfacet
  facet normal -0.99879 -0 -0.0491787
    outer loop
      vertex -30.5081 -2.75 13.8676
      vertex -30.49 -6.75 13.5
      vertex -30.5081 -6.75 13.8676
    endloop
  endfacet
  facet normal 0.514176 0 -0.857685
    outer loop
      vertex -36.3234 -6.75 16.618
      vertex -36.0078 -2.75 16.8072
      vertex -36.0078 -6.75 16.8072
    endloop
  endfacet
  facet normal 0.514176 0 -0.857685
    outer loop
      vertex -36.0078 -2.75 16.8072
      vertex -36.3234 -6.75 16.618
      vertex -36.3234 -2.75 16.618
    endloop
  endfacet
  facet normal 0.336698 0 -0.941613
    outer loop
      vertex -35.6751 -6.75 16.9646
      vertex -35.3286 -2.75 17.0885
      vertex -35.3286 -6.75 17.0885
    endloop
  endfacet
  facet normal 0.336698 0 -0.941613
    outer loop
      vertex -35.3286 -2.75 17.0885
      vertex -35.6751 -6.75 16.9646
      vertex -35.6751 -2.75 16.9646
    endloop
  endfacet
  facet normal 0.146746 0 -0.989174
    outer loop
      vertex -34.9716 -6.75 17.1779
      vertex -34.6076 -2.75 17.2319
      vertex -34.6076 -6.75 17.2319
    endloop
  endfacet
  facet normal 0.146746 0 -0.989174
    outer loop
      vertex -34.6076 -2.75 17.2319
      vertex -34.9716 -6.75 17.1779
      vertex -34.9716 -2.75 17.1779
    endloop
  endfacet
  facet normal -0.0491921 0 -0.998789
    outer loop
      vertex -34.24 -6.75 17.25
      vertex -33.8725 -2.75 17.2319
      vertex -33.8725 -6.75 17.2319
    endloop
  endfacet
  facet normal -0.0491921 0 -0.998789
    outer loop
      vertex -33.8725 -2.75 17.2319
      vertex -34.24 -6.75 17.25
      vertex -34.24 -2.75 17.25
    endloop
  endfacet
  facet normal 0.970047 0 -0.242919
    outer loop
      vertex -37.8286 -6.75 14.5886
      vertex -37.918 -2.75 14.2316
      vertex -37.8286 -2.75 14.5886
    endloop
  endfacet
  facet normal 0.970047 0 -0.242919
    outer loop
      vertex -37.918 -2.75 14.2316
      vertex -37.8286 -6.75 14.5886
      vertex -37.918 -6.75 14.2316
    endloop
  endfacet
  facet normal -0.595644 0 0.803249
    outer loop
      vertex 46.6667 -0.75 3.00224
      vertex 46.7613 -4.95 3.07239
      vertex 46.7613 -0.75 3.07239
    endloop
  endfacet
  facet normal -0.595644 0 0.803249
    outer loop
      vertex 46.7613 -4.95 3.07239
      vertex 46.6667 -0.75 3.00224
      vertex 46.6667 -4.95 3.00224
    endloop
  endfacet
  facet normal 0.427411 0 0.904057
    outer loop
      vertex 45.4343 -0.75 2.9417
      vertex 45.5408 -4.95 2.89135
      vertex 45.5408 -0.75 2.89135
    endloop
  endfacet
  facet normal 0.427411 0 0.904057
    outer loop
      vertex 45.5408 -4.95 2.89135
      vertex 45.4343 -0.75 2.9417
      vertex 45.4343 -4.95 2.9417
    endloop
  endfacet
  facet normal 0.941742 -0 0.336336
    outer loop
      vertex 44.8517 -4.95 3.65166
      vertex 44.8913 -0.75 3.54078
      vertex 44.8517 -0.75 3.65166
    endloop
  endfacet
  facet normal 0.941742 0 0.336336
    outer loop
      vertex 44.8913 -0.75 3.54078
      vertex 44.8517 -4.95 3.65166
      vertex 44.8913 -4.95 3.54078
    endloop
  endfacet
  facet normal -0.998786 0 -0.0492515
    outer loop
      vertex 47.2 -4.95 4
      vertex 47.1942 -0.75 4.11762
      vertex 47.2 -0.75 4
    endloop
  endfacet
  facet normal -0.998786 -0 -0.0492515
    outer loop
      vertex 47.1942 -0.75 4.11762
      vertex 47.2 -4.95 4
      vertex 47.1942 -4.95 4.11762
    endloop
  endfacet
  facet normal -0.903831 0 0.427889
    outer loop
      vertex 47.0583 -4.95 3.43432
      vertex 47.1087 -0.75 3.54078
      vertex 47.0583 -0.75 3.43432
    endloop
  endfacet
  facet normal -0.903831 0 0.427889
    outer loop
      vertex 47.1087 -0.75 3.54078
      vertex 47.0583 -4.95 3.43432
      vertex 47.1087 -4.95 3.54078
    endloop
  endfacet
  facet normal -0.857867 0 0.513871
    outer loop
      vertex 46.9978 -4.95 3.33332
      vertex 47.0583 -0.75 3.43432
      vertex 46.9978 -0.75 3.33332
    endloop
  endfacet
  facet normal -0.857867 0 0.513871
    outer loop
      vertex 47.0583 -0.75 3.43432
      vertex 46.9978 -4.95 3.33332
      vertex 47.0583 -4.95 3.43432
    endloop
  endfacet
  facet normal -0.336885 0 0.941546
    outer loop
      vertex 46.3483 -0.75 2.85167
      vertex 46.4592 -4.95 2.89135
      vertex 46.4592 -0.75 2.89135
    endloop
  endfacet
  facet normal -0.336885 0 0.941546
    outer loop
      vertex 46.4592 -4.95 2.89135
      vertex 46.3483 -0.75 2.85167
      vertex 46.3483 -4.95 2.85167
    endloop
  endfacet
  facet normal -0.0490904 0 0.998794
    outer loop
      vertex 46 -0.75 2.8
      vertex 46.1176 -4.95 2.80578
      vertex 46.1176 -0.75 2.80578
    endloop
  endfacet
  facet normal -0.0490904 0 0.998794
    outer loop
      vertex 46.1176 -4.95 2.80578
      vertex 46 -0.75 2.8
      vertex 46 -4.95 2.8
    endloop
  endfacet
  facet normal 0.998786 -0 0.0492515
    outer loop
      vertex 44.8 -4.95 4
      vertex 44.8058 -0.75 3.88238
      vertex 44.8 -0.75 4
    endloop
  endfacet
  facet normal 0.998786 0 0.0492515
    outer loop
      vertex 44.8058 -0.75 3.88238
      vertex 44.8 -4.95 4
      vertex 44.8058 -4.95 3.88238
    endloop
  endfacet
  facet normal 0.803015 -0 0.595958
    outer loop
      vertex 45.0022 -4.95 3.33332
      vertex 45.0724 -0.75 3.23873
      vertex 45.0022 -0.75 3.33332
    endloop
  endfacet
  facet normal 0.803015 0 0.595958
    outer loop
      vertex 45.0724 -0.75 3.23873
      vertex 45.0022 -4.95 3.33332
      vertex 45.0724 -4.95 3.23873
    endloop
  endfacet
  facet normal 0.243015 0 0.970022
    outer loop
      vertex 45.6517 -0.75 2.85167
      vertex 45.7659 -4.95 2.82306
      vertex 45.7659 -0.75 2.82306
    endloop
  endfacet
  facet normal 0.243015 0 0.970022
    outer loop
      vertex 45.7659 -4.95 2.82306
      vertex 45.6517 -0.75 2.85167
      vertex 45.6517 -4.95 2.85167
    endloop
  endfacet
  facet normal -0.941742 0 -0.336336
    outer loop
      vertex 47.1483 -4.95 4.34834
      vertex 47.1087 -0.75 4.45922
      vertex 47.1483 -0.75 4.34834
    endloop
  endfacet
  facet normal -0.941742 -0 -0.336336
    outer loop
      vertex 47.1087 -0.75 4.45922
      vertex 47.1483 -4.95 4.34834
      vertex 47.1087 -4.95 4.45922
    endloop
  endfacet
  facet normal 0.0490904 0 -0.998794
    outer loop
      vertex 45.8824 -4.95 5.19422
      vertex 46 -0.75 5.2
      vertex 46 -4.95 5.2
    endloop
  endfacet
  facet normal 0.0490904 0 -0.998794
    outer loop
      vertex 46 -0.75 5.2
      vertex 45.8824 -4.95 5.19422
      vertex 45.8824 -0.75 5.19422
    endloop
  endfacet
  facet normal 0.595644 0 -0.803249
    outer loop
      vertex 45.2387 -4.95 4.92761
      vertex 45.3333 -0.75 4.99776
      vertex 45.3333 -4.95 4.99776
    endloop
  endfacet
  facet normal 0.595644 0 -0.803249
    outer loop
      vertex 45.3333 -0.75 4.99776
      vertex 45.2387 -4.95 4.92761
      vertex 45.2387 -0.75 4.92761
    endloop
  endfacet
  facet normal -0.989151 0 0.146899
    outer loop
      vertex 47.1769 -4.95 3.76589
      vertex 47.1942 -0.75 3.88238
      vertex 47.1769 -0.75 3.76589
    endloop
  endfacet
  facet normal -0.989151 0 0.146899
    outer loop
      vertex 47.1942 -0.75 3.88238
      vertex 47.1769 -4.95 3.76589
      vertex 47.1942 -4.95 3.88238
    endloop
  endfacet
  facet normal -0.970058 0 0.242875
    outer loop
      vertex 47.1483 -4.95 3.65166
      vertex 47.1769 -0.75 3.76589
      vertex 47.1483 -0.75 3.65166
    endloop
  endfacet
  facet normal -0.970058 0 0.242875
    outer loop
      vertex 47.1769 -0.75 3.76589
      vertex 47.1483 -4.95 3.65166
      vertex 47.1769 -4.95 3.76589
    endloop
  endfacet
  facet normal -0.941742 0 0.336336
    outer loop
      vertex 47.1087 -4.95 3.54078
      vertex 47.1483 -0.75 3.65166
      vertex 47.1087 -0.75 3.54078
    endloop
  endfacet
  facet normal -0.941742 0 0.336336
    outer loop
      vertex 47.1483 -0.75 3.65166
      vertex 47.1087 -4.95 3.54078
      vertex 47.1483 -4.95 3.65166
    endloop
  endfacet
  facet normal -0.7409 0 0.671616
    outer loop
      vertex 46.8485 -4.95 3.15147
      vertex 46.9276 -0.75 3.23873
      vertex 46.8485 -0.75 3.15147
    endloop
  endfacet
  facet normal -0.7409 0 0.671616
    outer loop
      vertex 46.9276 -0.75 3.23873
      vertex 46.8485 -4.95 3.15147
      vertex 46.9276 -4.95 3.23873
    endloop
  endfacet
  facet normal -0.803015 0 0.595958
    outer loop
      vertex 46.9276 -4.95 3.23873
      vertex 46.9978 -0.75 3.33332
      vertex 46.9276 -0.75 3.23873
    endloop
  endfacet
  facet normal -0.803015 0 0.595958
    outer loop
      vertex 46.9978 -0.75 3.33332
      vertex 46.9276 -4.95 3.23873
      vertex 46.9978 -4.95 3.33332
    endloop
  endfacet
  facet normal -0.671776 0 0.740754
    outer loop
      vertex 46.7613 -0.75 3.07239
      vertex 46.8485 -4.95 3.15147
      vertex 46.8485 -0.75 3.15147
    endloop
  endfacet
  facet normal -0.671776 0 0.740754
    outer loop
      vertex 46.8485 -4.95 3.15147
      vertex 46.7613 -0.75 3.07239
      vertex 46.7613 -4.95 3.07239
    endloop
  endfacet
  facet normal -0.514121 0 0.857718
    outer loop
      vertex 46.5657 -0.75 2.9417
      vertex 46.6667 -4.95 3.00224
      vertex 46.6667 -0.75 3.00224
    endloop
  endfacet
  facet normal -0.514121 0 0.857718
    outer loop
      vertex 46.6667 -4.95 3.00224
      vertex 46.5657 -0.75 2.9417
      vertex 46.5657 -4.95 2.9417
    endloop
  endfacet
  facet normal 0.0490904 0 0.998794
    outer loop
      vertex 45.8824 -0.75 2.80578
      vertex 46 -4.95 2.8
      vertex 46 -0.75 2.8
    endloop
  endfacet
  facet normal 0.0490904 0 0.998794
    outer loop
      vertex 46 -4.95 2.8
      vertex 45.8824 -0.75 2.80578
      vertex 45.8824 -4.95 2.80578
    endloop
  endfacet
  facet normal -0.427411 0 0.904057
    outer loop
      vertex 46.4592 -0.75 2.89135
      vertex 46.5657 -4.95 2.9417
      vertex 46.5657 -0.75 2.9417
    endloop
  endfacet
  facet normal -0.427411 0 0.904057
    outer loop
      vertex 46.5657 -4.95 2.9417
      vertex 46.4592 -0.75 2.89135
      vertex 46.4592 -4.95 2.89135
    endloop
  endfacet
  facet normal -0.243015 0 0.970022
    outer loop
      vertex 46.2341 -0.75 2.82306
      vertex 46.3483 -4.95 2.85167
      vertex 46.3483 -0.75 2.85167
    endloop
  endfacet
  facet normal -0.243015 0 0.970022
    outer loop
      vertex 46.3483 -4.95 2.85167
      vertex 46.2341 -0.75 2.82306
      vertex 46.2341 -4.95 2.82306
    endloop
  endfacet
  facet normal -0.146721 0 0.989178
    outer loop
      vertex 46.1176 -0.75 2.80578
      vertex 46.2341 -4.95 2.82306
      vertex 46.2341 -0.75 2.82306
    endloop
  endfacet
  facet normal -0.146721 0 0.989178
    outer loop
      vertex 46.2341 -4.95 2.82306
      vertex 46.1176 -0.75 2.80578
      vertex 46.1176 -4.95 2.80578
    endloop
  endfacet
  facet normal 0.970058 -0 0.242875
    outer loop
      vertex 44.8231 -4.95 3.76589
      vertex 44.8517 -0.75 3.65166
      vertex 44.8231 -0.75 3.76589
    endloop
  endfacet
  facet normal 0.970058 0 0.242875
    outer loop
      vertex 44.8517 -0.75 3.65166
      vertex 44.8231 -4.95 3.76589
      vertex 44.8517 -4.95 3.65166
    endloop
  endfacet
  facet normal 0.989151 -0 0.146899
    outer loop
      vertex 44.8058 -4.95 3.88238
      vertex 44.8231 -0.75 3.76589
      vertex 44.8058 -0.75 3.88238
    endloop
  endfacet
  facet normal 0.989151 0 0.146899
    outer loop
      vertex 44.8231 -0.75 3.76589
      vertex 44.8058 -4.95 3.88238
      vertex 44.8231 -4.95 3.76589
    endloop
  endfacet
  facet normal 0.903831 -0 0.427889
    outer loop
      vertex 44.8913 -4.95 3.54078
      vertex 44.9417 -0.75 3.43432
      vertex 44.8913 -0.75 3.54078
    endloop
  endfacet
  facet normal 0.903831 0 0.427889
    outer loop
      vertex 44.9417 -0.75 3.43432
      vertex 44.8913 -4.95 3.54078
      vertex 44.9417 -4.95 3.43432
    endloop
  endfacet
  facet normal 0.857867 -0 0.513871
    outer loop
      vertex 44.9417 -4.95 3.43432
      vertex 45.0022 -0.75 3.33332
      vertex 44.9417 -0.75 3.43432
    endloop
  endfacet
  facet normal 0.857867 0 0.513871
    outer loop
      vertex 45.0022 -0.75 3.33332
      vertex 44.9417 -4.95 3.43432
      vertex 45.0022 -4.95 3.33332
    endloop
  endfacet
  facet normal 0.336885 0 0.941546
    outer loop
      vertex 45.5408 -0.75 2.89135
      vertex 45.6517 -4.95 2.85167
      vertex 45.6517 -0.75 2.85167
    endloop
  endfacet
  facet normal 0.336885 0 0.941546
    outer loop
      vertex 45.6517 -4.95 2.85167
      vertex 45.5408 -0.75 2.89135
      vertex 45.5408 -4.95 2.89135
    endloop
  endfacet
  facet normal 0.146721 0 0.989178
    outer loop
      vertex 45.7659 -0.75 2.82306
      vertex 45.8824 -4.95 2.80578
      vertex 45.8824 -0.75 2.80578
    endloop
  endfacet
  facet normal 0.146721 0 0.989178
    outer loop
      vertex 45.8824 -4.95 2.80578
      vertex 45.7659 -0.75 2.82306
      vertex 45.7659 -4.95 2.82306
    endloop
  endfacet
  facet normal 0.595644 0 0.803249
    outer loop
      vertex 45.2387 -0.75 3.07239
      vertex 45.3333 -4.95 3.00224
      vertex 45.3333 -0.75 3.00224
    endloop
  endfacet
  facet normal 0.595644 0 0.803249
    outer loop
      vertex 45.3333 -4.95 3.00224
      vertex 45.2387 -0.75 3.07239
      vertex 45.2387 -4.95 3.07239
    endloop
  endfacet
  facet normal 0.671776 0 0.740754
    outer loop
      vertex 45.1515 -0.75 3.15147
      vertex 45.2387 -4.95 3.07239
      vertex 45.2387 -0.75 3.07239
    endloop
  endfacet
  facet normal 0.671776 0 0.740754
    outer loop
      vertex 45.2387 -4.95 3.07239
      vertex 45.1515 -0.75 3.15147
      vertex 45.1515 -4.95 3.15147
    endloop
  endfacet
  facet normal 0.514121 0 0.857718
    outer loop
      vertex 45.3333 -0.75 3.00224
      vertex 45.4343 -4.95 2.9417
      vertex 45.4343 -0.75 2.9417
    endloop
  endfacet
  facet normal 0.514121 0 0.857718
    outer loop
      vertex 45.4343 -4.95 2.9417
      vertex 45.3333 -0.75 3.00224
      vertex 45.3333 -4.95 3.00224
    endloop
  endfacet
  facet normal 0.7409 -0 0.671616
    outer loop
      vertex 45.0724 -4.95 3.23873
      vertex 45.1515 -0.75 3.15147
      vertex 45.0724 -0.75 3.23873
    endloop
  endfacet
  facet normal 0.7409 0 0.671616
    outer loop
      vertex 45.1515 -0.75 3.15147
      vertex 45.0724 -4.95 3.23873
      vertex 45.1515 -4.95 3.15147
    endloop
  endfacet
  facet normal -0.998786 0 0.0492515
    outer loop
      vertex 47.1942 -4.95 3.88238
      vertex 47.2 -0.75 4
      vertex 47.1942 -0.75 3.88238
    endloop
  endfacet
  facet normal -0.998786 0 0.0492515
    outer loop
      vertex 47.2 -0.75 4
      vertex 47.1942 -4.95 3.88238
      vertex 47.2 -4.95 4
    endloop
  endfacet
  facet normal -0.146721 0 -0.989178
    outer loop
      vertex 46.1176 -4.95 5.19422
      vertex 46.2341 -0.75 5.17694
      vertex 46.2341 -4.95 5.17694
    endloop
  endfacet
  facet normal -0.146721 0 -0.989178
    outer loop
      vertex 46.2341 -0.75 5.17694
      vertex 46.1176 -4.95 5.19422
      vertex 46.1176 -0.75 5.19422
    endloop
  endfacet
  facet normal -0.970058 0 -0.242875
    outer loop
      vertex 47.1769 -4.95 4.23411
      vertex 47.1483 -0.75 4.34834
      vertex 47.1769 -0.75 4.23411
    endloop
  endfacet
  facet normal -0.970058 -0 -0.242875
    outer loop
      vertex 47.1483 -0.75 4.34834
      vertex 47.1769 -4.95 4.23411
      vertex 47.1483 -4.95 4.34834
    endloop
  endfacet
  facet normal -0.903831 0 -0.427889
    outer loop
      vertex 47.1087 -4.95 4.45922
      vertex 47.0583 -0.75 4.56568
      vertex 47.1087 -0.75 4.45922
    endloop
  endfacet
  facet normal -0.903831 -0 -0.427889
    outer loop
      vertex 47.0583 -0.75 4.56568
      vertex 47.1087 -4.95 4.45922
      vertex 47.0583 -4.95 4.56568
    endloop
  endfacet
  facet normal -0.33681 0 -0.941573
    outer loop
      vertex 46.3483 -4.95 5.14833
      vertex 46.4592 -0.75 5.10866
      vertex 46.4592 -4.95 5.10866
    endloop
  endfacet
  facet normal -0.33681 0 -0.941573
    outer loop
      vertex 46.4592 -0.75 5.10866
      vertex 46.3483 -4.95 5.14833
      vertex 46.3483 -0.75 5.14833
    endloop
  endfacet
  facet normal -0.7409 0 -0.671616
    outer loop
      vertex 46.9276 -4.95 4.76127
      vertex 46.8485 -0.75 4.84853
      vertex 46.9276 -0.75 4.76127
    endloop
  endfacet
  facet normal -0.7409 -0 -0.671616
    outer loop
      vertex 46.8485 -0.75 4.84853
      vertex 46.9276 -4.95 4.76127
      vertex 46.8485 -4.95 4.84853
    endloop
  endfacet
  facet normal -0.671776 0 -0.740754
    outer loop
      vertex 46.7613 -4.95 4.92761
      vertex 46.8485 -0.75 4.84853
      vertex 46.8485 -4.95 4.84853
    endloop
  endfacet
  facet normal -0.671776 0 -0.740754
    outer loop
      vertex 46.8485 -0.75 4.84853
      vertex 46.7613 -4.95 4.92761
      vertex 46.7613 -0.75 4.92761
    endloop
  endfacet
  facet normal -0.514184 0 -0.85768
    outer loop
      vertex 46.5657 -4.95 5.05831
      vertex 46.6667 -0.75 4.99776
      vertex 46.6667 -4.95 4.99776
    endloop
  endfacet
  facet normal -0.514184 0 -0.85768
    outer loop
      vertex 46.6667 -0.75 4.99776
      vertex 46.5657 -4.95 5.05831
      vertex 46.5657 -0.75 5.05831
    endloop
  endfacet
  facet normal -0.0490904 0 -0.998794
    outer loop
      vertex 46 -4.95 5.2
      vertex 46.1176 -0.75 5.19422
      vertex 46.1176 -4.95 5.19422
    endloop
  endfacet
  facet normal -0.0490904 0 -0.998794
    outer loop
      vertex 46.1176 -0.75 5.19422
      vertex 46 -4.95 5.2
      vertex 46 -0.75 5.2
    endloop
  endfacet
  facet normal 0.243015 0 -0.970022
    outer loop
      vertex 45.6517 -4.95 5.14833
      vertex 45.7659 -0.75 5.17694
      vertex 45.7659 -4.95 5.17694
    endloop
  endfacet
  facet normal 0.243015 0 -0.970022
    outer loop
      vertex 45.7659 -0.75 5.17694
      vertex 45.6517 -4.95 5.14833
      vertex 45.6517 -0.75 5.14833
    endloop
  endfacet
  facet normal 0.427411 0 -0.904057
    outer loop
      vertex 45.4343 -4.95 5.05831
      vertex 45.5408 -0.75 5.10866
      vertex 45.5408 -4.95 5.10866
    endloop
  endfacet
  facet normal 0.427411 0 -0.904057
    outer loop
      vertex 45.5408 -0.75 5.10866
      vertex 45.4343 -4.95 5.05831
      vertex 45.4343 -0.75 5.05831
    endloop
  endfacet
  facet normal 0.941742 0 -0.336336
    outer loop
      vertex 44.8913 -4.95 4.45922
      vertex 44.8517 -0.75 4.34834
      vertex 44.8913 -0.75 4.45922
    endloop
  endfacet
  facet normal 0.941742 0 -0.336336
    outer loop
      vertex 44.8517 -0.75 4.34834
      vertex 44.8913 -4.95 4.45922
      vertex 44.8517 -4.95 4.34834
    endloop
  endfacet
  facet normal 0.989151 0 -0.146899
    outer loop
      vertex 44.8231 -4.95 4.23411
      vertex 44.8058 -0.75 4.11762
      vertex 44.8231 -0.75 4.23411
    endloop
  endfacet
  facet normal 0.989151 0 -0.146899
    outer loop
      vertex 44.8058 -0.75 4.11762
      vertex 44.8231 -4.95 4.23411
      vertex 44.8058 -4.95 4.11762
    endloop
  endfacet
  facet normal 0.7409 0 -0.671616
    outer loop
      vertex 45.1515 -4.95 4.84853
      vertex 45.0724 -0.75 4.76127
      vertex 45.1515 -0.75 4.84853
    endloop
  endfacet
  facet normal 0.7409 0 -0.671616
    outer loop
      vertex 45.0724 -0.75 4.76127
      vertex 45.1515 -4.95 4.84853
      vertex 45.0724 -4.95 4.76127
    endloop
  endfacet
  facet normal 0.85789 0 -0.513834
    outer loop
      vertex 45.0022 -4.95 4.66669
      vertex 44.9417 -0.75 4.56568
      vertex 45.0022 -0.75 4.66669
    endloop
  endfacet
  facet normal 0.85789 0 -0.513834
    outer loop
      vertex 44.9417 -0.75 4.56568
      vertex 45.0022 -4.95 4.66669
      vertex 44.9417 -4.95 4.56568
    endloop
  endfacet
  facet normal 0.671776 0 -0.740754
    outer loop
      vertex 45.1515 -4.95 4.84853
      vertex 45.2387 -0.75 4.92761
      vertex 45.2387 -4.95 4.92761
    endloop
  endfacet
  facet normal 0.671776 0 -0.740754
    outer loop
      vertex 45.2387 -0.75 4.92761
      vertex 45.1515 -4.95 4.84853
      vertex 45.1515 -0.75 4.84853
    endloop
  endfacet
  facet normal 0.998786 0 -0.0492515
    outer loop
      vertex 44.8058 -4.95 4.11762
      vertex 44.8 -0.75 4
      vertex 44.8058 -0.75 4.11762
    endloop
  endfacet
  facet normal 0.998786 0 -0.0492515
    outer loop
      vertex 44.8 -0.75 4
      vertex 44.8058 -4.95 4.11762
      vertex 44.8 -4.95 4
    endloop
  endfacet
  facet normal -0.989151 0 -0.146899
    outer loop
      vertex 47.1942 -4.95 4.11762
      vertex 47.1769 -0.75 4.23411
      vertex 47.1942 -0.75 4.11762
    endloop
  endfacet
  facet normal -0.989151 -0 -0.146899
    outer loop
      vertex 47.1769 -0.75 4.23411
      vertex 47.1942 -4.95 4.11762
      vertex 47.1769 -4.95 4.23411
    endloop
  endfacet
  facet normal -0.243015 0 -0.970022
    outer loop
      vertex 46.2341 -4.95 5.17694
      vertex 46.3483 -0.75 5.14833
      vertex 46.3483 -4.95 5.14833
    endloop
  endfacet
  facet normal -0.243015 0 -0.970022
    outer loop
      vertex 46.3483 -0.75 5.14833
      vertex 46.2341 -4.95 5.17694
      vertex 46.2341 -0.75 5.17694
    endloop
  endfacet
  facet normal -0.427411 0 -0.904057
    outer loop
      vertex 46.4592 -4.95 5.10866
      vertex 46.5657 -0.75 5.05831
      vertex 46.5657 -4.95 5.05831
    endloop
  endfacet
  facet normal -0.427411 0 -0.904057
    outer loop
      vertex 46.5657 -0.75 5.05831
      vertex 46.4592 -4.95 5.10866
      vertex 46.4592 -0.75 5.10866
    endloop
  endfacet
  facet normal -0.595644 0 -0.803249
    outer loop
      vertex 46.6667 -4.95 4.99776
      vertex 46.7613 -0.75 4.92761
      vertex 46.7613 -4.95 4.92761
    endloop
  endfacet
  facet normal -0.595644 0 -0.803249
    outer loop
      vertex 46.7613 -0.75 4.92761
      vertex 46.6667 -4.95 4.99776
      vertex 46.6667 -0.75 4.99776
    endloop
  endfacet
  facet normal 0.146721 0 -0.989178
    outer loop
      vertex 45.7659 -4.95 5.17694
      vertex 45.8824 -0.75 5.19422
      vertex 45.8824 -4.95 5.19422
    endloop
  endfacet
  facet normal 0.146721 0 -0.989178
    outer loop
      vertex 45.8824 -0.75 5.19422
      vertex 45.7659 -4.95 5.17694
      vertex 45.7659 -0.75 5.17694
    endloop
  endfacet
  facet normal 0.33681 0 -0.941573
    outer loop
      vertex 45.5408 -4.95 5.10866
      vertex 45.6517 -0.75 5.14833
      vertex 45.6517 -4.95 5.14833
    endloop
  endfacet
  facet normal 0.33681 0 -0.941573
    outer loop
      vertex 45.6517 -0.75 5.14833
      vertex 45.5408 -4.95 5.10866
      vertex 45.5408 -0.75 5.10866
    endloop
  endfacet
  facet normal 0.514184 0 -0.85768
    outer loop
      vertex 45.3333 -4.95 4.99776
      vertex 45.4343 -0.75 5.05831
      vertex 45.4343 -4.95 5.05831
    endloop
  endfacet
  facet normal 0.514184 0 -0.85768
    outer loop
      vertex 45.4343 -0.75 5.05831
      vertex 45.3333 -4.95 4.99776
      vertex 45.3333 -0.75 4.99776
    endloop
  endfacet
  facet normal 0.903831 0 -0.427889
    outer loop
      vertex 44.9417 -4.95 4.56568
      vertex 44.8913 -0.75 4.45922
      vertex 44.9417 -0.75 4.56568
    endloop
  endfacet
  facet normal 0.903831 0 -0.427889
    outer loop
      vertex 44.8913 -0.75 4.45922
      vertex 44.9417 -4.95 4.56568
      vertex 44.8913 -4.95 4.45922
    endloop
  endfacet
  facet normal 0.970058 0 -0.242875
    outer loop
      vertex 44.8517 -4.95 4.34834
      vertex 44.8231 -0.75 4.23411
      vertex 44.8517 -0.75 4.34834
    endloop
  endfacet
  facet normal 0.970058 0 -0.242875
    outer loop
      vertex 44.8231 -0.75 4.23411
      vertex 44.8517 -4.95 4.34834
      vertex 44.8231 -4.95 4.23411
    endloop
  endfacet
  facet normal 0.802985 0 -0.595999
    outer loop
      vertex 45.0724 -4.95 4.76127
      vertex 45.0022 -0.75 4.66669
      vertex 45.0724 -0.75 4.76127
    endloop
  endfacet
  facet normal 0.802985 0 -0.595999
    outer loop
      vertex 45.0022 -0.75 4.66669
      vertex 45.0724 -4.95 4.76127
      vertex 45.0022 -4.95 4.66669
    endloop
  endfacet
  facet normal -0.85789 0 -0.513834
    outer loop
      vertex 47.0583 -4.95 4.56568
      vertex 46.9978 -0.75 4.66669
      vertex 47.0583 -0.75 4.56568
    endloop
  endfacet
  facet normal -0.85789 -0 -0.513834
    outer loop
      vertex 46.9978 -0.75 4.66669
      vertex 47.0583 -4.95 4.56568
      vertex 46.9978 -4.95 4.66669
    endloop
  endfacet
  facet normal -0.802985 0 -0.595999
    outer loop
      vertex 46.9978 -4.95 4.66669
      vertex 46.9276 -0.75 4.76127
      vertex 46.9978 -0.75 4.66669
    endloop
  endfacet
  facet normal -0.802985 -0 -0.595999
    outer loop
      vertex 46.9276 -0.75 4.76127
      vertex 46.9978 -4.95 4.66669
      vertex 46.9276 -4.95 4.76127
    endloop
  endfacet
  facet normal -0.998786 0 0.0492515
    outer loop
      vertex 67.1942 -4.95 3.88238
      vertex 67.2 -0.75 4
      vertex 67.1942 -0.75 3.88238
    endloop
  endfacet
  facet normal -0.998786 0 0.0492515
    outer loop
      vertex 67.2 -0.75 4
      vertex 67.1942 -4.95 3.88238
      vertex 67.2 -4.95 4
    endloop
  endfacet
  facet normal 0.0490904 0 0.998794
    outer loop
      vertex 65.8824 -0.75 2.80578
      vertex 66 -4.95 2.8
      vertex 66 -0.75 2.8
    endloop
  endfacet
  facet normal 0.0490904 0 0.998794
    outer loop
      vertex 66 -4.95 2.8
      vertex 65.8824 -0.75 2.80578
      vertex 65.8824 -4.95 2.80578
    endloop
  endfacet
  facet normal -0.671776 0 0.740754
    outer loop
      vertex 66.7613 -0.75 3.07239
      vertex 66.8485 -4.95 3.15147
      vertex 66.8485 -0.75 3.15147
    endloop
  endfacet
  facet normal -0.671776 0 0.740754
    outer loop
      vertex 66.8485 -4.95 3.15147
      vertex 66.7613 -0.75 3.07239
      vertex 66.7613 -4.95 3.07239
    endloop
  endfacet
  facet normal 0.7409 -0 0.671616
    outer loop
      vertex 65.0724 -4.95 3.23873
      vertex 65.1515 -0.75 3.15147
      vertex 65.0724 -0.75 3.23873
    endloop
  endfacet
  facet normal 0.7409 0 0.671616
    outer loop
      vertex 65.1515 -0.75 3.15147
      vertex 65.0724 -4.95 3.23873
      vertex 65.1515 -4.95 3.15147
    endloop
  endfacet
  facet normal 0.427411 0 0.904057
    outer loop
      vertex 65.4343 -0.75 2.9417
      vertex 65.5408 -4.95 2.89135
      vertex 65.5408 -0.75 2.89135
    endloop
  endfacet
  facet normal 0.427411 0 0.904057
    outer loop
      vertex 65.5408 -4.95 2.89135
      vertex 65.4343 -0.75 2.9417
      vertex 65.4343 -4.95 2.9417
    endloop
  endfacet
  facet normal 0.941742 0 -0.336336
    outer loop
      vertex 64.8913 -4.95 4.45922
      vertex 64.8517 -0.75 4.34834
      vertex 64.8913 -0.75 4.45922
    endloop
  endfacet
  facet normal 0.941742 0 -0.336336
    outer loop
      vertex 64.8517 -0.75 4.34834
      vertex 64.8913 -4.95 4.45922
      vertex 64.8517 -4.95 4.34834
    endloop
  endfacet
  facet normal -0.903831 0 0.427889
    outer loop
      vertex 67.0583 -4.95 3.43432
      vertex 67.1087 -0.75 3.54078
      vertex 67.0583 -0.75 3.43432
    endloop
  endfacet
  facet normal -0.903831 0 0.427889
    outer loop
      vertex 67.1087 -0.75 3.54078
      vertex 67.0583 -4.95 3.43432
      vertex 67.1087 -4.95 3.54078
    endloop
  endfacet
  facet normal -0.336885 0 0.941546
    outer loop
      vertex 66.3483 -0.75 2.85167
      vertex 66.4592 -4.95 2.89135
      vertex 66.4592 -0.75 2.89135
    endloop
  endfacet
  facet normal -0.336885 0 0.941546
    outer loop
      vertex 66.4592 -4.95 2.89135
      vertex 66.3483 -0.75 2.85167
      vertex 66.3483 -4.95 2.85167
    endloop
  endfacet
  facet normal 0.903831 -0 0.427889
    outer loop
      vertex 64.8913 -4.95 3.54078
      vertex 64.9417 -0.75 3.43432
      vertex 64.8913 -0.75 3.54078
    endloop
  endfacet
  facet normal 0.903831 0 0.427889
    outer loop
      vertex 64.9417 -0.75 3.43432
      vertex 64.8913 -4.95 3.54078
      vertex 64.9417 -4.95 3.43432
    endloop
  endfacet
  facet normal 0.857867 -0 0.513871
    outer loop
      vertex 64.9417 -4.95 3.43432
      vertex 65.0022 -0.75 3.33332
      vertex 64.9417 -0.75 3.43432
    endloop
  endfacet
  facet normal 0.857867 0 0.513871
    outer loop
      vertex 65.0022 -0.75 3.33332
      vertex 64.9417 -4.95 3.43432
      vertex 65.0022 -4.95 3.33332
    endloop
  endfacet
  facet normal 0.243015 0 0.970022
    outer loop
      vertex 65.6517 -0.75 2.85167
      vertex 65.7659 -4.95 2.82306
      vertex 65.7659 -0.75 2.82306
    endloop
  endfacet
  facet normal 0.243015 0 0.970022
    outer loop
      vertex 65.7659 -4.95 2.82306
      vertex 65.6517 -0.75 2.85167
      vertex 65.6517 -4.95 2.85167
    endloop
  endfacet
  facet normal -0.903831 0 -0.427889
    outer loop
      vertex 67.1087 -4.95 4.45922
      vertex 67.0583 -0.75 4.56568
      vertex 67.1087 -0.75 4.45922
    endloop
  endfacet
  facet normal -0.903831 -0 -0.427889
    outer loop
      vertex 67.0583 -0.75 4.56568
      vertex 67.1087 -4.95 4.45922
      vertex 67.0583 -4.95 4.56568
    endloop
  endfacet
  facet normal -0.33681 0 -0.941573
    outer loop
      vertex 66.3483 -4.95 5.14833
      vertex 66.4592 -0.75 5.10866
      vertex 66.4592 -4.95 5.10866
    endloop
  endfacet
  facet normal -0.33681 0 -0.941573
    outer loop
      vertex 66.4592 -0.75 5.10866
      vertex 66.3483 -4.95 5.14833
      vertex 66.3483 -0.75 5.14833
    endloop
  endfacet
  facet normal -0.7409 0 -0.671616
    outer loop
      vertex 66.9276 -4.95 4.76127
      vertex 66.8485 -0.75 4.84853
      vertex 66.9276 -0.75 4.76127
    endloop
  endfacet
  facet normal -0.7409 -0 -0.671616
    outer loop
      vertex 66.8485 -0.75 4.84853
      vertex 66.9276 -4.95 4.76127
      vertex 66.8485 -4.95 4.84853
    endloop
  endfacet
  facet normal -0.970058 0 -0.242875
    outer loop
      vertex 67.1769 -4.95 4.23411
      vertex 67.1483 -0.75 4.34834
      vertex 67.1769 -0.75 4.23411
    endloop
  endfacet
  facet normal -0.970058 -0 -0.242875
    outer loop
      vertex 67.1483 -0.75 4.34834
      vertex 67.1769 -4.95 4.23411
      vertex 67.1483 -4.95 4.34834
    endloop
  endfacet
  facet normal 0.243015 0 -0.970022
    outer loop
      vertex 65.6517 -4.95 5.14833
      vertex 65.7659 -0.75 5.17694
      vertex 65.7659 -4.95 5.17694
    endloop
  endfacet
  facet normal 0.243015 0 -0.970022
    outer loop
      vertex 65.7659 -0.75 5.17694
      vertex 65.6517 -4.95 5.14833
      vertex 65.6517 -0.75 5.14833
    endloop
  endfacet
  facet normal 0.671776 0 -0.740754
    outer loop
      vertex 65.1515 -4.95 4.84853
      vertex 65.2387 -0.75 4.92761
      vertex 65.2387 -4.95 4.92761
    endloop
  endfacet
  facet normal 0.671776 0 -0.740754
    outer loop
      vertex 65.2387 -0.75 4.92761
      vertex 65.1515 -4.95 4.84853
      vertex 65.1515 -0.75 4.84853
    endloop
  endfacet
  facet normal 0.7409 0 -0.671616
    outer loop
      vertex 65.1515 -4.95 4.84853
      vertex 65.0724 -0.75 4.76127
      vertex 65.1515 -0.75 4.84853
    endloop
  endfacet
  facet normal 0.7409 0 -0.671616
    outer loop
      vertex 65.0724 -0.75 4.76127
      vertex 65.1515 -4.95 4.84853
      vertex 65.0724 -4.95 4.76127
    endloop
  endfacet
  facet normal -0.970058 0 0.242875
    outer loop
      vertex 67.1483 -4.95 3.65166
      vertex 67.1769 -0.75 3.76589
      vertex 67.1483 -0.75 3.65166
    endloop
  endfacet
  facet normal -0.970058 0 0.242875
    outer loop
      vertex 67.1769 -0.75 3.76589
      vertex 67.1483 -4.95 3.65166
      vertex 67.1769 -4.95 3.76589
    endloop
  endfacet
  facet normal -0.989151 0 0.146899
    outer loop
      vertex 67.1769 -4.95 3.76589
      vertex 67.1942 -0.75 3.88238
      vertex 67.1769 -0.75 3.76589
    endloop
  endfacet
  facet normal -0.989151 0 0.146899
    outer loop
      vertex 67.1942 -0.75 3.88238
      vertex 67.1769 -4.95 3.76589
      vertex 67.1942 -4.95 3.88238
    endloop
  endfacet
  facet normal -0.941742 0 0.336336
    outer loop
      vertex 67.1087 -4.95 3.54078
      vertex 67.1483 -0.75 3.65166
      vertex 67.1087 -0.75 3.54078
    endloop
  endfacet
  facet normal -0.941742 0 0.336336
    outer loop
      vertex 67.1483 -0.75 3.65166
      vertex 67.1087 -4.95 3.54078
      vertex 67.1483 -4.95 3.65166
    endloop
  endfacet
  facet normal -0.803015 0 0.595958
    outer loop
      vertex 66.9276 -4.95 3.23873
      vertex 66.9978 -0.75 3.33332
      vertex 66.9276 -0.75 3.23873
    endloop
  endfacet
  facet normal -0.803015 0 0.595958
    outer loop
      vertex 66.9978 -0.75 3.33332
      vertex 66.9276 -4.95 3.23873
      vertex 66.9978 -4.95 3.33332
    endloop
  endfacet
  facet normal -0.7409 0 0.671616
    outer loop
      vertex 66.8485 -4.95 3.15147
      vertex 66.9276 -0.75 3.23873
      vertex 66.8485 -0.75 3.15147
    endloop
  endfacet
  facet normal -0.7409 0 0.671616
    outer loop
      vertex 66.9276 -0.75 3.23873
      vertex 66.8485 -4.95 3.15147
      vertex 66.9276 -4.95 3.23873
    endloop
  endfacet
  facet normal -0.857867 0 0.513871
    outer loop
      vertex 66.9978 -4.95 3.33332
      vertex 67.0583 -0.75 3.43432
      vertex 66.9978 -0.75 3.33332
    endloop
  endfacet
  facet normal -0.857867 0 0.513871
    outer loop
      vertex 67.0583 -0.75 3.43432
      vertex 66.9978 -4.95 3.33332
      vertex 67.0583 -4.95 3.43432
    endloop
  endfacet
  facet normal -0.146721 0 0.989178
    outer loop
      vertex 66.1176 -0.75 2.80578
      vertex 66.2341 -4.95 2.82306
      vertex 66.2341 -0.75 2.82306
    endloop
  endfacet
  facet normal -0.146721 0 0.989178
    outer loop
      vertex 66.2341 -4.95 2.82306
      vertex 66.1176 -0.75 2.80578
      vertex 66.1176 -4.95 2.80578
    endloop
  endfacet
  facet normal -0.243015 0 0.970022
    outer loop
      vertex 66.2341 -0.75 2.82306
      vertex 66.3483 -4.95 2.85167
      vertex 66.3483 -0.75 2.85167
    endloop
  endfacet
  facet normal -0.243015 0 0.970022
    outer loop
      vertex 66.3483 -4.95 2.85167
      vertex 66.2341 -0.75 2.82306
      vertex 66.2341 -4.95 2.82306
    endloop
  endfacet
  facet normal -0.0490904 0 0.998794
    outer loop
      vertex 66 -0.75 2.8
      vertex 66.1176 -4.95 2.80578
      vertex 66.1176 -0.75 2.80578
    endloop
  endfacet
  facet normal -0.0490904 0 0.998794
    outer loop
      vertex 66.1176 -4.95 2.80578
      vertex 66 -0.75 2.8
      vertex 66 -4.95 2.8
    endloop
  endfacet
  facet normal -0.514121 0 0.857718
    outer loop
      vertex 66.5657 -0.75 2.9417
      vertex 66.6667 -4.95 3.00224
      vertex 66.6667 -0.75 3.00224
    endloop
  endfacet
  facet normal -0.514121 0 0.857718
    outer loop
      vertex 66.6667 -4.95 3.00224
      vertex 66.5657 -0.75 2.9417
      vertex 66.5657 -4.95 2.9417
    endloop
  endfacet
  facet normal -0.595644 0 0.803249
    outer loop
      vertex 66.6667 -0.75 3.00224
      vertex 66.7613 -4.95 3.07239
      vertex 66.7613 -0.75 3.07239
    endloop
  endfacet
  facet normal -0.595644 0 0.803249
    outer loop
      vertex 66.7613 -4.95 3.07239
      vertex 66.6667 -0.75 3.00224
      vertex 66.6667 -4.95 3.00224
    endloop
  endfacet
  facet normal 0.989151 -0 0.146899
    outer loop
      vertex 64.8058 -4.95 3.88238
      vertex 64.8231 -0.75 3.76589
      vertex 64.8058 -0.75 3.88238
    endloop
  endfacet
  facet normal 0.989151 0 0.146899
    outer loop
      vertex 64.8231 -0.75 3.76589
      vertex 64.8058 -4.95 3.88238
      vertex 64.8231 -4.95 3.76589
    endloop
  endfacet
  facet normal 0.803015 -0 0.595958
    outer loop
      vertex 65.0022 -4.95 3.33332
      vertex 65.0724 -0.75 3.23873
      vertex 65.0022 -0.75 3.33332
    endloop
  endfacet
  facet normal 0.803015 0 0.595958
    outer loop
      vertex 65.0724 -0.75 3.23873
      vertex 65.0022 -4.95 3.33332
      vertex 65.0724 -4.95 3.23873
    endloop
  endfacet
  facet normal 0.941742 -0 0.336336
    outer loop
      vertex 64.8517 -4.95 3.65166
      vertex 64.8913 -0.75 3.54078
      vertex 64.8517 -0.75 3.65166
    endloop
  endfacet
  facet normal 0.941742 0 0.336336
    outer loop
      vertex 64.8913 -0.75 3.54078
      vertex 64.8517 -4.95 3.65166
      vertex 64.8913 -4.95 3.54078
    endloop
  endfacet
  facet normal 0.970058 -0 0.242875
    outer loop
      vertex 64.8231 -4.95 3.76589
      vertex 64.8517 -0.75 3.65166
      vertex 64.8231 -0.75 3.76589
    endloop
  endfacet
  facet normal 0.970058 0 0.242875
    outer loop
      vertex 64.8517 -0.75 3.65166
      vertex 64.8231 -4.95 3.76589
      vertex 64.8517 -4.95 3.65166
    endloop
  endfacet
  facet normal 0.998786 -0 0.0492515
    outer loop
      vertex 64.8 -4.95 4
      vertex 64.8058 -0.75 3.88238
      vertex 64.8 -0.75 4
    endloop
  endfacet
  facet normal 0.998786 0 0.0492515
    outer loop
      vertex 64.8058 -0.75 3.88238
      vertex 64.8 -4.95 4
      vertex 64.8058 -4.95 3.88238
    endloop
  endfacet
  facet normal 0.514121 0 0.857718
    outer loop
      vertex 65.3333 -0.75 3.00224
      vertex 65.4343 -4.95 2.9417
      vertex 65.4343 -0.75 2.9417
    endloop
  endfacet
  facet normal 0.514121 0 0.857718
    outer loop
      vertex 65.4343 -4.95 2.9417
      vertex 65.3333 -0.75 3.00224
      vertex 65.3333 -4.95 3.00224
    endloop
  endfacet
  facet normal 0.595644 0 0.803249
    outer loop
      vertex 65.2387 -0.75 3.07239
      vertex 65.3333 -4.95 3.00224
      vertex 65.3333 -0.75 3.00224
    endloop
  endfacet
  facet normal 0.595644 0 0.803249
    outer loop
      vertex 65.3333 -4.95 3.00224
      vertex 65.2387 -0.75 3.07239
      vertex 65.2387 -4.95 3.07239
    endloop
  endfacet
  facet normal 0.146721 0 0.989178
    outer loop
      vertex 65.7659 -0.75 2.82306
      vertex 65.8824 -4.95 2.80578
      vertex 65.8824 -0.75 2.80578
    endloop
  endfacet
  facet normal 0.146721 0 0.989178
    outer loop
      vertex 65.8824 -4.95 2.80578
      vertex 65.7659 -0.75 2.82306
      vertex 65.7659 -4.95 2.82306
    endloop
  endfacet
  facet normal -0.998786 0 -0.0492515
    outer loop
      vertex 67.2 -4.95 4
      vertex 67.1942 -0.75 4.11762
      vertex 67.2 -0.75 4
    endloop
  endfacet
  facet normal -0.998786 -0 -0.0492515
    outer loop
      vertex 67.1942 -0.75 4.11762
      vertex 67.2 -4.95 4
      vertex 67.1942 -4.95 4.11762
    endloop
  endfacet
  facet normal -0.146721 0 -0.989178
    outer loop
      vertex 66.1176 -4.95 5.19422
      vertex 66.2341 -0.75 5.17694
      vertex 66.2341 -4.95 5.17694
    endloop
  endfacet
  facet normal -0.146721 0 -0.989178
    outer loop
      vertex 66.2341 -0.75 5.17694
      vertex 66.1176 -4.95 5.19422
      vertex 66.1176 -0.75 5.19422
    endloop
  endfacet
  facet normal -0.514184 0 -0.85768
    outer loop
      vertex 66.5657 -4.95 5.05831
      vertex 66.6667 -0.75 4.99776
      vertex 66.6667 -4.95 4.99776
    endloop
  endfacet
  facet normal -0.514184 0 -0.85768
    outer loop
      vertex 66.6667 -0.75 4.99776
      vertex 66.5657 -4.95 5.05831
      vertex 66.5657 -0.75 5.05831
    endloop
  endfacet
  facet normal -0.671776 0 -0.740754
    outer loop
      vertex 66.7613 -4.95 4.92761
      vertex 66.8485 -0.75 4.84853
      vertex 66.8485 -4.95 4.84853
    endloop
  endfacet
  facet normal -0.671776 0 -0.740754
    outer loop
      vertex 66.8485 -0.75 4.84853
      vertex 66.7613 -4.95 4.92761
      vertex 66.7613 -0.75 4.92761
    endloop
  endfacet
  facet normal -0.802985 0 -0.595999
    outer loop
      vertex 66.9978 -4.95 4.66669
      vertex 66.9276 -0.75 4.76127
      vertex 66.9978 -0.75 4.66669
    endloop
  endfacet
  facet normal -0.802985 -0 -0.595999
    outer loop
      vertex 66.9276 -0.75 4.76127
      vertex 66.9978 -4.95 4.66669
      vertex 66.9276 -4.95 4.76127
    endloop
  endfacet
  facet normal -0.85789 0 -0.513834
    outer loop
      vertex 67.0583 -4.95 4.56568
      vertex 66.9978 -0.75 4.66669
      vertex 67.0583 -0.75 4.56568
    endloop
  endfacet
  facet normal -0.85789 -0 -0.513834
    outer loop
      vertex 66.9978 -0.75 4.66669
      vertex 67.0583 -4.95 4.56568
      vertex 66.9978 -4.95 4.66669
    endloop
  endfacet
  facet normal 0.595644 0 -0.803249
    outer loop
      vertex 65.2387 -4.95 4.92761
      vertex 65.3333 -0.75 4.99776
      vertex 65.3333 -4.95 4.99776
    endloop
  endfacet
  facet normal 0.595644 0 -0.803249
    outer loop
      vertex 65.3333 -0.75 4.99776
      vertex 65.2387 -4.95 4.92761
      vertex 65.2387 -0.75 4.92761
    endloop
  endfacet
  facet normal 0.514184 0 -0.85768
    outer loop
      vertex 65.3333 -4.95 4.99776
      vertex 65.4343 -0.75 5.05831
      vertex 65.4343 -4.95 5.05831
    endloop
  endfacet
  facet normal 0.514184 0 -0.85768
    outer loop
      vertex 65.4343 -0.75 5.05831
      vertex 65.3333 -4.95 4.99776
      vertex 65.3333 -0.75 4.99776
    endloop
  endfacet
  facet normal 0.427411 0 -0.904057
    outer loop
      vertex 65.4343 -4.95 5.05831
      vertex 65.5408 -0.75 5.10866
      vertex 65.5408 -4.95 5.10866
    endloop
  endfacet
  facet normal 0.427411 0 -0.904057
    outer loop
      vertex 65.5408 -0.75 5.10866
      vertex 65.4343 -4.95 5.05831
      vertex 65.4343 -0.75 5.05831
    endloop
  endfacet
  facet normal 0.0490904 0 -0.998794
    outer loop
      vertex 65.8824 -4.95 5.19422
      vertex 66 -0.75 5.2
      vertex 66 -4.95 5.2
    endloop
  endfacet
  facet normal 0.0490904 0 -0.998794
    outer loop
      vertex 66 -0.75 5.2
      vertex 65.8824 -4.95 5.19422
      vertex 65.8824 -0.75 5.19422
    endloop
  endfacet
  facet normal 0.85789 0 -0.513834
    outer loop
      vertex 65.0022 -4.95 4.66669
      vertex 64.9417 -0.75 4.56568
      vertex 65.0022 -0.75 4.66669
    endloop
  endfacet
  facet normal 0.85789 0 -0.513834
    outer loop
      vertex 64.9417 -0.75 4.56568
      vertex 65.0022 -4.95 4.66669
      vertex 64.9417 -4.95 4.56568
    endloop
  endfacet
  facet normal 0.903831 0 -0.427889
    outer loop
      vertex 64.9417 -4.95 4.56568
      vertex 64.8913 -0.75 4.45922
      vertex 64.9417 -0.75 4.56568
    endloop
  endfacet
  facet normal 0.903831 0 -0.427889
    outer loop
      vertex 64.8913 -0.75 4.45922
      vertex 64.9417 -4.95 4.56568
      vertex 64.8913 -4.95 4.45922
    endloop
  endfacet
  facet normal 0.989151 0 -0.146899
    outer loop
      vertex 64.8231 -4.95 4.23411
      vertex 64.8058 -0.75 4.11762
      vertex 64.8231 -0.75 4.23411
    endloop
  endfacet
  facet normal 0.989151 0 -0.146899
    outer loop
      vertex 64.8058 -0.75 4.11762
      vertex 64.8231 -4.95 4.23411
      vertex 64.8058 -4.95 4.11762
    endloop
  endfacet
  facet normal -0.427411 0 0.904057
    outer loop
      vertex 66.4592 -0.75 2.89135
      vertex 66.5657 -4.95 2.9417
      vertex 66.5657 -0.75 2.9417
    endloop
  endfacet
  facet normal -0.427411 0 0.904057
    outer loop
      vertex 66.5657 -4.95 2.9417
      vertex 66.4592 -0.75 2.89135
      vertex 66.4592 -4.95 2.89135
    endloop
  endfacet
  facet normal 0.998786 0 -0.0492515
    outer loop
      vertex 64.8058 -4.95 4.11762
      vertex 64.8 -0.75 4
      vertex 64.8058 -0.75 4.11762
    endloop
  endfacet
  facet normal 0.998786 0 -0.0492515
    outer loop
      vertex 64.8 -0.75 4
      vertex 64.8058 -4.95 4.11762
      vertex 64.8 -4.95 4
    endloop
  endfacet
  facet normal 0.671776 0 0.740754
    outer loop
      vertex 65.1515 -0.75 3.15147
      vertex 65.2387 -4.95 3.07239
      vertex 65.2387 -0.75 3.07239
    endloop
  endfacet
  facet normal 0.671776 0 0.740754
    outer loop
      vertex 65.2387 -4.95 3.07239
      vertex 65.1515 -0.75 3.15147
      vertex 65.1515 -4.95 3.15147
    endloop
  endfacet
  facet normal 0.336885 0 0.941546
    outer loop
      vertex 65.5408 -0.75 2.89135
      vertex 65.6517 -4.95 2.85167
      vertex 65.6517 -0.75 2.85167
    endloop
  endfacet
  facet normal 0.336885 0 0.941546
    outer loop
      vertex 65.6517 -4.95 2.85167
      vertex 65.5408 -0.75 2.89135
      vertex 65.5408 -4.95 2.89135
    endloop
  endfacet
  facet normal -0.243015 0 -0.970022
    outer loop
      vertex 66.2341 -4.95 5.17694
      vertex 66.3483 -0.75 5.14833
      vertex 66.3483 -4.95 5.14833
    endloop
  endfacet
  facet normal -0.243015 0 -0.970022
    outer loop
      vertex 66.3483 -0.75 5.14833
      vertex 66.2341 -4.95 5.17694
      vertex 66.2341 -0.75 5.17694
    endloop
  endfacet
  facet normal -0.427411 0 -0.904057
    outer loop
      vertex 66.4592 -4.95 5.10866
      vertex 66.5657 -0.75 5.05831
      vertex 66.5657 -4.95 5.05831
    endloop
  endfacet
  facet normal -0.427411 0 -0.904057
    outer loop
      vertex 66.5657 -0.75 5.05831
      vertex 66.4592 -4.95 5.10866
      vertex 66.4592 -0.75 5.10866
    endloop
  endfacet
  facet normal -0.595644 0 -0.803249
    outer loop
      vertex 66.6667 -4.95 4.99776
      vertex 66.7613 -0.75 4.92761
      vertex 66.7613 -4.95 4.92761
    endloop
  endfacet
  facet normal -0.595644 0 -0.803249
    outer loop
      vertex 66.7613 -0.75 4.92761
      vertex 66.6667 -4.95 4.99776
      vertex 66.6667 -0.75 4.99776
    endloop
  endfacet
  facet normal -0.941742 0 -0.336336
    outer loop
      vertex 67.1483 -4.95 4.34834
      vertex 67.1087 -0.75 4.45922
      vertex 67.1483 -0.75 4.34834
    endloop
  endfacet
  facet normal -0.941742 -0 -0.336336
    outer loop
      vertex 67.1087 -0.75 4.45922
      vertex 67.1483 -4.95 4.34834
      vertex 67.1087 -4.95 4.45922
    endloop
  endfacet
  facet normal -0.989151 0 -0.146899
    outer loop
      vertex 67.1942 -4.95 4.11762
      vertex 67.1769 -0.75 4.23411
      vertex 67.1942 -0.75 4.11762
    endloop
  endfacet
  facet normal -0.989151 -0 -0.146899
    outer loop
      vertex 67.1769 -0.75 4.23411
      vertex 67.1942 -4.95 4.11762
      vertex 67.1769 -4.95 4.23411
    endloop
  endfacet
  facet normal 0.33681 0 -0.941573
    outer loop
      vertex 65.5408 -4.95 5.10866
      vertex 65.6517 -0.75 5.14833
      vertex 65.6517 -4.95 5.14833
    endloop
  endfacet
  facet normal 0.33681 0 -0.941573
    outer loop
      vertex 65.6517 -0.75 5.14833
      vertex 65.5408 -4.95 5.10866
      vertex 65.5408 -0.75 5.10866
    endloop
  endfacet
  facet normal 0.146721 0 -0.989178
    outer loop
      vertex 65.7659 -4.95 5.17694
      vertex 65.8824 -0.75 5.19422
      vertex 65.8824 -4.95 5.19422
    endloop
  endfacet
  facet normal 0.146721 0 -0.989178
    outer loop
      vertex 65.8824 -0.75 5.19422
      vertex 65.7659 -4.95 5.17694
      vertex 65.7659 -0.75 5.17694
    endloop
  endfacet
  facet normal -0.0490904 0 -0.998794
    outer loop
      vertex 66 -4.95 5.2
      vertex 66.1176 -0.75 5.19422
      vertex 66.1176 -4.95 5.19422
    endloop
  endfacet
  facet normal -0.0490904 0 -0.998794
    outer loop
      vertex 66.1176 -0.75 5.19422
      vertex 66 -4.95 5.2
      vertex 66 -0.75 5.2
    endloop
  endfacet
  facet normal 0.802985 0 -0.595999
    outer loop
      vertex 65.0724 -4.95 4.76127
      vertex 65.0022 -0.75 4.66669
      vertex 65.0724 -0.75 4.76127
    endloop
  endfacet
  facet normal 0.802985 0 -0.595999
    outer loop
      vertex 65.0022 -0.75 4.66669
      vertex 65.0724 -4.95 4.76127
      vertex 65.0022 -4.95 4.66669
    endloop
  endfacet
  facet normal 0.970058 0 -0.242875
    outer loop
      vertex 64.8517 -4.95 4.34834
      vertex 64.8231 -0.75 4.23411
      vertex 64.8517 -0.75 4.34834
    endloop
  endfacet
  facet normal 0.970058 0 -0.242875
    outer loop
      vertex 64.8231 -0.75 4.23411
      vertex 64.8517 -4.95 4.34834
      vertex 64.8231 -4.95 4.23411
    endloop
  endfacet
  facet normal -0.998786 0 0.0492599
    outer loop
      vertex 57.1942 -4.95 33.8824
      vertex 57.2 -0.75 34
      vertex 57.1942 -0.75 33.8824
    endloop
  endfacet
  facet normal -0.998786 0 0.0492599
    outer loop
      vertex 57.2 -0.75 34
      vertex 57.1942 -4.95 33.8824
      vertex 57.2 -4.95 34
    endloop
  endfacet
  facet normal 0.998786 -0 0.0492599
    outer loop
      vertex 54.8 -4.95 34
      vertex 54.8058 -0.75 33.8824
      vertex 54.8 -0.75 34
    endloop
  endfacet
  facet normal 0.998786 0 0.0492599
    outer loop
      vertex 54.8058 -0.75 33.8824
      vertex 54.8 -4.95 34
      vertex 54.8058 -4.95 33.8824
    endloop
  endfacet
  facet normal 0.0492599 0 0.998786
    outer loop
      vertex 55.8824 -0.75 32.8058
      vertex 56 -4.95 32.8
      vertex 56 -0.75 32.8
    endloop
  endfacet
  facet normal 0.0492599 0 0.998786
    outer loop
      vertex 56 -4.95 32.8
      vertex 55.8824 -0.75 32.8058
      vertex 55.8824 -4.95 32.8058
    endloop
  endfacet
  facet normal -0.671869 0 0.74067
    outer loop
      vertex 56.7613 -0.75 33.0724
      vertex 56.8485 -4.95 33.1515
      vertex 56.8485 -0.75 33.1515
    endloop
  endfacet
  facet normal -0.671869 0 0.74067
    outer loop
      vertex 56.8485 -4.95 33.1515
      vertex 56.7613 -0.75 33.0724
      vertex 56.7613 -4.95 33.0724
    endloop
  endfacet
  facet normal 0.671869 0 0.74067
    outer loop
      vertex 55.1515 -0.75 33.1515
      vertex 55.2387 -4.95 33.0724
      vertex 55.2387 -0.75 33.0724
    endloop
  endfacet
  facet normal 0.671869 0 0.74067
    outer loop
      vertex 55.2387 -4.95 33.0724
      vertex 55.1515 -0.75 33.1515
      vertex 55.1515 -4.95 33.1515
    endloop
  endfacet
  facet normal 0.336283 0 0.941761
    outer loop
      vertex 55.5408 -0.75 32.8913
      vertex 55.6517 -4.95 32.8517
      vertex 55.6517 -0.75 32.8517
    endloop
  endfacet
  facet normal 0.336283 0 0.941761
    outer loop
      vertex 55.6517 -4.95 32.8517
      vertex 55.5408 -0.75 32.8913
      vertex 55.5408 -4.95 32.8913
    endloop
  endfacet
  facet normal -0.903893 0 0.427758
    outer loop
      vertex 57.0583 -4.95 33.4343
      vertex 57.1087 -0.75 33.5408
      vertex 57.0583 -0.75 33.4343
    endloop
  endfacet
  facet normal -0.903893 0 0.427758
    outer loop
      vertex 57.1087 -0.75 33.5408
      vertex 57.0583 -4.95 33.4343
      vertex 57.1087 -4.95 33.5408
    endloop
  endfacet
  facet normal -0.336283 0 0.941761
    outer loop
      vertex 56.3483 -0.75 32.8517
      vertex 56.4592 -4.95 32.8913
      vertex 56.4592 -0.75 32.8913
    endloop
  endfacet
  facet normal -0.336283 0 0.941761
    outer loop
      vertex 56.4592 -4.95 32.8913
      vertex 56.3483 -0.75 32.8517
      vertex 56.3483 -4.95 32.8517
    endloop
  endfacet
  facet normal 0.857867 -0 0.513871
    outer loop
      vertex 54.9417 -4.95 33.4343
      vertex 55.0022 -0.75 33.3333
      vertex 54.9417 -0.75 33.4343
    endloop
  endfacet
  facet normal 0.857867 0 0.513871
    outer loop
      vertex 55.0022 -0.75 33.3333
      vertex 54.9417 -4.95 33.4343
      vertex 55.0022 -4.95 33.3333
    endloop
  endfacet
  facet normal 0.803046 -0 0.595918
    outer loop
      vertex 55.0022 -4.95 33.3333
      vertex 55.0724 -0.75 33.2387
      vertex 55.0022 -0.75 33.3333
    endloop
  endfacet
  facet normal 0.803046 0 0.595918
    outer loop
      vertex 55.0724 -0.75 33.2387
      vertex 55.0022 -4.95 33.3333
      vertex 55.0724 -4.95 33.2387
    endloop
  endfacet
  facet normal 0.146887 0 0.989153
    outer loop
      vertex 55.7659 -0.75 32.8231
      vertex 55.8824 -4.95 32.8058
      vertex 55.8824 -0.75 32.8058
    endloop
  endfacet
  facet normal 0.146887 0 0.989153
    outer loop
      vertex 55.8824 -4.95 32.8058
      vertex 55.7659 -0.75 32.8231
      vertex 55.7659 -4.95 32.8231
    endloop
  endfacet
  facet normal -0.146887 0 -0.989153
    outer loop
      vertex 56.1176 -4.95 35.1942
      vertex 56.2341 -0.75 35.1769
      vertex 56.2341 -4.95 35.1769
    endloop
  endfacet
  facet normal -0.146887 0 -0.989153
    outer loop
      vertex 56.2341 -0.75 35.1769
      vertex 56.1176 -4.95 35.1942
      vertex 56.1176 -0.75 35.1942
    endloop
  endfacet
  facet normal -0.970042 0 0.242935
    outer loop
      vertex 57.1483 -4.95 33.6517
      vertex 57.1769 -0.75 33.7659
      vertex 57.1483 -0.75 33.6517
    endloop
  endfacet
  facet normal -0.970042 0 0.242935
    outer loop
      vertex 57.1769 -0.75 33.7659
      vertex 57.1483 -4.95 33.6517
      vertex 57.1769 -4.95 33.7659
    endloop
  endfacet
  facet normal -0.989153 0 0.146887
    outer loop
      vertex 57.1769 -4.95 33.7659
      vertex 57.1942 -0.75 33.8824
      vertex 57.1769 -0.75 33.7659
    endloop
  endfacet
  facet normal -0.989153 0 0.146887
    outer loop
      vertex 57.1942 -0.75 33.8824
      vertex 57.1769 -4.95 33.7659
      vertex 57.1942 -4.95 33.8824
    endloop
  endfacet
  facet normal -0.941761 0 0.336283
    outer loop
      vertex 57.1087 -4.95 33.5408
      vertex 57.1483 -0.75 33.6517
      vertex 57.1087 -0.75 33.5408
    endloop
  endfacet
  facet normal -0.941761 0 0.336283
    outer loop
      vertex 57.1483 -0.75 33.6517
      vertex 57.1087 -4.95 33.5408
      vertex 57.1483 -4.95 33.6517
    endloop
  endfacet
  facet normal -0.803046 0 0.595918
    outer loop
      vertex 56.9276 -4.95 33.2387
      vertex 56.9978 -0.75 33.3333
      vertex 56.9276 -0.75 33.2387
    endloop
  endfacet
  facet normal -0.803046 0 0.595918
    outer loop
      vertex 56.9978 -0.75 33.3333
      vertex 56.9276 -4.95 33.2387
      vertex 56.9978 -4.95 33.3333
    endloop
  endfacet
  facet normal -0.74067 0 0.671869
    outer loop
      vertex 56.8485 -4.95 33.1515
      vertex 56.9276 -0.75 33.2387
      vertex 56.8485 -0.75 33.1515
    endloop
  endfacet
  facet normal -0.74067 0 0.671869
    outer loop
      vertex 56.9276 -0.75 33.2387
      vertex 56.8485 -4.95 33.1515
      vertex 56.9276 -4.95 33.2387
    endloop
  endfacet
  facet normal -0.857867 0 0.513871
    outer loop
      vertex 56.9978 -4.95 33.3333
      vertex 57.0583 -0.75 33.4343
      vertex 56.9978 -0.75 33.3333
    endloop
  endfacet
  facet normal -0.857867 0 0.513871
    outer loop
      vertex 57.0583 -0.75 33.4343
      vertex 56.9978 -4.95 33.3333
      vertex 57.0583 -4.95 33.4343
    endloop
  endfacet
  facet normal -0.146887 0 0.989153
    outer loop
      vertex 56.1176 -0.75 32.8058
      vertex 56.2341 -4.95 32.8231
      vertex 56.2341 -0.75 32.8231
    endloop
  endfacet
  facet normal -0.146887 0 0.989153
    outer loop
      vertex 56.2341 -4.95 32.8231
      vertex 56.1176 -0.75 32.8058
      vertex 56.1176 -4.95 32.8058
    endloop
  endfacet
  facet normal -0.0492599 0 0.998786
    outer loop
      vertex 56 -0.75 32.8
      vertex 56.1176 -4.95 32.8058
      vertex 56.1176 -0.75 32.8058
    endloop
  endfacet
  facet normal -0.0492599 0 0.998786
    outer loop
      vertex 56.1176 -4.95 32.8058
      vertex 56 -0.75 32.8
      vertex 56 -4.95 32.8
    endloop
  endfacet
  facet normal -0.595918 0 0.803046
    outer loop
      vertex 56.6667 -0.75 33.0022
      vertex 56.7613 -4.95 33.0724
      vertex 56.7613 -0.75 33.0724
    endloop
  endfacet
  facet normal -0.595918 0 0.803046
    outer loop
      vertex 56.7613 -4.95 33.0724
      vertex 56.6667 -0.75 33.0022
      vertex 56.6667 -4.95 33.0022
    endloop
  endfacet
  facet normal -0.513871 0 0.857867
    outer loop
      vertex 56.5657 -0.75 32.9417
      vertex 56.6667 -4.95 33.0022
      vertex 56.6667 -0.75 33.0022
    endloop
  endfacet
  facet normal -0.513871 0 0.857867
    outer loop
      vertex 56.6667 -4.95 33.0022
      vertex 56.5657 -0.75 32.9417
      vertex 56.5657 -4.95 32.9417
    endloop
  endfacet
  facet normal 0.903893 -0 0.427758
    outer loop
      vertex 54.8913 -4.95 33.5408
      vertex 54.9417 -0.75 33.4343
      vertex 54.8913 -0.75 33.5408
    endloop
  endfacet
  facet normal 0.903893 0 0.427758
    outer loop
      vertex 54.9417 -0.75 33.4343
      vertex 54.8913 -4.95 33.5408
      vertex 54.9417 -4.95 33.4343
    endloop
  endfacet
  facet normal 0.970042 -0 0.242935
    outer loop
      vertex 54.8231 -4.95 33.7659
      vertex 54.8517 -0.75 33.6517
      vertex 54.8231 -0.75 33.7659
    endloop
  endfacet
  facet normal 0.970042 0 0.242935
    outer loop
      vertex 54.8517 -0.75 33.6517
      vertex 54.8231 -4.95 33.7659
      vertex 54.8517 -4.95 33.6517
    endloop
  endfacet
  facet normal 0.513871 0 0.857867
    outer loop
      vertex 55.3333 -0.75 33.0022
      vertex 55.4343 -4.95 32.9417
      vertex 55.4343 -0.75 32.9417
    endloop
  endfacet
  facet normal 0.513871 0 0.857867
    outer loop
      vertex 55.4343 -4.95 32.9417
      vertex 55.3333 -0.75 33.0022
      vertex 55.3333 -4.95 33.0022
    endloop
  endfacet
  facet normal -0.998786 0 -0.0492599
    outer loop
      vertex 57.2 -4.95 34
      vertex 57.1942 -0.75 34.1176
      vertex 57.2 -0.75 34
    endloop
  endfacet
  facet normal -0.998786 -0 -0.0492599
    outer loop
      vertex 57.1942 -0.75 34.1176
      vertex 57.2 -4.95 34
      vertex 57.1942 -4.95 34.1176
    endloop
  endfacet
  facet normal 0.803046 0 -0.595918
    outer loop
      vertex 55.0724 -4.95 34.7613
      vertex 55.0022 -0.75 34.6667
      vertex 55.0724 -0.75 34.7613
    endloop
  endfacet
  facet normal 0.803046 0 -0.595918
    outer loop
      vertex 55.0022 -0.75 34.6667
      vertex 55.0724 -4.95 34.7613
      vertex 55.0022 -4.95 34.6667
    endloop
  endfacet
  facet normal 0.941761 0 -0.336283
    outer loop
      vertex 54.8913 -4.95 34.4592
      vertex 54.8517 -0.75 34.3483
      vertex 54.8913 -0.75 34.4592
    endloop
  endfacet
  facet normal 0.941761 0 -0.336283
    outer loop
      vertex 54.8517 -0.75 34.3483
      vertex 54.8913 -4.95 34.4592
      vertex 54.8517 -4.95 34.3483
    endloop
  endfacet
  facet normal -0.427758 0 -0.903893
    outer loop
      vertex 56.4592 -4.95 35.1087
      vertex 56.5657 -0.75 35.0583
      vertex 56.5657 -4.95 35.0583
    endloop
  endfacet
  facet normal -0.427758 0 -0.903893
    outer loop
      vertex 56.5657 -0.75 35.0583
      vertex 56.4592 -4.95 35.1087
      vertex 56.4592 -0.75 35.1087
    endloop
  endfacet
  facet normal -0.242935 0 0.970042
    outer loop
      vertex 56.2341 -0.75 32.8231
      vertex 56.3483 -4.95 32.8517
      vertex 56.3483 -0.75 32.8517
    endloop
  endfacet
  facet normal -0.242935 0 0.970042
    outer loop
      vertex 56.3483 -4.95 32.8517
      vertex 56.2341 -0.75 32.8231
      vertex 56.2341 -4.95 32.8231
    endloop
  endfacet
  facet normal -0.427758 0 0.903893
    outer loop
      vertex 56.4592 -0.75 32.8913
      vertex 56.5657 -4.95 32.9417
      vertex 56.5657 -0.75 32.9417
    endloop
  endfacet
  facet normal -0.427758 0 0.903893
    outer loop
      vertex 56.5657 -4.95 32.9417
      vertex 56.4592 -0.75 32.8913
      vertex 56.4592 -4.95 32.8913
    endloop
  endfacet
  facet normal 0.74067 -0 0.671869
    outer loop
      vertex 55.0724 -4.95 33.2387
      vertex 55.1515 -0.75 33.1515
      vertex 55.0724 -0.75 33.2387
    endloop
  endfacet
  facet normal 0.74067 0 0.671869
    outer loop
      vertex 55.1515 -0.75 33.1515
      vertex 55.0724 -4.95 33.2387
      vertex 55.1515 -4.95 33.1515
    endloop
  endfacet
  facet normal 0.989153 -0 0.146887
    outer loop
      vertex 54.8058 -4.95 33.8824
      vertex 54.8231 -0.75 33.7659
      vertex 54.8058 -0.75 33.8824
    endloop
  endfacet
  facet normal 0.989153 0 0.146887
    outer loop
      vertex 54.8231 -0.75 33.7659
      vertex 54.8058 -4.95 33.8824
      vertex 54.8231 -4.95 33.7659
    endloop
  endfacet
  facet normal 0.941761 -0 0.336283
    outer loop
      vertex 54.8517 -4.95 33.6517
      vertex 54.8913 -0.75 33.5408
      vertex 54.8517 -0.75 33.6517
    endloop
  endfacet
  facet normal 0.941761 0 0.336283
    outer loop
      vertex 54.8913 -0.75 33.5408
      vertex 54.8517 -4.95 33.6517
      vertex 54.8913 -4.95 33.5408
    endloop
  endfacet
  facet normal 0.595918 0 0.803046
    outer loop
      vertex 55.2387 -0.75 33.0724
      vertex 55.3333 -4.95 33.0022
      vertex 55.3333 -0.75 33.0022
    endloop
  endfacet
  facet normal 0.595918 0 0.803046
    outer loop
      vertex 55.3333 -4.95 33.0022
      vertex 55.2387 -0.75 33.0724
      vertex 55.2387 -4.95 33.0724
    endloop
  endfacet
  facet normal 0.427758 0 0.903893
    outer loop
      vertex 55.4343 -0.75 32.9417
      vertex 55.5408 -4.95 32.8913
      vertex 55.5408 -0.75 32.8913
    endloop
  endfacet
  facet normal 0.427758 0 0.903893
    outer loop
      vertex 55.5408 -4.95 32.8913
      vertex 55.4343 -0.75 32.9417
      vertex 55.4343 -4.95 32.9417
    endloop
  endfacet
  facet normal 0.242935 0 0.970042
    outer loop
      vertex 55.6517 -0.75 32.8517
      vertex 55.7659 -4.95 32.8231
      vertex 55.7659 -0.75 32.8231
    endloop
  endfacet
  facet normal 0.242935 0 0.970042
    outer loop
      vertex 55.7659 -4.95 32.8231
      vertex 55.6517 -0.75 32.8517
      vertex 55.6517 -4.95 32.8517
    endloop
  endfacet
  facet normal -0.970042 0 -0.242935
    outer loop
      vertex 57.1769 -4.95 34.2341
      vertex 57.1483 -0.75 34.3483
      vertex 57.1769 -0.75 34.2341
    endloop
  endfacet
  facet normal -0.970042 -0 -0.242935
    outer loop
      vertex 57.1483 -0.75 34.3483
      vertex 57.1769 -4.95 34.2341
      vertex 57.1483 -4.95 34.3483
    endloop
  endfacet
  facet normal -0.671869 0 -0.74067
    outer loop
      vertex 56.7613 -4.95 34.9276
      vertex 56.8485 -0.75 34.8485
      vertex 56.8485 -4.95 34.8485
    endloop
  endfacet
  facet normal -0.671869 0 -0.74067
    outer loop
      vertex 56.8485 -0.75 34.8485
      vertex 56.7613 -4.95 34.9276
      vertex 56.7613 -0.75 34.9276
    endloop
  endfacet
  facet normal -0.903893 0 -0.427758
    outer loop
      vertex 57.1087 -4.95 34.4592
      vertex 57.0583 -0.75 34.5657
      vertex 57.1087 -0.75 34.4592
    endloop
  endfacet
  facet normal -0.903893 -0 -0.427758
    outer loop
      vertex 57.0583 -0.75 34.5657
      vertex 57.1087 -4.95 34.4592
      vertex 57.0583 -4.95 34.5657
    endloop
  endfacet
  facet normal -0.803046 0 -0.595918
    outer loop
      vertex 56.9978 -4.95 34.6667
      vertex 56.9276 -0.75 34.7613
      vertex 56.9978 -0.75 34.6667
    endloop
  endfacet
  facet normal -0.803046 -0 -0.595918
    outer loop
      vertex 56.9276 -0.75 34.7613
      vertex 56.9978 -4.95 34.6667
      vertex 56.9276 -4.95 34.7613
    endloop
  endfacet
  facet normal -0.0492599 0 -0.998786
    outer loop
      vertex 56 -4.95 35.2
      vertex 56.1176 -0.75 35.1942
      vertex 56.1176 -4.95 35.1942
    endloop
  endfacet
  facet normal -0.0492599 0 -0.998786
    outer loop
      vertex 56.1176 -0.75 35.1942
      vertex 56 -4.95 35.2
      vertex 56 -0.75 35.2
    endloop
  endfacet
  facet normal 0.595918 0 -0.803046
    outer loop
      vertex 55.2387 -4.95 34.9276
      vertex 55.3333 -0.75 34.9978
      vertex 55.3333 -4.95 34.9978
    endloop
  endfacet
  facet normal 0.595918 0 -0.803046
    outer loop
      vertex 55.3333 -0.75 34.9978
      vertex 55.2387 -4.95 34.9276
      vertex 55.2387 -0.75 34.9276
    endloop
  endfacet
  facet normal 0.903893 0 -0.427758
    outer loop
      vertex 54.9417 -4.95 34.5657
      vertex 54.8913 -0.75 34.4592
      vertex 54.9417 -0.75 34.5657
    endloop
  endfacet
  facet normal 0.903893 0 -0.427758
    outer loop
      vertex 54.8913 -0.75 34.4592
      vertex 54.9417 -4.95 34.5657
      vertex 54.8913 -4.95 34.4592
    endloop
  endfacet
  facet normal 0.970042 0 -0.242935
    outer loop
      vertex 54.8517 -4.95 34.3483
      vertex 54.8231 -0.75 34.2341
      vertex 54.8517 -0.75 34.3483
    endloop
  endfacet
  facet normal 0.970042 0 -0.242935
    outer loop
      vertex 54.8231 -0.75 34.2341
      vertex 54.8517 -4.95 34.3483
      vertex 54.8231 -4.95 34.2341
    endloop
  endfacet
  facet normal 0.998786 0 -0.0492599
    outer loop
      vertex 54.8058 -4.95 34.1176
      vertex 54.8 -0.75 34
      vertex 54.8058 -0.75 34.1176
    endloop
  endfacet
  facet normal 0.998786 0 -0.0492599
    outer loop
      vertex 54.8 -0.75 34
      vertex 54.8058 -4.95 34.1176
      vertex 54.8 -4.95 34
    endloop
  endfacet
  facet normal -0.989153 0 -0.146887
    outer loop
      vertex 57.1942 -4.95 34.1176
      vertex 57.1769 -0.75 34.2341
      vertex 57.1942 -0.75 34.1176
    endloop
  endfacet
  facet normal -0.989153 -0 -0.146887
    outer loop
      vertex 57.1769 -0.75 34.2341
      vertex 57.1942 -4.95 34.1176
      vertex 57.1769 -4.95 34.2341
    endloop
  endfacet
  facet normal -0.513871 0 -0.857867
    outer loop
      vertex 56.5657 -4.95 35.0583
      vertex 56.6667 -0.75 34.9978
      vertex 56.6667 -4.95 34.9978
    endloop
  endfacet
  facet normal -0.513871 0 -0.857867
    outer loop
      vertex 56.6667 -0.75 34.9978
      vertex 56.5657 -4.95 35.0583
      vertex 56.5657 -0.75 35.0583
    endloop
  endfacet
  facet normal -0.941761 0 -0.336283
    outer loop
      vertex 57.1483 -4.95 34.3483
      vertex 57.1087 -0.75 34.4592
      vertex 57.1483 -0.75 34.3483
    endloop
  endfacet
  facet normal -0.941761 -0 -0.336283
    outer loop
      vertex 57.1087 -0.75 34.4592
      vertex 57.1483 -4.95 34.3483
      vertex 57.1087 -4.95 34.4592
    endloop
  endfacet
  facet normal -0.857867 0 -0.513871
    outer loop
      vertex 57.0583 -4.95 34.5657
      vertex 56.9978 -0.75 34.6667
      vertex 57.0583 -0.75 34.5657
    endloop
  endfacet
  facet normal -0.857867 -0 -0.513871
    outer loop
      vertex 56.9978 -0.75 34.6667
      vertex 57.0583 -4.95 34.5657
      vertex 56.9978 -4.95 34.6667
    endloop
  endfacet
  facet normal 0.0492599 0 -0.998786
    outer loop
      vertex 55.8824 -4.95 35.1942
      vertex 56 -0.75 35.2
      vertex 56 -4.95 35.2
    endloop
  endfacet
  facet normal 0.0492599 0 -0.998786
    outer loop
      vertex 56 -0.75 35.2
      vertex 55.8824 -4.95 35.1942
      vertex 55.8824 -0.75 35.1942
    endloop
  endfacet
  facet normal 0.513871 0 -0.857867
    outer loop
      vertex 55.3333 -4.95 34.9978
      vertex 55.4343 -0.75 35.0583
      vertex 55.4343 -4.95 35.0583
    endloop
  endfacet
  facet normal 0.513871 0 -0.857867
    outer loop
      vertex 55.4343 -0.75 35.0583
      vertex 55.3333 -4.95 34.9978
      vertex 55.3333 -0.75 34.9978
    endloop
  endfacet
  facet normal 0.671869 0 -0.74067
    outer loop
      vertex 55.1515 -4.95 34.8485
      vertex 55.2387 -0.75 34.9276
      vertex 55.2387 -4.95 34.9276
    endloop
  endfacet
  facet normal 0.671869 0 -0.74067
    outer loop
      vertex 55.2387 -0.75 34.9276
      vertex 55.1515 -4.95 34.8485
      vertex 55.1515 -0.75 34.8485
    endloop
  endfacet
  facet normal 0.74067 0 -0.671869
    outer loop
      vertex 55.1515 -4.95 34.8485
      vertex 55.0724 -0.75 34.7613
      vertex 55.1515 -0.75 34.8485
    endloop
  endfacet
  facet normal 0.74067 0 -0.671869
    outer loop
      vertex 55.0724 -0.75 34.7613
      vertex 55.1515 -4.95 34.8485
      vertex 55.0724 -4.95 34.7613
    endloop
  endfacet
  facet normal 0.857867 0 -0.513871
    outer loop
      vertex 55.0022 -4.95 34.6667
      vertex 54.9417 -0.75 34.5657
      vertex 55.0022 -0.75 34.6667
    endloop
  endfacet
  facet normal 0.857867 0 -0.513871
    outer loop
      vertex 54.9417 -0.75 34.5657
      vertex 55.0022 -4.95 34.6667
      vertex 54.9417 -4.95 34.5657
    endloop
  endfacet
  facet normal 0.989153 0 -0.146887
    outer loop
      vertex 54.8231 -4.95 34.2341
      vertex 54.8058 -0.75 34.1176
      vertex 54.8231 -0.75 34.2341
    endloop
  endfacet
  facet normal 0.989153 0 -0.146887
    outer loop
      vertex 54.8058 -0.75 34.1176
      vertex 54.8231 -4.95 34.2341
      vertex 54.8058 -4.95 34.1176
    endloop
  endfacet
  facet normal -0.242935 0 -0.970042
    outer loop
      vertex 56.2341 -4.95 35.1769
      vertex 56.3483 -0.75 35.1483
      vertex 56.3483 -4.95 35.1483
    endloop
  endfacet
  facet normal -0.242935 0 -0.970042
    outer loop
      vertex 56.3483 -0.75 35.1483
      vertex 56.2341 -4.95 35.1769
      vertex 56.2341 -0.75 35.1769
    endloop
  endfacet
  facet normal -0.336283 0 -0.941761
    outer loop
      vertex 56.3483 -4.95 35.1483
      vertex 56.4592 -0.75 35.1087
      vertex 56.4592 -4.95 35.1087
    endloop
  endfacet
  facet normal -0.336283 0 -0.941761
    outer loop
      vertex 56.4592 -0.75 35.1087
      vertex 56.3483 -4.95 35.1483
      vertex 56.3483 -0.75 35.1483
    endloop
  endfacet
  facet normal -0.595918 0 -0.803046
    outer loop
      vertex 56.6667 -4.95 34.9978
      vertex 56.7613 -0.75 34.9276
      vertex 56.7613 -4.95 34.9276
    endloop
  endfacet
  facet normal -0.595918 0 -0.803046
    outer loop
      vertex 56.7613 -0.75 34.9276
      vertex 56.6667 -4.95 34.9978
      vertex 56.6667 -0.75 34.9978
    endloop
  endfacet
  facet normal -0.74067 0 -0.671869
    outer loop
      vertex 56.9276 -4.95 34.7613
      vertex 56.8485 -0.75 34.8485
      vertex 56.9276 -0.75 34.7613
    endloop
  endfacet
  facet normal -0.74067 -0 -0.671869
    outer loop
      vertex 56.8485 -0.75 34.8485
      vertex 56.9276 -4.95 34.7613
      vertex 56.8485 -4.95 34.8485
    endloop
  endfacet
  facet normal 0.146887 0 -0.989153
    outer loop
      vertex 55.7659 -4.95 35.1769
      vertex 55.8824 -0.75 35.1942
      vertex 55.8824 -4.95 35.1942
    endloop
  endfacet
  facet normal 0.146887 0 -0.989153
    outer loop
      vertex 55.8824 -0.75 35.1942
      vertex 55.7659 -4.95 35.1769
      vertex 55.7659 -0.75 35.1769
    endloop
  endfacet
  facet normal 0.336283 0 -0.941761
    outer loop
      vertex 55.5408 -4.95 35.1087
      vertex 55.6517 -0.75 35.1483
      vertex 55.6517 -4.95 35.1483
    endloop
  endfacet
  facet normal 0.336283 0 -0.941761
    outer loop
      vertex 55.6517 -0.75 35.1483
      vertex 55.5408 -4.95 35.1087
      vertex 55.5408 -0.75 35.1087
    endloop
  endfacet
  facet normal 0.427758 0 -0.903893
    outer loop
      vertex 55.4343 -4.95 35.0583
      vertex 55.5408 -0.75 35.1087
      vertex 55.5408 -4.95 35.1087
    endloop
  endfacet
  facet normal 0.427758 0 -0.903893
    outer loop
      vertex 55.5408 -0.75 35.1087
      vertex 55.4343 -4.95 35.0583
      vertex 55.4343 -0.75 35.0583
    endloop
  endfacet
  facet normal 0.242935 0 -0.970042
    outer loop
      vertex 55.6517 -4.95 35.1483
      vertex 55.7659 -0.75 35.1769
      vertex 55.7659 -4.95 35.1769
    endloop
  endfacet
  facet normal 0.242935 0 -0.970042
    outer loop
      vertex 55.7659 -0.75 35.1769
      vertex 55.6517 -4.95 35.1483
      vertex 55.6517 -0.75 35.1483
    endloop
  endfacet
  facet normal -0.866026 0 0.5
    outer loop
      vertex 47.1547 -6.75 2
      vertex 48.3094 -4.95 4
      vertex 47.1547 -4.95 2
    endloop
  endfacet
  facet normal -0.866026 0 0.5
    outer loop
      vertex 48.3094 -4.95 4
      vertex 47.1547 -6.75 2
      vertex 48.3094 -6.75 4
    endloop
  endfacet
  facet normal 0.866026 -0 0.5
    outer loop
      vertex 43.6906 -6.75 4
      vertex 44.8453 -4.95 2
      vertex 43.6906 -4.95 4
    endloop
  endfacet
  facet normal 0.866026 0 0.5
    outer loop
      vertex 44.8453 -4.95 2
      vertex 43.6906 -6.75 4
      vertex 44.8453 -6.75 2
    endloop
  endfacet
  facet normal -0 0 1
    outer loop
      vertex 44.8453 -4.95 2
      vertex 47.1547 -6.75 2
      vertex 47.1547 -4.95 2
    endloop
  endfacet
  facet normal 0 0 1
    outer loop
      vertex 47.1547 -6.75 2
      vertex 44.8453 -4.95 2
      vertex 44.8453 -6.75 2
    endloop
  endfacet
  facet normal 0 -1 0
    outer loop
      vertex 44.8453 -4.95 6
      vertex 46 -4.95 5.2
      vertex 47.1547 -4.95 6
    endloop
  endfacet
  facet normal 0 -1 0
    outer loop
      vertex 44.8453 -4.95 6
      vertex 45.8824 -4.95 5.19422
      vertex 46 -4.95 5.2
    endloop
  endfacet
  facet normal 0 -1 0
    outer loop
      vertex 44.8453 -4.95 6
      vertex 45.7659 -4.95 5.17694
      vertex 45.8824 -4.95 5.19422
    endloop
  endfacet
  facet normal 0 -1 0
    outer loop
      vertex 44.8453 -4.95 6
      vertex 45.6517 -4.95 5.14833
      vertex 45.7659 -4.95 5.17694
    endloop
  endfacet
  facet normal 0 -1 0
    outer loop
      vertex 44.8453 -4.95 6
      vertex 45.5408 -4.95 5.10866
      vertex 45.6517 -4.95 5.14833
    endloop
  endfacet
  facet normal 0 -1 0
    outer loop
      vertex 44.8453 -4.95 6
      vertex 45.4343 -4.95 5.05831
      vertex 45.5408 -4.95 5.10866
    endloop
  endfacet
  facet normal 0 -1 0
    outer loop
      vertex 44.8453 -4.95 6
      vertex 45.3333 -4.95 4.99776
      vertex 45.4343 -4.95 5.05831
    endloop
  endfacet
  facet normal 0 -1 0
    outer loop
      vertex 44.8453 -4.95 6
      vertex 45.2387 -4.95 4.92761
      vertex 45.3333 -4.95 4.99776
    endloop
  endfacet
  facet normal 0 -1 0
    outer loop
      vertex 44.8453 -4.95 6
      vertex 45.1515 -4.95 4.84853
      vertex 45.2387 -4.95 4.92761
    endloop
  endfacet
  facet normal 0 -1 0
    outer loop
      vertex 44.8453 -4.95 6
      vertex 45.0724 -4.95 4.76127
      vertex 45.1515 -4.95 4.84853
    endloop
  endfacet
  facet normal 0 -1 0
    outer loop
      vertex 44.8453 -4.95 6
      vertex 45.0022 -4.95 4.66669
      vertex 45.0724 -4.95 4.76127
    endloop
  endfacet
  facet normal 0 -1 0
    outer loop
      vertex 44.8453 -4.95 6
      vertex 44.9417 -4.95 4.56568
      vertex 45.0022 -4.95 4.66669
    endloop
  endfacet
  facet normal 0 -1 0
    outer loop
      vertex 43.6906 -4.95 4
      vertex 44.9417 -4.95 4.56568
      vertex 44.8453 -4.95 6
    endloop
  endfacet
  facet normal 0 -1 0
    outer loop
      vertex 44.9417 -4.95 4.56568
      vertex 43.6906 -4.95 4
      vertex 44.8913 -4.95 4.45922
    endloop
  endfacet
  facet normal 0 -1 0
    outer loop
      vertex 44.8913 -4.95 4.45922
      vertex 43.6906 -4.95 4
      vertex 44.8517 -4.95 4.34834
    endloop
  endfacet
  facet normal 0 -1 0
    outer loop
      vertex 44.8517 -4.95 4.34834
      vertex 43.6906 -4.95 4
      vertex 44.8231 -4.95 4.23411
    endloop
  endfacet
  facet normal 0 -1 0
    outer loop
      vertex 44.8231 -4.95 4.23411
      vertex 43.6906 -4.95 4
      vertex 44.8058 -4.95 4.11762
    endloop
  endfacet
  facet normal 0 -1 0
    outer loop
      vertex 43.6906 -4.95 4
      vertex 44.8 -4.95 4
      vertex 44.8058 -4.95 4.11762
    endloop
  endfacet
  facet normal 0 -1 0
    outer loop
      vertex 43.6906 -4.95 4
      vertex 44.8058 -4.95 3.88238
      vertex 44.8 -4.95 4
    endloop
  endfacet
  facet normal 0 -1 0
    outer loop
      vertex 43.6906 -4.95 4
      vertex 44.8231 -4.95 3.76589
      vertex 44.8058 -4.95 3.88238
    endloop
  endfacet
  facet normal 0 -1 0
    outer loop
      vertex 43.6906 -4.95 4
      vertex 44.8517 -4.95 3.65166
      vertex 44.8231 -4.95 3.76589
    endloop
  endfacet
  facet normal 0 -1 0
    outer loop
      vertex 43.6906 -4.95 4
      vertex 44.8913 -4.95 3.54078
      vertex 44.8517 -4.95 3.65166
    endloop
  endfacet
  facet normal 0 -1 0
    outer loop
      vertex 43.6906 -4.95 4
      vertex 44.9417 -4.95 3.43432
      vertex 44.8913 -4.95 3.54078
    endloop
  endfacet
  facet normal 0 -1 0
    outer loop
      vertex 44.8453 -4.95 2
      vertex 44.9417 -4.95 3.43432
      vertex 43.6906 -4.95 4
    endloop
  endfacet
  facet normal 0 -1 -0
    outer loop
      vertex 44.9417 -4.95 3.43432
      vertex 44.8453 -4.95 2
      vertex 45.0022 -4.95 3.33332
    endloop
  endfacet
  facet normal 0 -1 -0
    outer loop
      vertex 45.0022 -4.95 3.33332
      vertex 44.8453 -4.95 2
      vertex 45.0724 -4.95 3.23873
    endloop
  endfacet
  facet normal 0 -1 -0
    outer loop
      vertex 45.0724 -4.95 3.23873
      vertex 44.8453 -4.95 2
      vertex 45.1515 -4.95 3.15147
    endloop
  endfacet
  facet normal 0 -1 -0
    outer loop
      vertex 45.1515 -4.95 3.15147
      vertex 44.8453 -4.95 2
      vertex 45.2387 -4.95 3.07239
    endloop
  endfacet
  facet normal 0 -1 -0
    outer loop
      vertex 45.8824 -4.95 2.80578
      vertex 44.8453 -4.95 2
      vertex 46 -4.95 2.8
    endloop
  endfacet
  facet normal 0 -1 -0
    outer loop
      vertex 45.7659 -4.95 2.82306
      vertex 44.8453 -4.95 2
      vertex 45.8824 -4.95 2.80578
    endloop
  endfacet
  facet normal 0 -1 -0
    outer loop
      vertex 45.6517 -4.95 2.85167
      vertex 44.8453 -4.95 2
      vertex 45.7659 -4.95 2.82306
    endloop
  endfacet
  facet normal 0 -1 -0
    outer loop
      vertex 45.5408 -4.95 2.89135
      vertex 44.8453 -4.95 2
      vertex 45.6517 -4.95 2.85167
    endloop
  endfacet
  facet normal 0 -1 -0
    outer loop
      vertex 45.4343 -4.95 2.9417
      vertex 44.8453 -4.95 2
      vertex 45.5408 -4.95 2.89135
    endloop
  endfacet
  facet normal 0 -1 -0
    outer loop
      vertex 45.3333 -4.95 3.00224
      vertex 44.8453 -4.95 2
      vertex 45.4343 -4.95 2.9417
    endloop
  endfacet
  facet normal 0 -1 -0
    outer loop
      vertex 45.2387 -4.95 3.07239
      vertex 44.8453 -4.95 2
      vertex 45.3333 -4.95 3.00224
    endloop
  endfacet
  facet normal 0 -1 0
    outer loop
      vertex 46.1176 -4.95 5.19422
      vertex 47.1547 -4.95 6
      vertex 46 -4.95 5.2
    endloop
  endfacet
  facet normal 0 -1 0
    outer loop
      vertex 46.2341 -4.95 5.17694
      vertex 47.1547 -4.95 6
      vertex 46.1176 -4.95 5.19422
    endloop
  endfacet
  facet normal 0 -1 0
    outer loop
      vertex 46.3483 -4.95 5.14833
      vertex 47.1547 -4.95 6
      vertex 46.2341 -4.95 5.17694
    endloop
  endfacet
  facet normal 0 -1 0
    outer loop
      vertex 46.4592 -4.95 5.10866
      vertex 47.1547 -4.95 6
      vertex 46.3483 -4.95 5.14833
    endloop
  endfacet
  facet normal 0 -1 0
    outer loop
      vertex 46.5657 -4.95 5.05831
      vertex 47.1547 -4.95 6
      vertex 46.4592 -4.95 5.10866
    endloop
  endfacet
  facet normal 0 -1 0
    outer loop
      vertex 46.6667 -4.95 4.99776
      vertex 47.1547 -4.95 6
      vertex 46.5657 -4.95 5.05831
    endloop
  endfacet
  facet normal 0 -1 0
    outer loop
      vertex 46.7613 -4.95 4.92761
      vertex 47.1547 -4.95 6
      vertex 46.6667 -4.95 4.99776
    endloop
  endfacet
  facet normal 0 -1 0
    outer loop
      vertex 46.8485 -4.95 4.84853
      vertex 47.1547 -4.95 6
      vertex 46.7613 -4.95 4.92761
    endloop
  endfacet
  facet normal 0 -1 0
    outer loop
      vertex 46.9276 -4.95 4.76127
      vertex 47.1547 -4.95 6
      vertex 46.8485 -4.95 4.84853
    endloop
  endfacet
  facet normal 0 -1 0
    outer loop
      vertex 46.9978 -4.95 4.66669
      vertex 47.1547 -4.95 6
      vertex 46.9276 -4.95 4.76127
    endloop
  endfacet
  facet normal 0 -1 0
    outer loop
      vertex 47.0583 -4.95 4.56568
      vertex 47.1547 -4.95 6
      vertex 46.9978 -4.95 4.66669
    endloop
  endfacet
  facet normal 0 -1 0
    outer loop
      vertex 48.3094 -4.95 4
      vertex 47.0583 -4.95 4.56568
      vertex 47.1087 -4.95 4.45922
    endloop
  endfacet
  facet normal 0 -1 0
    outer loop
      vertex 48.3094 -4.95 4
      vertex 47.1087 -4.95 4.45922
      vertex 47.1483 -4.95 4.34834
    endloop
  endfacet
  facet normal 0 -1 0
    outer loop
      vertex 48.3094 -4.95 4
      vertex 47.1483 -4.95 4.34834
      vertex 47.1769 -4.95 4.23411
    endloop
  endfacet
  facet normal 0 -1 0
    outer loop
      vertex 48.3094 -4.95 4
      vertex 47.1769 -4.95 4.23411
      vertex 47.1942 -4.95 4.11762
    endloop
  endfacet
  facet normal 0 -1 0
    outer loop
      vertex 48.3094 -4.95 4
      vertex 47.1942 -4.95 4.11762
      vertex 47.2 -4.95 4
    endloop
  endfacet
  facet normal 0 -1 0
    outer loop
      vertex 47.0583 -4.95 4.56568
      vertex 48.3094 -4.95 4
      vertex 47.1547 -4.95 6
    endloop
  endfacet
  facet normal 0 -1 0
    outer loop
      vertex 47.1942 -4.95 3.88238
      vertex 48.3094 -4.95 4
      vertex 47.2 -4.95 4
    endloop
  endfacet
  facet normal 0 -1 0
    outer loop
      vertex 47.1769 -4.95 3.76589
      vertex 48.3094 -4.95 4
      vertex 47.1942 -4.95 3.88238
    endloop
  endfacet
  facet normal 0 -1 0
    outer loop
      vertex 47.1483 -4.95 3.65166
      vertex 48.3094 -4.95 4
      vertex 47.1769 -4.95 3.76589
    endloop
  endfacet
  facet normal 0 -1 0
    outer loop
      vertex 47.1087 -4.95 3.54078
      vertex 48.3094 -4.95 4
      vertex 47.1483 -4.95 3.65166
    endloop
  endfacet
  facet normal 0 -1 0
    outer loop
      vertex 47.0583 -4.95 3.43432
      vertex 48.3094 -4.95 4
      vertex 47.1087 -4.95 3.54078
    endloop
  endfacet
  facet normal 0 -1 0
    outer loop
      vertex 47.1547 -4.95 2
      vertex 47.0583 -4.95 3.43432
      vertex 46.9978 -4.95 3.33332
    endloop
  endfacet
  facet normal 0 -1 0
    outer loop
      vertex 47.1547 -4.95 2
      vertex 46.9978 -4.95 3.33332
      vertex 46.9276 -4.95 3.23873
    endloop
  endfacet
  facet normal 0 -1 0
    outer loop
      vertex 47.1547 -4.95 2
      vertex 46.9276 -4.95 3.23873
      vertex 46.8485 -4.95 3.15147
    endloop
  endfacet
  facet normal 0 -1 0
    outer loop
      vertex 47.1547 -4.95 2
      vertex 46.8485 -4.95 3.15147
      vertex 46.7613 -4.95 3.07239
    endloop
  endfacet
  facet normal 0 -1 0
    outer loop
      vertex 47.1547 -4.95 2
      vertex 46.7613 -4.95 3.07239
      vertex 46.6667 -4.95 3.00224
    endloop
  endfacet
  facet normal 0 -1 0
    outer loop
      vertex 47.1547 -4.95 2
      vertex 46 -4.95 2.8
      vertex 44.8453 -4.95 2
    endloop
  endfacet
  facet normal 0 -1 0
    outer loop
      vertex 46 -4.95 2.8
      vertex 47.1547 -4.95 2
      vertex 46.1176 -4.95 2.80578
    endloop
  endfacet
  facet normal 0 -1 0
    outer loop
      vertex 46.1176 -4.95 2.80578
      vertex 47.1547 -4.95 2
      vertex 46.2341 -4.95 2.82306
    endloop
  endfacet
  facet normal 0 -1 0
    outer loop
      vertex 46.2341 -4.95 2.82306
      vertex 47.1547 -4.95 2
      vertex 46.3483 -4.95 2.85167
    endloop
  endfacet
  facet normal 0 -1 0
    outer loop
      vertex 46.3483 -4.95 2.85167
      vertex 47.1547 -4.95 2
      vertex 46.4592 -4.95 2.89135
    endloop
  endfacet
  facet normal 0 -1 0
    outer loop
      vertex 47.0583 -4.95 3.43432
      vertex 47.1547 -4.95 2
      vertex 48.3094 -4.95 4
    endloop
  endfacet
  facet normal 0 -1 0
    outer loop
      vertex 46.5657 -4.95 2.9417
      vertex 47.1547 -4.95 2
      vertex 46.6667 -4.95 3.00224
    endloop
  endfacet
  facet normal 0 -1 0
    outer loop
      vertex 46.4592 -4.95 2.89135
      vertex 47.1547 -4.95 2
      vertex 46.5657 -4.95 2.9417
    endloop
  endfacet
  facet normal 0 0 -1
    outer loop
      vertex 44.8453 -6.75 6
      vertex 47.1547 -4.95 6
      vertex 47.1547 -6.75 6
    endloop
  endfacet
  facet normal -0 0 -1
    outer loop
      vertex 47.1547 -4.95 6
      vertex 44.8453 -6.75 6
      vertex 44.8453 -4.95 6
    endloop
  endfacet
  facet normal 0.866026 0 -0.5
    outer loop
      vertex 44.8453 -6.75 6
      vertex 43.6906 -4.95 4
      vertex 44.8453 -4.95 6
    endloop
  endfacet
  facet normal 0.866026 0 -0.5
    outer loop
      vertex 43.6906 -4.95 4
      vertex 44.8453 -6.75 6
      vertex 43.6906 -6.75 4
    endloop
  endfacet
  facet normal -0.866026 0 -0.5
    outer loop
      vertex 48.3094 -6.75 4
      vertex 47.1547 -4.95 6
      vertex 48.3094 -4.95 4
    endloop
  endfacet
  facet normal -0.866026 -0 -0.5
    outer loop
      vertex 47.1547 -4.95 6
      vertex 48.3094 -6.75 4
      vertex 47.1547 -6.75 6
    endloop
  endfacet
  facet normal -0.866026 0 0.5
    outer loop
      vertex 67.1547 -6.75 2
      vertex 68.3094 -4.95 4
      vertex 67.1547 -4.95 2
    endloop
  endfacet
  facet normal -0.866026 0 0.5
    outer loop
      vertex 68.3094 -4.95 4
      vertex 67.1547 -6.75 2
      vertex 68.3094 -6.75 4
    endloop
  endfacet
  facet normal 0.866026 -0 0.5
    outer loop
      vertex 63.6906 -6.75 4
      vertex 64.8453 -4.95 2
      vertex 63.6906 -4.95 4
    endloop
  endfacet
  facet normal 0.866026 0 0.5
    outer loop
      vertex 64.8453 -4.95 2
      vertex 63.6906 -6.75 4
      vertex 64.8453 -6.75 2
    endloop
  endfacet
  facet normal -0 0 1
    outer loop
      vertex 64.8453 -4.95 2
      vertex 67.1547 -6.75 2
      vertex 67.1547 -4.95 2
    endloop
  endfacet
  facet normal 0 0 1
    outer loop
      vertex 67.1547 -6.75 2
      vertex 64.8453 -4.95 2
      vertex 64.8453 -6.75 2
    endloop
  endfacet
  facet normal 0.866026 0 -0.5
    outer loop
      vertex 64.8453 -6.75 6
      vertex 63.6906 -4.95 4
      vertex 64.8453 -4.95 6
    endloop
  endfacet
  facet normal 0.866026 0 -0.5
    outer loop
      vertex 63.6906 -4.95 4
      vertex 64.8453 -6.75 6
      vertex 63.6906 -6.75 4
    endloop
  endfacet
  facet normal 0 -1 0
    outer loop
      vertex 64.8453 -4.95 6
      vertex 66 -4.95 5.2
      vertex 67.1547 -4.95 6
    endloop
  endfacet
  facet normal 0 -1 0
    outer loop
      vertex 64.8453 -4.95 6
      vertex 65.8824 -4.95 5.19422
      vertex 66 -4.95 5.2
    endloop
  endfacet
  facet normal 0 -1 0
    outer loop
      vertex 64.8453 -4.95 6
      vertex 65.7659 -4.95 5.17694
      vertex 65.8824 -4.95 5.19422
    endloop
  endfacet
  facet normal 0 -1 0
    outer loop
      vertex 64.8453 -4.95 6
      vertex 65.6517 -4.95 5.14833
      vertex 65.7659 -4.95 5.17694
    endloop
  endfacet
  facet normal 0 -1 0
    outer loop
      vertex 64.8453 -4.95 6
      vertex 65.5408 -4.95 5.10866
      vertex 65.6517 -4.95 5.14833
    endloop
  endfacet
  facet normal 0 -1 0
    outer loop
      vertex 64.8453 -4.95 6
      vertex 65.4343 -4.95 5.05831
      vertex 65.5408 -4.95 5.10866
    endloop
  endfacet
  facet normal 0 -1 0
    outer loop
      vertex 64.8453 -4.95 6
      vertex 65.3333 -4.95 4.99776
      vertex 65.4343 -4.95 5.05831
    endloop
  endfacet
  facet normal 0 -1 0
    outer loop
      vertex 64.8453 -4.95 6
      vertex 65.2387 -4.95 4.92761
      vertex 65.3333 -4.95 4.99776
    endloop
  endfacet
  facet normal 0 -1 0
    outer loop
      vertex 64.8453 -4.95 6
      vertex 65.1515 -4.95 4.84853
      vertex 65.2387 -4.95 4.92761
    endloop
  endfacet
  facet normal 0 -1 0
    outer loop
      vertex 64.8453 -4.95 6
      vertex 65.0724 -4.95 4.76127
      vertex 65.1515 -4.95 4.84853
    endloop
  endfacet
  facet normal 0 -1 0
    outer loop
      vertex 64.8453 -4.95 6
      vertex 65.0022 -4.95 4.66669
      vertex 65.0724 -4.95 4.76127
    endloop
  endfacet
  facet normal 0 -1 0
    outer loop
      vertex 64.8453 -4.95 6
      vertex 64.9417 -4.95 4.56568
      vertex 65.0022 -4.95 4.66669
    endloop
  endfacet
  facet normal 0 -1 0
    outer loop
      vertex 63.6906 -4.95 4
      vertex 64.9417 -4.95 4.56568
      vertex 64.8453 -4.95 6
    endloop
  endfacet
  facet normal 0 -1 0
    outer loop
      vertex 64.9417 -4.95 4.56568
      vertex 63.6906 -4.95 4
      vertex 64.8913 -4.95 4.45922
    endloop
  endfacet
  facet normal 0 -1 0
    outer loop
      vertex 64.8913 -4.95 4.45922
      vertex 63.6906 -4.95 4
      vertex 64.8517 -4.95 4.34834
    endloop
  endfacet
  facet normal 0 -1 0
    outer loop
      vertex 64.8517 -4.95 4.34834
      vertex 63.6906 -4.95 4
      vertex 64.8231 -4.95 4.23411
    endloop
  endfacet
  facet normal 0 -1 0
    outer loop
      vertex 64.8231 -4.95 4.23411
      vertex 63.6906 -4.95 4
      vertex 64.8058 -4.95 4.11762
    endloop
  endfacet
  facet normal 0 -1 0
    outer loop
      vertex 63.6906 -4.95 4
      vertex 64.8 -4.95 4
      vertex 64.8058 -4.95 4.11762
    endloop
  endfacet
  facet normal 0 -1 0
    outer loop
      vertex 63.6906 -4.95 4
      vertex 64.8058 -4.95 3.88238
      vertex 64.8 -4.95 4
    endloop
  endfacet
  facet normal 0 -1 0
    outer loop
      vertex 63.6906 -4.95 4
      vertex 64.8231 -4.95 3.76589
      vertex 64.8058 -4.95 3.88238
    endloop
  endfacet
  facet normal 0 -1 0
    outer loop
      vertex 63.6906 -4.95 4
      vertex 64.8517 -4.95 3.65166
      vertex 64.8231 -4.95 3.76589
    endloop
  endfacet
  facet normal 0 -1 0
    outer loop
      vertex 63.6906 -4.95 4
      vertex 64.8913 -4.95 3.54078
      vertex 64.8517 -4.95 3.65166
    endloop
  endfacet
  facet normal 0 -1 0
    outer loop
      vertex 63.6906 -4.95 4
      vertex 64.9417 -4.95 3.43432
      vertex 64.8913 -4.95 3.54078
    endloop
  endfacet
  facet normal 0 -1 0
    outer loop
      vertex 64.8453 -4.95 2
      vertex 64.9417 -4.95 3.43432
      vertex 63.6906 -4.95 4
    endloop
  endfacet
  facet normal 0 -1 -0
    outer loop
      vertex 64.9417 -4.95 3.43432
      vertex 64.8453 -4.95 2
      vertex 65.0022 -4.95 3.33332
    endloop
  endfacet
  facet normal 0 -1 -0
    outer loop
      vertex 65.0022 -4.95 3.33332
      vertex 64.8453 -4.95 2
      vertex 65.0724 -4.95 3.23873
    endloop
  endfacet
  facet normal 0 -1 -0
    outer loop
      vertex 65.0724 -4.95 3.23873
      vertex 64.8453 -4.95 2
      vertex 65.1515 -4.95 3.15147
    endloop
  endfacet
  facet normal 0 -1 -0
    outer loop
      vertex 65.1515 -4.95 3.15147
      vertex 64.8453 -4.95 2
      vertex 65.2387 -4.95 3.07239
    endloop
  endfacet
  facet normal 0 -1 -0
    outer loop
      vertex 65.8824 -4.95 2.80578
      vertex 64.8453 -4.95 2
      vertex 66 -4.95 2.8
    endloop
  endfacet
  facet normal 0 -1 -0
    outer loop
      vertex 65.7659 -4.95 2.82306
      vertex 64.8453 -4.95 2
      vertex 65.8824 -4.95 2.80578
    endloop
  endfacet
  facet normal 0 -1 -0
    outer loop
      vertex 65.6517 -4.95 2.85167
      vertex 64.8453 -4.95 2
      vertex 65.7659 -4.95 2.82306
    endloop
  endfacet
  facet normal 0 -1 -0
    outer loop
      vertex 65.5408 -4.95 2.89135
      vertex 64.8453 -4.95 2
      vertex 65.6517 -4.95 2.85167
    endloop
  endfacet
  facet normal 0 -1 -0
    outer loop
      vertex 65.4343 -4.95 2.9417
      vertex 64.8453 -4.95 2
      vertex 65.5408 -4.95 2.89135
    endloop
  endfacet
  facet normal 0 -1 -0
    outer loop
      vertex 65.3333 -4.95 3.00224
      vertex 64.8453 -4.95 2
      vertex 65.4343 -4.95 2.9417
    endloop
  endfacet
  facet normal 0 -1 -0
    outer loop
      vertex 65.2387 -4.95 3.07239
      vertex 64.8453 -4.95 2
      vertex 65.3333 -4.95 3.00224
    endloop
  endfacet
  facet normal 0 -1 0
    outer loop
      vertex 66.1176 -4.95 5.19422
      vertex 67.1547 -4.95 6
      vertex 66 -4.95 5.2
    endloop
  endfacet
  facet normal 0 -1 0
    outer loop
      vertex 66.2341 -4.95 5.17694
      vertex 67.1547 -4.95 6
      vertex 66.1176 -4.95 5.19422
    endloop
  endfacet
  facet normal 0 -1 0
    outer loop
      vertex 66.3483 -4.95 5.14833
      vertex 67.1547 -4.95 6
      vertex 66.2341 -4.95 5.17694
    endloop
  endfacet
  facet normal 0 -1 0
    outer loop
      vertex 66.4592 -4.95 5.10866
      vertex 67.1547 -4.95 6
      vertex 66.3483 -4.95 5.14833
    endloop
  endfacet
  facet normal 0 -1 0
    outer loop
      vertex 66.5657 -4.95 5.05831
      vertex 67.1547 -4.95 6
      vertex 66.4592 -4.95 5.10866
    endloop
  endfacet
  facet normal 0 -1 0
    outer loop
      vertex 66.6667 -4.95 4.99776
      vertex 67.1547 -4.95 6
      vertex 66.5657 -4.95 5.05831
    endloop
  endfacet
  facet normal 0 -1 0
    outer loop
      vertex 66.7613 -4.95 4.92761
      vertex 67.1547 -4.95 6
      vertex 66.6667 -4.95 4.99776
    endloop
  endfacet
  facet normal 0 -1 0
    outer loop
      vertex 66.8485 -4.95 4.84853
      vertex 67.1547 -4.95 6
      vertex 66.7613 -4.95 4.92761
    endloop
  endfacet
  facet normal 0 -1 0
    outer loop
      vertex 66.9276 -4.95 4.76127
      vertex 67.1547 -4.95 6
      vertex 66.8485 -4.95 4.84853
    endloop
  endfacet
  facet normal 0 -1 0
    outer loop
      vertex 66.9978 -4.95 4.66669
      vertex 67.1547 -4.95 6
      vertex 66.9276 -4.95 4.76127
    endloop
  endfacet
  facet normal 0 -1 0
    outer loop
      vertex 67.0583 -4.95 4.56568
      vertex 67.1547 -4.95 6
      vertex 66.9978 -4.95 4.66669
    endloop
  endfacet
  facet normal 0 -1 0
    outer loop
      vertex 68.3094 -4.95 4
      vertex 67.0583 -4.95 4.56568
      vertex 67.1087 -4.95 4.45922
    endloop
  endfacet
  facet normal 0 -1 0
    outer loop
      vertex 68.3094 -4.95 4
      vertex 67.1087 -4.95 4.45922
      vertex 67.1483 -4.95 4.34834
    endloop
  endfacet
  facet normal 0 -1 0
    outer loop
      vertex 68.3094 -4.95 4
      vertex 67.1483 -4.95 4.34834
      vertex 67.1769 -4.95 4.23411
    endloop
  endfacet
  facet normal 0 -1 0
    outer loop
      vertex 68.3094 -4.95 4
      vertex 67.1769 -4.95 4.23411
      vertex 67.1942 -4.95 4.11762
    endloop
  endfacet
  facet normal 0 -1 0
    outer loop
      vertex 68.3094 -4.95 4
      vertex 67.1942 -4.95 4.11762
      vertex 67.2 -4.95 4
    endloop
  endfacet
  facet normal 0 -1 0
    outer loop
      vertex 67.0583 -4.95 4.56568
      vertex 68.3094 -4.95 4
      vertex 67.1547 -4.95 6
    endloop
  endfacet
  facet normal 0 -1 0
    outer loop
      vertex 67.1942 -4.95 3.88238
      vertex 68.3094 -4.95 4
      vertex 67.2 -4.95 4
    endloop
  endfacet
  facet normal 0 -1 0
    outer loop
      vertex 67.1769 -4.95 3.76589
      vertex 68.3094 -4.95 4
      vertex 67.1942 -4.95 3.88238
    endloop
  endfacet
  facet normal 0 -1 0
    outer loop
      vertex 67.1483 -4.95 3.65166
      vertex 68.3094 -4.95 4
      vertex 67.1769 -4.95 3.76589
    endloop
  endfacet
  facet normal 0 -1 0
    outer loop
      vertex 67.1087 -4.95 3.54078
      vertex 68.3094 -4.95 4
      vertex 67.1483 -4.95 3.65166
    endloop
  endfacet
  facet normal 0 -1 0
    outer loop
      vertex 67.0583 -4.95 3.43432
      vertex 68.3094 -4.95 4
      vertex 67.1087 -4.95 3.54078
    endloop
  endfacet
  facet normal 0 -1 0
    outer loop
      vertex 67.1547 -4.95 2
      vertex 67.0583 -4.95 3.43432
      vertex 66.9978 -4.95 3.33332
    endloop
  endfacet
  facet normal 0 -1 0
    outer loop
      vertex 67.1547 -4.95 2
      vertex 66.9978 -4.95 3.33332
      vertex 66.9276 -4.95 3.23873
    endloop
  endfacet
  facet normal 0 -1 0
    outer loop
      vertex 67.1547 -4.95 2
      vertex 66.9276 -4.95 3.23873
      vertex 66.8485 -4.95 3.15147
    endloop
  endfacet
  facet normal 0 -1 0
    outer loop
      vertex 67.1547 -4.95 2
      vertex 66.8485 -4.95 3.15147
      vertex 66.7613 -4.95 3.07239
    endloop
  endfacet
  facet normal 0 -1 0
    outer loop
      vertex 67.1547 -4.95 2
      vertex 66.7613 -4.95 3.07239
      vertex 66.6667 -4.95 3.00224
    endloop
  endfacet
  facet normal 0 -1 0
    outer loop
      vertex 67.1547 -4.95 2
      vertex 66 -4.95 2.8
      vertex 64.8453 -4.95 2
    endloop
  endfacet
  facet normal 0 -1 0
    outer loop
      vertex 66 -4.95 2.8
      vertex 67.1547 -4.95 2
      vertex 66.1176 -4.95 2.80578
    endloop
  endfacet
  facet normal 0 -1 0
    outer loop
      vertex 66.1176 -4.95 2.80578
      vertex 67.1547 -4.95 2
      vertex 66.2341 -4.95 2.82306
    endloop
  endfacet
  facet normal 0 -1 0
    outer loop
      vertex 66.2341 -4.95 2.82306
      vertex 67.1547 -4.95 2
      vertex 66.3483 -4.95 2.85167
    endloop
  endfacet
  facet normal 0 -1 0
    outer loop
      vertex 66.3483 -4.95 2.85167
      vertex 67.1547 -4.95 2
      vertex 66.4592 -4.95 2.89135
    endloop
  endfacet
  facet normal 0 -1 0
    outer loop
      vertex 67.0583 -4.95 3.43432
      vertex 67.1547 -4.95 2
      vertex 68.3094 -4.95 4
    endloop
  endfacet
  facet normal 0 -1 0
    outer loop
      vertex 66.5657 -4.95 2.9417
      vertex 67.1547 -4.95 2
      vertex 66.6667 -4.95 3.00224
    endloop
  endfacet
  facet normal 0 -1 0
    outer loop
      vertex 66.4592 -4.95 2.89135
      vertex 67.1547 -4.95 2
      vertex 66.5657 -4.95 2.9417
    endloop
  endfacet
  facet normal -0.866026 0 -0.5
    outer loop
      vertex 68.3094 -6.75 4
      vertex 67.1547 -4.95 6
      vertex 68.3094 -4.95 4
    endloop
  endfacet
  facet normal -0.866026 -0 -0.5
    outer loop
      vertex 67.1547 -4.95 6
      vertex 68.3094 -6.75 4
      vertex 67.1547 -6.75 6
    endloop
  endfacet
  facet normal 0 0 -1
    outer loop
      vertex 64.8453 -6.75 6
      vertex 67.1547 -4.95 6
      vertex 67.1547 -6.75 6
    endloop
  endfacet
  facet normal -0 0 -1
    outer loop
      vertex 67.1547 -4.95 6
      vertex 64.8453 -6.75 6
      vertex 64.8453 -4.95 6
    endloop
  endfacet
  facet normal -0.866026 0 0.5
    outer loop
      vertex 57.1547 -6.75 32
      vertex 58.3094 -4.95 34
      vertex 57.1547 -4.95 32
    endloop
  endfacet
  facet normal -0.866026 0 0.5
    outer loop
      vertex 58.3094 -4.95 34
      vertex 57.1547 -6.75 32
      vertex 58.3094 -6.75 34
    endloop
  endfacet
  facet normal 0.866026 -0 0.5
    outer loop
      vertex 53.6906 -6.75 34
      vertex 54.8453 -4.95 32
      vertex 53.6906 -4.95 34
    endloop
  endfacet
  facet normal 0.866026 0 0.5
    outer loop
      vertex 54.8453 -4.95 32
      vertex 53.6906 -6.75 34
      vertex 54.8453 -6.75 32
    endloop
  endfacet
  facet normal -0 0 1
    outer loop
      vertex 54.8453 -4.95 32
      vertex 57.1547 -6.75 32
      vertex 57.1547 -4.95 32
    endloop
  endfacet
  facet normal 0 0 1
    outer loop
      vertex 57.1547 -6.75 32
      vertex 54.8453 -4.95 32
      vertex 54.8453 -6.75 32
    endloop
  endfacet
  facet normal 0 -1 0
    outer loop
      vertex 54.8453 -4.95 36
      vertex 56 -4.95 35.2
      vertex 57.1547 -4.95 36
    endloop
  endfacet
  facet normal 0 -1 0
    outer loop
      vertex 54.8453 -4.95 36
      vertex 55.8824 -4.95 35.1942
      vertex 56 -4.95 35.2
    endloop
  endfacet
  facet normal 0 -1 0
    outer loop
      vertex 54.8453 -4.95 36
      vertex 55.7659 -4.95 35.1769
      vertex 55.8824 -4.95 35.1942
    endloop
  endfacet
  facet normal 0 -1 0
    outer loop
      vertex 54.8453 -4.95 36
      vertex 55.6517 -4.95 35.1483
      vertex 55.7659 -4.95 35.1769
    endloop
  endfacet
  facet normal 0 -1 0
    outer loop
      vertex 54.8453 -4.95 36
      vertex 55.5408 -4.95 35.1087
      vertex 55.6517 -4.95 35.1483
    endloop
  endfacet
  facet normal 0 -1 0
    outer loop
      vertex 54.8453 -4.95 36
      vertex 55.4343 -4.95 35.0583
      vertex 55.5408 -4.95 35.1087
    endloop
  endfacet
  facet normal 0 -1 0
    outer loop
      vertex 54.8453 -4.95 36
      vertex 55.3333 -4.95 34.9978
      vertex 55.4343 -4.95 35.0583
    endloop
  endfacet
  facet normal 0 -1 0
    outer loop
      vertex 54.8453 -4.95 36
      vertex 55.2387 -4.95 34.9276
      vertex 55.3333 -4.95 34.9978
    endloop
  endfacet
  facet normal 0 -1 0
    outer loop
      vertex 54.8453 -4.95 36
      vertex 55.1515 -4.95 34.8485
      vertex 55.2387 -4.95 34.9276
    endloop
  endfacet
  facet normal 0 -1 0
    outer loop
      vertex 54.8453 -4.95 36
      vertex 55.0724 -4.95 34.7613
      vertex 55.1515 -4.95 34.8485
    endloop
  endfacet
  facet normal 0 -1 0
    outer loop
      vertex 54.8453 -4.95 36
      vertex 55.0022 -4.95 34.6667
      vertex 55.0724 -4.95 34.7613
    endloop
  endfacet
  facet normal 0 -1 0
    outer loop
      vertex 54.8453 -4.95 36
      vertex 54.9417 -4.95 34.5657
      vertex 55.0022 -4.95 34.6667
    endloop
  endfacet
  facet normal 0 -1 0
    outer loop
      vertex 53.6906 -4.95 34
      vertex 54.9417 -4.95 34.5657
      vertex 54.8453 -4.95 36
    endloop
  endfacet
  facet normal 0 -1 0
    outer loop
      vertex 54.9417 -4.95 34.5657
      vertex 53.6906 -4.95 34
      vertex 54.8913 -4.95 34.4592
    endloop
  endfacet
  facet normal 0 -1 0
    outer loop
      vertex 54.8913 -4.95 34.4592
      vertex 53.6906 -4.95 34
      vertex 54.8517 -4.95 34.3483
    endloop
  endfacet
  facet normal 0 -1 0
    outer loop
      vertex 54.8517 -4.95 34.3483
      vertex 53.6906 -4.95 34
      vertex 54.8231 -4.95 34.2341
    endloop
  endfacet
  facet normal 0 -1 0
    outer loop
      vertex 54.8231 -4.95 34.2341
      vertex 53.6906 -4.95 34
      vertex 54.8058 -4.95 34.1176
    endloop
  endfacet
  facet normal 0 -1 0
    outer loop
      vertex 53.6906 -4.95 34
      vertex 54.8 -4.95 34
      vertex 54.8058 -4.95 34.1176
    endloop
  endfacet
  facet normal 0 -1 0
    outer loop
      vertex 53.6906 -4.95 34
      vertex 54.8058 -4.95 33.8824
      vertex 54.8 -4.95 34
    endloop
  endfacet
  facet normal 0 -1 0
    outer loop
      vertex 53.6906 -4.95 34
      vertex 54.8231 -4.95 33.7659
      vertex 54.8058 -4.95 33.8824
    endloop
  endfacet
  facet normal 0 -1 0
    outer loop
      vertex 53.6906 -4.95 34
      vertex 54.8517 -4.95 33.6517
      vertex 54.8231 -4.95 33.7659
    endloop
  endfacet
  facet normal 0 -1 0
    outer loop
      vertex 53.6906 -4.95 34
      vertex 54.8913 -4.95 33.5408
      vertex 54.8517 -4.95 33.6517
    endloop
  endfacet
  facet normal 0 -1 0
    outer loop
      vertex 53.6906 -4.95 34
      vertex 54.9417 -4.95 33.4343
      vertex 54.8913 -4.95 33.5408
    endloop
  endfacet
  facet normal 0 -1 0
    outer loop
      vertex 54.8453 -4.95 32
      vertex 54.9417 -4.95 33.4343
      vertex 53.6906 -4.95 34
    endloop
  endfacet
  facet normal 0 -1 -0
    outer loop
      vertex 54.9417 -4.95 33.4343
      vertex 54.8453 -4.95 32
      vertex 55.0022 -4.95 33.3333
    endloop
  endfacet
  facet normal 0 -1 -0
    outer loop
      vertex 55.0022 -4.95 33.3333
      vertex 54.8453 -4.95 32
      vertex 55.0724 -4.95 33.2387
    endloop
  endfacet
  facet normal 0 -1 -0
    outer loop
      vertex 55.0724 -4.95 33.2387
      vertex 54.8453 -4.95 32
      vertex 55.1515 -4.95 33.1515
    endloop
  endfacet
  facet normal 0 -1 -0
    outer loop
      vertex 55.1515 -4.95 33.1515
      vertex 54.8453 -4.95 32
      vertex 55.2387 -4.95 33.0724
    endloop
  endfacet
  facet normal 0 -1 -0
    outer loop
      vertex 55.8824 -4.95 32.8058
      vertex 54.8453 -4.95 32
      vertex 56 -4.95 32.8
    endloop
  endfacet
  facet normal 0 -1 -0
    outer loop
      vertex 55.7659 -4.95 32.8231
      vertex 54.8453 -4.95 32
      vertex 55.8824 -4.95 32.8058
    endloop
  endfacet
  facet normal 0 -1 -0
    outer loop
      vertex 55.6517 -4.95 32.8517
      vertex 54.8453 -4.95 32
      vertex 55.7659 -4.95 32.8231
    endloop
  endfacet
  facet normal 0 -1 -0
    outer loop
      vertex 55.5408 -4.95 32.8913
      vertex 54.8453 -4.95 32
      vertex 55.6517 -4.95 32.8517
    endloop
  endfacet
  facet normal 0 -1 -0
    outer loop
      vertex 55.4343 -4.95 32.9417
      vertex 54.8453 -4.95 32
      vertex 55.5408 -4.95 32.8913
    endloop
  endfacet
  facet normal 0 -1 -0
    outer loop
      vertex 55.3333 -4.95 33.0022
      vertex 54.8453 -4.95 32
      vertex 55.4343 -4.95 32.9417
    endloop
  endfacet
  facet normal 0 -1 -0
    outer loop
      vertex 55.2387 -4.95 33.0724
      vertex 54.8453 -4.95 32
      vertex 55.3333 -4.95 33.0022
    endloop
  endfacet
  facet normal 0 -1 0
    outer loop
      vertex 56.1176 -4.95 35.1942
      vertex 57.1547 -4.95 36
      vertex 56 -4.95 35.2
    endloop
  endfacet
  facet normal 0 -1 0
    outer loop
      vertex 56.2341 -4.95 35.1769
      vertex 57.1547 -4.95 36
      vertex 56.1176 -4.95 35.1942
    endloop
  endfacet
  facet normal 0 -1 0
    outer loop
      vertex 56.3483 -4.95 35.1483
      vertex 57.1547 -4.95 36
      vertex 56.2341 -4.95 35.1769
    endloop
  endfacet
  facet normal 0 -1 0
    outer loop
      vertex 56.4592 -4.95 35.1087
      vertex 57.1547 -4.95 36
      vertex 56.3483 -4.95 35.1483
    endloop
  endfacet
  facet normal 0 -1 0
    outer loop
      vertex 56.5657 -4.95 35.0583
      vertex 57.1547 -4.95 36
      vertex 56.4592 -4.95 35.1087
    endloop
  endfacet
  facet normal 0 -1 0
    outer loop
      vertex 56.6667 -4.95 34.9978
      vertex 57.1547 -4.95 36
      vertex 56.5657 -4.95 35.0583
    endloop
  endfacet
  facet normal 0 -1 0
    outer loop
      vertex 56.7613 -4.95 34.9276
      vertex 57.1547 -4.95 36
      vertex 56.6667 -4.95 34.9978
    endloop
  endfacet
  facet normal 0 -1 0
    outer loop
      vertex 56.8485 -4.95 34.8485
      vertex 57.1547 -4.95 36
      vertex 56.7613 -4.95 34.9276
    endloop
  endfacet
  facet normal 0 -1 0
    outer loop
      vertex 56.9276 -4.95 34.7613
      vertex 57.1547 -4.95 36
      vertex 56.8485 -4.95 34.8485
    endloop
  endfacet
  facet normal 0 -1 0
    outer loop
      vertex 56.9978 -4.95 34.6667
      vertex 57.1547 -4.95 36
      vertex 56.9276 -4.95 34.7613
    endloop
  endfacet
  facet normal 0 -1 0
    outer loop
      vertex 57.0583 -4.95 34.5657
      vertex 57.1547 -4.95 36
      vertex 56.9978 -4.95 34.6667
    endloop
  endfacet
  facet normal 0 -1 0
    outer loop
      vertex 58.3094 -4.95 34
      vertex 57.0583 -4.95 34.5657
      vertex 57.1087 -4.95 34.4592
    endloop
  endfacet
  facet normal 0 -1 0
    outer loop
      vertex 58.3094 -4.95 34
      vertex 57.1087 -4.95 34.4592
      vertex 57.1483 -4.95 34.3483
    endloop
  endfacet
  facet normal 0 -1 0
    outer loop
      vertex 58.3094 -4.95 34
      vertex 57.1483 -4.95 34.3483
      vertex 57.1769 -4.95 34.2341
    endloop
  endfacet
  facet normal 0 -1 0
    outer loop
      vertex 58.3094 -4.95 34
      vertex 57.1769 -4.95 34.2341
      vertex 57.1942 -4.95 34.1176
    endloop
  endfacet
  facet normal 0 -1 0
    outer loop
      vertex 58.3094 -4.95 34
      vertex 57.1942 -4.95 34.1176
      vertex 57.2 -4.95 34
    endloop
  endfacet
  facet normal 0 -1 0
    outer loop
      vertex 57.0583 -4.95 34.5657
      vertex 58.3094 -4.95 34
      vertex 57.1547 -4.95 36
    endloop
  endfacet
  facet normal 0 -1 0
    outer loop
      vertex 57.1942 -4.95 33.8824
      vertex 58.3094 -4.95 34
      vertex 57.2 -4.95 34
    endloop
  endfacet
  facet normal 0 -1 0
    outer loop
      vertex 57.1769 -4.95 33.7659
      vertex 58.3094 -4.95 34
      vertex 57.1942 -4.95 33.8824
    endloop
  endfacet
  facet normal 0 -1 0
    outer loop
      vertex 57.1483 -4.95 33.6517
      vertex 58.3094 -4.95 34
      vertex 57.1769 -4.95 33.7659
    endloop
  endfacet
  facet normal 0 -1 0
    outer loop
      vertex 57.1087 -4.95 33.5408
      vertex 58.3094 -4.95 34
      vertex 57.1483 -4.95 33.6517
    endloop
  endfacet
  facet normal 0 -1 0
    outer loop
      vertex 57.0583 -4.95 33.4343
      vertex 58.3094 -4.95 34
      vertex 57.1087 -4.95 33.5408
    endloop
  endfacet
  facet normal 0 -1 0
    outer loop
      vertex 57.1547 -4.95 32
      vertex 57.0583 -4.95 33.4343
      vertex 56.9978 -4.95 33.3333
    endloop
  endfacet
  facet normal 0 -1 0
    outer loop
      vertex 57.1547 -4.95 32
      vertex 56.9978 -4.95 33.3333
      vertex 56.9276 -4.95 33.2387
    endloop
  endfacet
  facet normal 0 -1 0
    outer loop
      vertex 57.1547 -4.95 32
      vertex 56.9276 -4.95 33.2387
      vertex 56.8485 -4.95 33.1515
    endloop
  endfacet
  facet normal 0 -1 0
    outer loop
      vertex 57.1547 -4.95 32
      vertex 56.8485 -4.95 33.1515
      vertex 56.7613 -4.95 33.0724
    endloop
  endfacet
  facet normal 0 -1 0
    outer loop
      vertex 57.1547 -4.95 32
      vertex 56.7613 -4.95 33.0724
      vertex 56.6667 -4.95 33.0022
    endloop
  endfacet
  facet normal 0 -1 0
    outer loop
      vertex 57.1547 -4.95 32
      vertex 56 -4.95 32.8
      vertex 54.8453 -4.95 32
    endloop
  endfacet
  facet normal 0 -1 0
    outer loop
      vertex 56 -4.95 32.8
      vertex 57.1547 -4.95 32
      vertex 56.1176 -4.95 32.8058
    endloop
  endfacet
  facet normal 0 -1 0
    outer loop
      vertex 56.1176 -4.95 32.8058
      vertex 57.1547 -4.95 32
      vertex 56.2341 -4.95 32.8231
    endloop
  endfacet
  facet normal 0 -1 0
    outer loop
      vertex 56.2341 -4.95 32.8231
      vertex 57.1547 -4.95 32
      vertex 56.3483 -4.95 32.8517
    endloop
  endfacet
  facet normal 0 -1 0
    outer loop
      vertex 56.3483 -4.95 32.8517
      vertex 57.1547 -4.95 32
      vertex 56.4592 -4.95 32.8913
    endloop
  endfacet
  facet normal 0 -1 0
    outer loop
      vertex 57.0583 -4.95 33.4343
      vertex 57.1547 -4.95 32
      vertex 58.3094 -4.95 34
    endloop
  endfacet
  facet normal 0 -1 0
    outer loop
      vertex 56.5657 -4.95 32.9417
      vertex 57.1547 -4.95 32
      vertex 56.6667 -4.95 33.0022
    endloop
  endfacet
  facet normal 0 -1 0
    outer loop
      vertex 56.4592 -4.95 32.8913
      vertex 57.1547 -4.95 32
      vertex 56.5657 -4.95 32.9417
    endloop
  endfacet
  facet normal 0 0 -1
    outer loop
      vertex 54.8453 -6.75 36
      vertex 57.1547 -4.95 36
      vertex 57.1547 -6.75 36
    endloop
  endfacet
  facet normal -0 0 -1
    outer loop
      vertex 57.1547 -4.95 36
      vertex 54.8453 -6.75 36
      vertex 54.8453 -4.95 36
    endloop
  endfacet
  facet normal 0.866026 0 -0.5
    outer loop
      vertex 54.8453 -6.75 36
      vertex 53.6906 -4.95 34
      vertex 54.8453 -4.95 36
    endloop
  endfacet
  facet normal 0.866026 0 -0.5
    outer loop
      vertex 53.6906 -4.95 34
      vertex 54.8453 -6.75 36
      vertex 53.6906 -6.75 34
    endloop
  endfacet
  facet normal -0.866026 0 -0.5
    outer loop
      vertex 58.3094 -6.75 34
      vertex 57.1547 -4.95 36
      vertex 58.3094 -4.95 34
    endloop
  endfacet
  facet normal -0.866026 -0 -0.5
    outer loop
      vertex 57.1547 -4.95 36
      vertex 58.3094 -6.75 34
      vertex 57.1547 -6.75 36
    endloop
  endfacet
  facet normal 0.970071 0 -0.242823
    outer loop
      vertex 49.4327 -2.75 3.31718
      vertex 49.3493 -0.75 2.984
      vertex 49.4327 -0.75 3.31718
    endloop
  endfacet
  facet normal 0.970071 0 -0.242823
    outer loop
      vertex 49.3493 -0.75 2.984
      vertex 49.4327 -2.75 3.31718
      vertex 49.3493 -2.75 2.984
    endloop
  endfacet
  facet normal 0.998789 0 -0.0492029
    outer loop
      vertex 49.5 -2.75 4
      vertex 49.4831 -0.75 3.65694
      vertex 49.5 -0.75 4
    endloop
  endfacet
  facet normal 0.998789 0 -0.0492029
    outer loop
      vertex 49.4831 -0.75 3.65694
      vertex 49.5 -2.75 4
      vertex 49.4831 -2.75 3.65694
    endloop
  endfacet
  facet normal 0.941554 0 -0.336862
    outer loop
      vertex 49.3493 -2.75 2.984
      vertex 49.2336 -0.75 2.66061
      vertex 49.3493 -0.75 2.984
    endloop
  endfacet
  facet normal 0.941554 0 -0.336862
    outer loop
      vertex 49.2336 -0.75 2.66061
      vertex 49.3493 -2.75 2.984
      vertex 49.2336 -2.75 2.66061
    endloop
  endfacet
  facet normal 0.903939 -0 0.427661
    outer loop
      vertex 49.0867 -2.75 5.64989
      vertex 49.2336 -0.75 5.33939
      vertex 49.0867 -0.75 5.64989
    endloop
  endfacet
  facet normal 0.903939 0 0.427661
    outer loop
      vertex 49.2336 -0.75 5.33939
      vertex 49.0867 -2.75 5.64989
      vertex 49.2336 -2.75 5.33939
    endloop
  endfacet
  facet normal 0.336879 0 0.941548
    outer loop
      vertex 47.016 -0.75 7.34929
      vertex 47.3394 -2.75 7.23358
      vertex 47.3394 -0.75 7.23358
    endloop
  endfacet
  facet normal 0.336879 0 0.941548
    outer loop
      vertex 47.3394 -2.75 7.23358
      vertex 47.016 -0.75 7.34929
      vertex 47.016 -2.75 7.34929
    endloop
  endfacet
  facet normal 0.741033 -0 0.671469
    outer loop
      vertex 48.4749 -2.75 6.47487
      vertex 48.7055 -0.75 6.22038
      vertex 48.4749 -0.75 6.47487
    endloop
  endfacet
  facet normal 0.741033 0 0.671469
    outer loop
      vertex 48.7055 -0.75 6.22038
      vertex 48.4749 -2.75 6.47487
      vertex 48.7055 -2.75 6.22038
    endloop
  endfacet
  facet normal 0.970071 -0 0.242823
    outer loop
      vertex 49.3493 -2.75 5.016
      vertex 49.4327 -0.75 4.68282
      vertex 49.3493 -0.75 5.016
    endloop
  endfacet
  facet normal 0.970071 0 0.242823
    outer loop
      vertex 49.4327 -0.75 4.68282
      vertex 49.3493 -2.75 5.016
      vertex 49.4327 -2.75 4.68282
    endloop
  endfacet
  facet normal -0.242974 0 0.970033
    outer loop
      vertex 44.984 -0.75 7.34929
      vertex 45.3172 -2.75 7.43275
      vertex 45.3172 -0.75 7.43275
    endloop
  endfacet
  facet normal -0.242974 0 0.970033
    outer loop
      vertex 45.3172 -2.75 7.43275
      vertex 44.984 -0.75 7.34929
      vertex 44.984 -2.75 7.34929
    endloop
  endfacet
  facet normal -0.427542 0 0.903996
    outer loop
      vertex 44.3501 -0.75 7.08673
      vertex 44.6606 -2.75 7.23358
      vertex 44.6606 -0.75 7.23358
    endloop
  endfacet
  facet normal -0.427542 0 0.903996
    outer loop
      vertex 44.6606 -2.75 7.23358
      vertex 44.3501 -0.75 7.08673
      vertex 44.3501 -2.75 7.08673
    endloop
  endfacet
  facet normal 0.903939 0 -0.427661
    outer loop
      vertex 49.2336 -2.75 2.66061
      vertex 49.0867 -0.75 2.35011
      vertex 49.2336 -0.75 2.66061
    endloop
  endfacet
  facet normal 0.903939 0 -0.427661
    outer loop
      vertex 49.0867 -0.75 2.35011
      vertex 49.2336 -2.75 2.66061
      vertex 49.0867 -2.75 2.35011
    endloop
  endfacet
  facet normal 0.857706 0 -0.51414
    outer loop
      vertex 49.0867 -2.75 2.35011
      vertex 48.9101 -0.75 2.0555
      vertex 49.0867 -0.75 2.35011
    endloop
  endfacet
  facet normal 0.857706 0 -0.51414
    outer loop
      vertex 48.9101 -0.75 2.0555
      vertex 49.0867 -2.75 2.35011
      vertex 48.9101 -2.75 2.0555
    endloop
  endfacet
  facet normal 0.803634 0 -0.595124
    outer loop
      vertex 48.9101 -2.75 2.0555
      vertex 48.869 -0.75 2
      vertex 48.9101 -0.75 2.0555
    endloop
  endfacet
  facet normal 0.803634 0 -0.595124
    outer loop
      vertex 48.869 -0.75 2
      vertex 48.9101 -2.75 2.0555
      vertex 48.869 -2.75 2
    endloop
  endfacet
  facet normal 0.14676 0 0.989172
    outer loop
      vertex 46.3431 -0.75 7.48315
      vertex 46.6828 -2.75 7.43275
      vertex 46.6828 -0.75 7.43275
    endloop
  endfacet
  facet normal 0.14676 0 0.989172
    outer loop
      vertex 46.6828 -2.75 7.43275
      vertex 46.3431 -0.75 7.48315
      vertex 46.3431 -2.75 7.48315
    endloop
  endfacet
  facet normal 0.242974 0 0.970033
    outer loop
      vertex 46.6828 -0.75 7.43275
      vertex 47.016 -2.75 7.34929
      vertex 47.016 -0.75 7.34929
    endloop
  endfacet
  facet normal 0.242974 0 0.970033
    outer loop
      vertex 47.016 -2.75 7.34929
      vertex 46.6828 -0.75 7.43275
      vertex 46.6828 -2.75 7.43275
    endloop
  endfacet
  facet normal 0.514132 0 0.857711
    outer loop
      vertex 47.6499 -0.75 7.08673
      vertex 47.9445 -2.75 6.91014
      vertex 47.9445 -0.75 6.91014
    endloop
  endfacet
  facet normal 0.514132 0 0.857711
    outer loop
      vertex 47.9445 -2.75 6.91014
      vertex 47.6499 -0.75 7.08673
      vertex 47.6499 -2.75 7.08673
    endloop
  endfacet
  facet normal 0.671566 0 0.740944
    outer loop
      vertex 48.2204 -0.75 6.70554
      vertex 48.4749 -2.75 6.47487
      vertex 48.4749 -0.75 6.47487
    endloop
  endfacet
  facet normal 0.671566 0 0.740944
    outer loop
      vertex 48.4749 -2.75 6.47487
      vertex 48.2204 -0.75 6.70554
      vertex 48.2204 -2.75 6.70554
    endloop
  endfacet
  facet normal 0.595659 0 0.803237
    outer loop
      vertex 47.9445 -0.75 6.91014
      vertex 48.2204 -2.75 6.70554
      vertex 48.2204 -0.75 6.70554
    endloop
  endfacet
  facet normal 0.595659 0 0.803237
    outer loop
      vertex 48.2204 -2.75 6.70554
      vertex 47.9445 -0.75 6.91014
      vertex 47.9445 -2.75 6.91014
    endloop
  endfacet
  facet normal 0.803217 -0 0.595687
    outer loop
      vertex 48.7055 -2.75 6.22038
      vertex 48.9101 -0.75 5.9445
      vertex 48.7055 -0.75 6.22038
    endloop
  endfacet
  facet normal 0.803217 0 0.595687
    outer loop
      vertex 48.9101 -0.75 5.9445
      vertex 48.7055 -2.75 6.22038
      vertex 48.9101 -2.75 5.9445
    endloop
  endfacet
  facet normal 0.857706 -0 0.51414
    outer loop
      vertex 48.9101 -2.75 5.9445
      vertex 49.0867 -0.75 5.64989
      vertex 48.9101 -0.75 5.9445
    endloop
  endfacet
  facet normal 0.857706 0 0.51414
    outer loop
      vertex 49.0867 -0.75 5.64989
      vertex 48.9101 -2.75 5.9445
      vertex 49.0867 -2.75 5.64989
    endloop
  endfacet
  facet normal -0.0490519 0 0.998796
    outer loop
      vertex 45.6569 -0.75 7.48315
      vertex 46 -2.75 7.5
      vertex 46 -0.75 7.5
    endloop
  endfacet
  facet normal -0.0490519 0 0.998796
    outer loop
      vertex 46 -2.75 7.5
      vertex 45.6569 -0.75 7.48315
      vertex 45.6569 -2.75 7.48315
    endloop
  endfacet
  facet normal -0.595684 0 0.803219
    outer loop
      vertex 44 -0.75 6.86898
      vertex 44.0555 -2.75 6.91014
      vertex 44.0555 -0.75 6.91014
    endloop
  endfacet
  facet normal -0.595684 0 0.803219
    outer loop
      vertex 44.0555 -2.75 6.91014
      vertex 44 -0.75 6.86898
      vertex 44 -2.75 6.86898
    endloop
  endfacet
  facet normal -0.336879 0 0.941548
    outer loop
      vertex 44.6606 -0.75 7.23358
      vertex 44.984 -2.75 7.34929
      vertex 44.984 -0.75 7.34929
    endloop
  endfacet
  facet normal -0.336879 0 0.941548
    outer loop
      vertex 44.984 -2.75 7.34929
      vertex 44.6606 -0.75 7.23358
      vertex 44.6606 -2.75 7.23358
    endloop
  endfacet
  facet normal 0.0490519 0 0.998796
    outer loop
      vertex 46 -0.75 7.5
      vertex 46.3431 -2.75 7.48315
      vertex 46.3431 -0.75 7.48315
    endloop
  endfacet
  facet normal 0.0490519 0 0.998796
    outer loop
      vertex 46.3431 -2.75 7.48315
      vertex 46 -0.75 7.5
      vertex 46 -2.75 7.5
    endloop
  endfacet
  facet normal -0.514132 0 0.857711
    outer loop
      vertex 44.0555 -0.75 6.91014
      vertex 44.3501 -2.75 7.08673
      vertex 44.3501 -0.75 7.08673
    endloop
  endfacet
  facet normal -0.514132 0 0.857711
    outer loop
      vertex 44.3501 -2.75 7.08673
      vertex 44.0555 -0.75 6.91014
      vertex 44.0555 -2.75 6.91014
    endloop
  endfacet
  facet normal 0.989176 0 -0.146734
    outer loop
      vertex 49.4831 -2.75 3.65694
      vertex 49.4327 -0.75 3.31718
      vertex 49.4831 -0.75 3.65694
    endloop
  endfacet
  facet normal 0.989176 0 -0.146734
    outer loop
      vertex 49.4327 -0.75 3.31718
      vertex 49.4831 -2.75 3.65694
      vertex 49.4327 -2.75 3.31718
    endloop
  endfacet
  facet normal 0.427542 0 0.903996
    outer loop
      vertex 47.3394 -0.75 7.23358
      vertex 47.6499 -2.75 7.08673
      vertex 47.6499 -0.75 7.08673
    endloop
  endfacet
  facet normal 0.427542 0 0.903996
    outer loop
      vertex 47.6499 -2.75 7.08673
      vertex 47.3394 -0.75 7.23358
      vertex 47.3394 -2.75 7.23358
    endloop
  endfacet
  facet normal 0.941554 -0 0.336862
    outer loop
      vertex 49.2336 -2.75 5.33939
      vertex 49.3493 -0.75 5.016
      vertex 49.2336 -0.75 5.33939
    endloop
  endfacet
  facet normal 0.941554 0 0.336862
    outer loop
      vertex 49.3493 -0.75 5.016
      vertex 49.2336 -2.75 5.33939
      vertex 49.3493 -2.75 5.016
    endloop
  endfacet
  facet normal 0.989176 -0 0.146734
    outer loop
      vertex 49.4327 -2.75 4.68282
      vertex 49.4831 -0.75 4.34306
      vertex 49.4327 -0.75 4.68282
    endloop
  endfacet
  facet normal 0.989176 0 0.146734
    outer loop
      vertex 49.4831 -0.75 4.34306
      vertex 49.4327 -2.75 4.68282
      vertex 49.4831 -2.75 4.34306
    endloop
  endfacet
  facet normal 0.998789 -0 0.0492029
    outer loop
      vertex 49.4831 -2.75 4.34306
      vertex 49.5 -0.75 4
      vertex 49.4831 -0.75 4.34306
    endloop
  endfacet
  facet normal 0.998789 0 0.0492029
    outer loop
      vertex 49.5 -0.75 4
      vertex 49.4831 -2.75 4.34306
      vertex 49.5 -2.75 4
    endloop
  endfacet
  facet normal -0.14676 0 0.989172
    outer loop
      vertex 45.3172 -0.75 7.43275
      vertex 45.6569 -2.75 7.48315
      vertex 45.6569 -0.75 7.48315
    endloop
  endfacet
  facet normal -0.14676 0 0.989172
    outer loop
      vertex 45.6569 -2.75 7.48315
      vertex 45.3172 -0.75 7.43275
      vertex 45.3172 -2.75 7.43275
    endloop
  endfacet
  facet normal -0.941554 0 -0.336862
    outer loop
      vertex 62.7664 -2.75 2.66061
      vertex 62.6507 -0.75 2.984
      vertex 62.7664 -0.75 2.66061
    endloop
  endfacet
  facet normal -0.941554 -0 -0.336862
    outer loop
      vertex 62.6507 -0.75 2.984
      vertex 62.7664 -2.75 2.66061
      vertex 62.6507 -2.75 2.984
    endloop
  endfacet
  facet normal -0.671566 0 0.740944
    outer loop
      vertex 63.5251 -0.75 6.47487
      vertex 63.7796 -2.75 6.70554
      vertex 63.7796 -0.75 6.70554
    endloop
  endfacet
  facet normal -0.671566 0 0.740944
    outer loop
      vertex 63.7796 -2.75 6.70554
      vertex 63.5251 -0.75 6.47487
      vertex 63.5251 -2.75 6.47487
    endloop
  endfacet
  facet normal -0.989176 0 -0.146734
    outer loop
      vertex 62.5673 -2.75 3.31718
      vertex 62.5169 -0.75 3.65694
      vertex 62.5673 -0.75 3.31718
    endloop
  endfacet
  facet normal -0.989176 -0 -0.146734
    outer loop
      vertex 62.5169 -0.75 3.65694
      vertex 62.5673 -2.75 3.31718
      vertex 62.5169 -2.75 3.65694
    endloop
  endfacet
  facet normal -0.857706 0 -0.51414
    outer loop
      vertex 63.0899 -2.75 2.0555
      vertex 62.9133 -0.75 2.35011
      vertex 63.0899 -0.75 2.0555
    endloop
  endfacet
  facet normal -0.857706 -0 -0.51414
    outer loop
      vertex 62.9133 -0.75 2.35011
      vertex 63.0899 -2.75 2.0555
      vertex 62.9133 -2.75 2.35011
    endloop
  endfacet
  facet normal -0.803634 0 -0.595124
    outer loop
      vertex 63.131 -2.75 2
      vertex 63.0899 -0.75 2.0555
      vertex 63.131 -0.75 2
    endloop
  endfacet
  facet normal -0.803634 -0 -0.595124
    outer loop
      vertex 63.0899 -0.75 2.0555
      vertex 63.131 -2.75 2
      vertex 63.0899 -2.75 2.0555
    endloop
  endfacet
  facet normal -0.903939 0 -0.427661
    outer loop
      vertex 62.9133 -2.75 2.35011
      vertex 62.7664 -0.75 2.66061
      vertex 62.9133 -0.75 2.35011
    endloop
  endfacet
  facet normal -0.903939 -0 -0.427661
    outer loop
      vertex 62.7664 -0.75 2.66061
      vertex 62.9133 -2.75 2.35011
      vertex 62.7664 -2.75 2.66061
    endloop
  endfacet
  facet normal -0.970071 0 -0.242823
    outer loop
      vertex 62.6507 -2.75 2.984
      vertex 62.5673 -0.75 3.31718
      vertex 62.6507 -0.75 2.984
    endloop
  endfacet
  facet normal -0.970071 -0 -0.242823
    outer loop
      vertex 62.5673 -0.75 3.31718
      vertex 62.6507 -2.75 2.984
      vertex 62.5673 -2.75 3.31718
    endloop
  endfacet
  facet normal -0.998789 0 -0.0492029
    outer loop
      vertex 62.5169 -2.75 3.65694
      vertex 62.5 -0.75 4
      vertex 62.5169 -0.75 3.65694
    endloop
  endfacet
  facet normal -0.998789 -0 -0.0492029
    outer loop
      vertex 62.5 -0.75 4
      vertex 62.5169 -2.75 3.65694
      vertex 62.5 -2.75 4
    endloop
  endfacet
  facet normal 0.14676 0 0.989172
    outer loop
      vertex 66.3431 -0.75 7.48315
      vertex 66.6828 -2.75 7.43275
      vertex 66.6828 -0.75 7.43275
    endloop
  endfacet
  facet normal 0.14676 0 0.989172
    outer loop
      vertex 66.6828 -2.75 7.43275
      vertex 66.3431 -0.75 7.48315
      vertex 66.3431 -2.75 7.48315
    endloop
  endfacet
  facet normal 0.336879 0 0.941548
    outer loop
      vertex 67.016 -0.75 7.34929
      vertex 67.3394 -2.75 7.23358
      vertex 67.3394 -0.75 7.23358
    endloop
  endfacet
  facet normal 0.336879 0 0.941548
    outer loop
      vertex 67.3394 -2.75 7.23358
      vertex 67.016 -0.75 7.34929
      vertex 67.016 -2.75 7.34929
    endloop
  endfacet
  facet normal 0.514132 0 0.857711
    outer loop
      vertex 67.6499 -0.75 7.08673
      vertex 67.9445 -2.75 6.91014
      vertex 67.9445 -0.75 6.91014
    endloop
  endfacet
  facet normal 0.514132 0 0.857711
    outer loop
      vertex 67.9445 -2.75 6.91014
      vertex 67.6499 -0.75 7.08673
      vertex 67.6499 -2.75 7.08673
    endloop
  endfacet
  facet normal -0.595659 0 0.803237
    outer loop
      vertex 63.7796 -0.75 6.70554
      vertex 64.0555 -2.75 6.91014
      vertex 64.0555 -0.75 6.91014
    endloop
  endfacet
  facet normal -0.595659 0 0.803237
    outer loop
      vertex 64.0555 -2.75 6.91014
      vertex 63.7796 -0.75 6.70554
      vertex 63.7796 -2.75 6.70554
    endloop
  endfacet
  facet normal -0.427542 0 0.903996
    outer loop
      vertex 64.3501 -0.75 7.08673
      vertex 64.6606 -2.75 7.23358
      vertex 64.6606 -0.75 7.23358
    endloop
  endfacet
  facet normal -0.427542 0 0.903996
    outer loop
      vertex 64.6606 -2.75 7.23358
      vertex 64.3501 -0.75 7.08673
      vertex 64.3501 -2.75 7.08673
    endloop
  endfacet
  facet normal -0.242974 0 0.970033
    outer loop
      vertex 64.984 -0.75 7.34929
      vertex 65.3172 -2.75 7.43275
      vertex 65.3172 -0.75 7.43275
    endloop
  endfacet
  facet normal -0.242974 0 0.970033
    outer loop
      vertex 65.3172 -2.75 7.43275
      vertex 64.984 -0.75 7.34929
      vertex 64.984 -2.75 7.34929
    endloop
  endfacet
  facet normal -0.0490519 0 0.998796
    outer loop
      vertex 65.6569 -0.75 7.48315
      vertex 66 -2.75 7.5
      vertex 66 -0.75 7.5
    endloop
  endfacet
  facet normal -0.0490519 0 0.998796
    outer loop
      vertex 66 -2.75 7.5
      vertex 65.6569 -0.75 7.48315
      vertex 65.6569 -2.75 7.48315
    endloop
  endfacet
  facet normal -0.803217 0 0.595687
    outer loop
      vertex 63.0899 -2.75 5.9445
      vertex 63.2945 -0.75 6.22038
      vertex 63.0899 -0.75 5.9445
    endloop
  endfacet
  facet normal -0.803217 0 0.595687
    outer loop
      vertex 63.2945 -0.75 6.22038
      vertex 63.0899 -2.75 5.9445
      vertex 63.2945 -2.75 6.22038
    endloop
  endfacet
  facet normal -0.857706 0 0.51414
    outer loop
      vertex 62.9133 -2.75 5.64989
      vertex 63.0899 -0.75 5.9445
      vertex 62.9133 -0.75 5.64989
    endloop
  endfacet
  facet normal -0.857706 0 0.51414
    outer loop
      vertex 63.0899 -0.75 5.9445
      vertex 62.9133 -2.75 5.64989
      vertex 63.0899 -2.75 5.9445
    endloop
  endfacet
  facet normal -0.741033 0 0.671469
    outer loop
      vertex 63.2945 -2.75 6.22038
      vertex 63.5251 -0.75 6.47487
      vertex 63.2945 -0.75 6.22038
    endloop
  endfacet
  facet normal -0.741033 0 0.671469
    outer loop
      vertex 63.5251 -0.75 6.47487
      vertex 63.2945 -2.75 6.22038
      vertex 63.5251 -2.75 6.47487
    endloop
  endfacet
  facet normal -0.941554 0 0.336862
    outer loop
      vertex 62.6507 -2.75 5.016
      vertex 62.7664 -0.75 5.33939
      vertex 62.6507 -0.75 5.016
    endloop
  endfacet
  facet normal -0.941554 0 0.336862
    outer loop
      vertex 62.7664 -0.75 5.33939
      vertex 62.6507 -2.75 5.016
      vertex 62.7664 -2.75 5.33939
    endloop
  endfacet
  facet normal -0.903939 0 0.427661
    outer loop
      vertex 62.7664 -2.75 5.33939
      vertex 62.9133 -0.75 5.64989
      vertex 62.7664 -0.75 5.33939
    endloop
  endfacet
  facet normal -0.903939 0 0.427661
    outer loop
      vertex 62.9133 -0.75 5.64989
      vertex 62.7664 -2.75 5.33939
      vertex 62.9133 -2.75 5.64989
    endloop
  endfacet
  facet normal -0.989176 0 0.146734
    outer loop
      vertex 62.5169 -2.75 4.34306
      vertex 62.5673 -0.75 4.68282
      vertex 62.5169 -0.75 4.34306
    endloop
  endfacet
  facet normal -0.989176 0 0.146734
    outer loop
      vertex 62.5673 -0.75 4.68282
      vertex 62.5169 -2.75 4.34306
      vertex 62.5673 -2.75 4.68282
    endloop
  endfacet
  facet normal -0.998789 0 0.0492029
    outer loop
      vertex 62.5 -2.75 4
      vertex 62.5169 -0.75 4.34306
      vertex 62.5 -0.75 4
    endloop
  endfacet
  facet normal -0.998789 0 0.0492029
    outer loop
      vertex 62.5169 -0.75 4.34306
      vertex 62.5 -2.75 4
      vertex 62.5169 -2.75 4.34306
    endloop
  endfacet
  facet normal 0.242974 0 0.970033
    outer loop
      vertex 66.6828 -0.75 7.43275
      vertex 67.016 -2.75 7.34929
      vertex 67.016 -0.75 7.34929
    endloop
  endfacet
  facet normal 0.242974 0 0.970033
    outer loop
      vertex 67.016 -2.75 7.34929
      vertex 66.6828 -0.75 7.43275
      vertex 66.6828 -2.75 7.43275
    endloop
  endfacet
  facet normal 0.427542 0 0.903996
    outer loop
      vertex 67.3394 -0.75 7.23358
      vertex 67.6499 -2.75 7.08673
      vertex 67.6499 -0.75 7.08673
    endloop
  endfacet
  facet normal 0.427542 0 0.903996
    outer loop
      vertex 67.6499 -2.75 7.08673
      vertex 67.3394 -0.75 7.23358
      vertex 67.3394 -2.75 7.23358
    endloop
  endfacet
  facet normal 0.595684 0 0.803219
    outer loop
      vertex 67.9445 -0.75 6.91014
      vertex 68 -2.75 6.86898
      vertex 68 -0.75 6.86898
    endloop
  endfacet
  facet normal 0.595684 0 0.803219
    outer loop
      vertex 68 -2.75 6.86898
      vertex 67.9445 -0.75 6.91014
      vertex 67.9445 -2.75 6.91014
    endloop
  endfacet
  facet normal -0.514132 0 0.857711
    outer loop
      vertex 64.0555 -0.75 6.91014
      vertex 64.3501 -2.75 7.08673
      vertex 64.3501 -0.75 7.08673
    endloop
  endfacet
  facet normal -0.514132 0 0.857711
    outer loop
      vertex 64.3501 -2.75 7.08673
      vertex 64.0555 -0.75 6.91014
      vertex 64.0555 -2.75 6.91014
    endloop
  endfacet
  facet normal -0.336879 0 0.941548
    outer loop
      vertex 64.6606 -0.75 7.23358
      vertex 64.984 -2.75 7.34929
      vertex 64.984 -0.75 7.34929
    endloop
  endfacet
  facet normal -0.336879 0 0.941548
    outer loop
      vertex 64.984 -2.75 7.34929
      vertex 64.6606 -0.75 7.23358
      vertex 64.6606 -2.75 7.23358
    endloop
  endfacet
  facet normal -0.14676 0 0.989172
    outer loop
      vertex 65.3172 -0.75 7.43275
      vertex 65.6569 -2.75 7.48315
      vertex 65.6569 -0.75 7.48315
    endloop
  endfacet
  facet normal -0.14676 0 0.989172
    outer loop
      vertex 65.6569 -2.75 7.48315
      vertex 65.3172 -0.75 7.43275
      vertex 65.3172 -2.75 7.43275
    endloop
  endfacet
  facet normal 0.0490519 0 0.998796
    outer loop
      vertex 66 -0.75 7.5
      vertex 66.3431 -2.75 7.48315
      vertex 66.3431 -0.75 7.48315
    endloop
  endfacet
  facet normal 0.0490519 0 0.998796
    outer loop
      vertex 66.3431 -2.75 7.48315
      vertex 66 -0.75 7.5
      vertex 66 -2.75 7.5
    endloop
  endfacet
  facet normal -0.970071 0 0.242823
    outer loop
      vertex 62.5673 -2.75 4.68282
      vertex 62.6507 -0.75 5.016
      vertex 62.5673 -0.75 4.68282
    endloop
  endfacet
  facet normal -0.970071 0 0.242823
    outer loop
      vertex 62.6507 -0.75 5.016
      vertex 62.5673 -2.75 4.68282
      vertex 62.6507 -2.75 5.016
    endloop
  endfacet
  facet normal 0.857698 0 -0.514153
    outer loop
      vertex 59.0867 -2.75 32.3501
      vertex 58.9101 -0.75 32.0555
      vertex 59.0867 -0.75 32.3501
    endloop
  endfacet
  facet normal 0.857698 0 -0.514153
    outer loop
      vertex 58.9101 -0.75 32.0555
      vertex 59.0867 -2.75 32.3501
      vertex 58.9101 -2.75 32.0555
    endloop
  endfacet
  facet normal 0.336853 0 -0.941557
    outer loop
      vertex 57.016 -2.75 30.6507
      vertex 57.3394 -0.75 30.7664
      vertex 57.3394 -2.75 30.7664
    endloop
  endfacet
  facet normal 0.336853 0 -0.941557
    outer loop
      vertex 57.3394 -0.75 30.7664
      vertex 57.016 -2.75 30.6507
      vertex 57.016 -0.75 30.6507
    endloop
  endfacet
  facet normal -0.427661 0 -0.903939
    outer loop
      vertex 54.3501 -2.75 30.9133
      vertex 54.6606 -0.75 30.7664
      vertex 54.6606 -2.75 30.7664
    endloop
  endfacet
  facet normal -0.427661 0 -0.903939
    outer loop
      vertex 54.6606 -0.75 30.7664
      vertex 54.3501 -2.75 30.9133
      vertex 54.3501 -0.75 30.9133
    endloop
  endfacet
  facet normal -0.941557 0 -0.336853
    outer loop
      vertex 52.7664 -2.75 32.6606
      vertex 52.6507 -0.75 32.984
      vertex 52.7664 -0.75 32.6606
    endloop
  endfacet
  facet normal -0.941557 -0 -0.336853
    outer loop
      vertex 52.6507 -0.75 32.984
      vertex 52.7664 -2.75 32.6606
      vertex 52.6507 -2.75 32.984
    endloop
  endfacet
  facet normal 0.998789 -0 0.0491971
    outer loop
      vertex 59.4831 -2.75 34.3431
      vertex 59.5 -0.75 34
      vertex 59.4831 -0.75 34.3431
    endloop
  endfacet
  facet normal 0.998789 0 0.0491971
    outer loop
      vertex 59.5 -0.75 34
      vertex 59.4831 -2.75 34.3431
      vertex 59.5 -2.75 34
    endloop
  endfacet
  facet normal 0.0491971 0 -0.998789
    outer loop
      vertex 56 -2.75 30.5
      vertex 56.3431 -0.75 30.5169
      vertex 56.3431 -2.75 30.5169
    endloop
  endfacet
  facet normal 0.0491971 0 -0.998789
    outer loop
      vertex 56.3431 -0.75 30.5169
      vertex 56 -2.75 30.5
      vertex 56 -0.75 30.5
    endloop
  endfacet
  facet normal 0.514153 0 -0.857698
    outer loop
      vertex 57.6499 -2.75 30.9133
      vertex 57.9445 -0.75 31.0899
      vertex 57.9445 -2.75 31.0899
    endloop
  endfacet
  facet normal 0.514153 0 -0.857698
    outer loop
      vertex 57.9445 -0.75 31.0899
      vertex 57.6499 -2.75 30.9133
      vertex 57.6499 -0.75 30.9133
    endloop
  endfacet
  facet normal -0.998789 0 -0.0491971
    outer loop
      vertex 52.5169 -2.75 33.6569
      vertex 52.5 -0.75 34
      vertex 52.5169 -0.75 33.6569
    endloop
  endfacet
  facet normal -0.998789 -0 -0.0491971
    outer loop
      vertex 52.5 -0.75 34
      vertex 52.5169 -2.75 33.6569
      vertex 52.5 -2.75 34
    endloop
  endfacet
  facet normal -0.803237 0 -0.595659
    outer loop
      vertex 53.2945 -2.75 31.7796
      vertex 53.0899 -0.75 32.0555
      vertex 53.2945 -0.75 31.7796
    endloop
  endfacet
  facet normal -0.803237 -0 -0.595659
    outer loop
      vertex 53.0899 -0.75 32.0555
      vertex 53.2945 -2.75 31.7796
      vertex 53.0899 -2.75 32.0555
    endloop
  endfacet
  facet normal -0.24281 0 -0.970074
    outer loop
      vertex 54.984 -2.75 30.6507
      vertex 55.3172 -0.75 30.5673
      vertex 55.3172 -2.75 30.5673
    endloop
  endfacet
  facet normal -0.24281 0 -0.970074
    outer loop
      vertex 55.3172 -0.75 30.5673
      vertex 54.984 -2.75 30.6507
      vertex 54.984 -0.75 30.6507
    endloop
  endfacet
  facet normal 0.803237 0 -0.595659
    outer loop
      vertex 58.9101 -2.75 32.0555
      vertex 58.7055 -0.75 31.7796
      vertex 58.9101 -0.75 32.0555
    endloop
  endfacet
  facet normal 0.803237 0 -0.595659
    outer loop
      vertex 58.7055 -0.75 31.7796
      vertex 58.9101 -2.75 32.0555
      vertex 58.7055 -2.75 31.7796
    endloop
  endfacet
  facet normal 0.671454 0 -0.741046
    outer loop
      vertex 58.2204 -2.75 31.2945
      vertex 58.4749 -0.75 31.5251
      vertex 58.4749 -2.75 31.5251
    endloop
  endfacet
  facet normal 0.671454 0 -0.741046
    outer loop
      vertex 58.4749 -0.75 31.5251
      vertex 58.2204 -2.75 31.2945
      vertex 58.2204 -0.75 31.2945
    endloop
  endfacet
  facet normal -0.0491971 0 -0.998789
    outer loop
      vertex 55.6569 -2.75 30.5169
      vertex 56 -0.75 30.5
      vertex 56 -2.75 30.5
    endloop
  endfacet
  facet normal -0.0491971 0 -0.998789
    outer loop
      vertex 56 -0.75 30.5
      vertex 55.6569 -2.75 30.5169
      vertex 55.6569 -0.75 30.5169
    endloop
  endfacet
  facet normal 0.24281 0 -0.970074
    outer loop
      vertex 56.6828 -2.75 30.5673
      vertex 57.016 -0.75 30.6507
      vertex 57.016 -2.75 30.6507
    endloop
  endfacet
  facet normal 0.24281 0 -0.970074
    outer loop
      vertex 57.016 -0.75 30.6507
      vertex 56.6828 -2.75 30.5673
      vertex 56.6828 -0.75 30.5673
    endloop
  endfacet
  facet normal 0.14676 0 -0.989172
    outer loop
      vertex 56.3431 -2.75 30.5169
      vertex 56.6828 -0.75 30.5673
      vertex 56.6828 -2.75 30.5673
    endloop
  endfacet
  facet normal 0.14676 0 -0.989172
    outer loop
      vertex 56.6828 -0.75 30.5673
      vertex 56.3431 -2.75 30.5169
      vertex 56.3431 -0.75 30.5169
    endloop
  endfacet
  facet normal 0.427661 0 -0.903939
    outer loop
      vertex 57.3394 -2.75 30.7664
      vertex 57.6499 -0.75 30.9133
      vertex 57.6499 -2.75 30.9133
    endloop
  endfacet
  facet normal 0.427661 0 -0.903939
    outer loop
      vertex 57.6499 -0.75 30.9133
      vertex 57.3394 -2.75 30.7664
      vertex 57.3394 -0.75 30.7664
    endloop
  endfacet
  facet normal 0.595659 0 -0.803237
    outer loop
      vertex 57.9445 -2.75 31.0899
      vertex 58.2204 -0.75 31.2945
      vertex 58.2204 -2.75 31.2945
    endloop
  endfacet
  facet normal 0.595659 0 -0.803237
    outer loop
      vertex 58.2204 -0.75 31.2945
      vertex 57.9445 -2.75 31.0899
      vertex 57.9445 -0.75 31.0899
    endloop
  endfacet
  facet normal -0.970074 0 -0.24281
    outer loop
      vertex 52.6507 -2.75 32.984
      vertex 52.5673 -0.75 33.3172
      vertex 52.6507 -0.75 32.984
    endloop
  endfacet
  facet normal -0.970074 -0 -0.24281
    outer loop
      vertex 52.5673 -0.75 33.3172
      vertex 52.6507 -2.75 32.984
      vertex 52.5673 -2.75 33.3172
    endloop
  endfacet
  facet normal -0.989172 0 -0.14676
    outer loop
      vertex 52.5673 -2.75 33.3172
      vertex 52.5169 -0.75 33.6569
      vertex 52.5673 -0.75 33.3172
    endloop
  endfacet
  facet normal -0.989172 -0 -0.14676
    outer loop
      vertex 52.5169 -0.75 33.6569
      vertex 52.5673 -2.75 33.3172
      vertex 52.5169 -2.75 33.6569
    endloop
  endfacet
  facet normal -0.903939 0 -0.427661
    outer loop
      vertex 52.9133 -2.75 32.3501
      vertex 52.7664 -0.75 32.6606
      vertex 52.9133 -0.75 32.3501
    endloop
  endfacet
  facet normal -0.903939 -0 -0.427661
    outer loop
      vertex 52.7664 -0.75 32.6606
      vertex 52.9133 -2.75 32.3501
      vertex 52.7664 -2.75 32.6606
    endloop
  endfacet
  facet normal -0.857698 0 -0.514153
    outer loop
      vertex 53.0899 -2.75 32.0555
      vertex 52.9133 -0.75 32.3501
      vertex 53.0899 -0.75 32.0555
    endloop
  endfacet
  facet normal -0.857698 -0 -0.514153
    outer loop
      vertex 52.9133 -0.75 32.3501
      vertex 53.0899 -2.75 32.0555
      vertex 52.9133 -2.75 32.3501
    endloop
  endfacet
  facet normal -0.336853 0 -0.941557
    outer loop
      vertex 54.6606 -2.75 30.7664
      vertex 54.984 -0.75 30.6507
      vertex 54.984 -2.75 30.6507
    endloop
  endfacet
  facet normal -0.336853 0 -0.941557
    outer loop
      vertex 54.984 -0.75 30.6507
      vertex 54.6606 -2.75 30.7664
      vertex 54.6606 -0.75 30.7664
    endloop
  endfacet
  facet normal -0.14676 0 -0.989172
    outer loop
      vertex 55.3172 -2.75 30.5673
      vertex 55.6569 -0.75 30.5169
      vertex 55.6569 -2.75 30.5169
    endloop
  endfacet
  facet normal -0.14676 0 -0.989172
    outer loop
      vertex 55.6569 -0.75 30.5169
      vertex 55.3172 -2.75 30.5673
      vertex 55.3172 -0.75 30.5673
    endloop
  endfacet
  facet normal -0.595659 0 -0.803237
    outer loop
      vertex 53.7796 -2.75 31.2945
      vertex 54.0555 -0.75 31.0899
      vertex 54.0555 -2.75 31.0899
    endloop
  endfacet
  facet normal -0.595659 0 -0.803237
    outer loop
      vertex 54.0555 -0.75 31.0899
      vertex 53.7796 -2.75 31.2945
      vertex 53.7796 -0.75 31.2945
    endloop
  endfacet
  facet normal -0.671454 0 -0.741046
    outer loop
      vertex 53.5251 -2.75 31.5251
      vertex 53.7796 -0.75 31.2945
      vertex 53.7796 -2.75 31.2945
    endloop
  endfacet
  facet normal -0.671454 0 -0.741046
    outer loop
      vertex 53.7796 -0.75 31.2945
      vertex 53.5251 -2.75 31.5251
      vertex 53.5251 -0.75 31.5251
    endloop
  endfacet
  facet normal -0.514153 0 -0.857698
    outer loop
      vertex 54.0555 -2.75 31.0899
      vertex 54.3501 -0.75 30.9133
      vertex 54.3501 -2.75 30.9133
    endloop
  endfacet
  facet normal -0.514153 0 -0.857698
    outer loop
      vertex 54.3501 -0.75 30.9133
      vertex 54.0555 -2.75 31.0899
      vertex 54.0555 -0.75 31.0899
    endloop
  endfacet
  facet normal -0.741046 0 -0.671454
    outer loop
      vertex 53.5251 -2.75 31.5251
      vertex 53.2945 -0.75 31.7796
      vertex 53.5251 -0.75 31.5251
    endloop
  endfacet
  facet normal -0.741046 -0 -0.671454
    outer loop
      vertex 53.2945 -0.75 31.7796
      vertex 53.5251 -2.75 31.5251
      vertex 53.2945 -2.75 31.7796
    endloop
  endfacet
  facet normal 0.998789 0 -0.0491971
    outer loop
      vertex 59.5 -2.75 34
      vertex 59.4831 -0.75 33.6569
      vertex 59.5 -0.75 34
    endloop
  endfacet
  facet normal 0.998789 0 -0.0491971
    outer loop
      vertex 59.4831 -0.75 33.6569
      vertex 59.5 -2.75 34
      vertex 59.4831 -2.75 33.6569
    endloop
  endfacet
  facet normal 0.970074 -0 0.24281
    outer loop
      vertex 59.3493 -2.75 35.016
      vertex 59.4327 -0.75 34.6828
      vertex 59.3493 -0.75 35.016
    endloop
  endfacet
  facet normal 0.970074 0 0.24281
    outer loop
      vertex 59.4327 -0.75 34.6828
      vertex 59.3493 -2.75 35.016
      vertex 59.4327 -2.75 34.6828
    endloop
  endfacet
  facet normal -0.941557 0 0.336853
    outer loop
      vertex 52.6507 -2.75 35.016
      vertex 52.7664 -0.75 35.3394
      vertex 52.6507 -0.75 35.016
    endloop
  endfacet
  facet normal -0.941557 0 0.336853
    outer loop
      vertex 52.7664 -0.75 35.3394
      vertex 52.6507 -2.75 35.016
      vertex 52.7664 -2.75 35.3394
    endloop
  endfacet
  facet normal -0.857698 0 0.514153
    outer loop
      vertex 52.9133 -2.75 35.6499
      vertex 53.0899 -0.75 35.9445
      vertex 52.9133 -0.75 35.6499
    endloop
  endfacet
  facet normal -0.857698 0 0.514153
    outer loop
      vertex 53.0899 -0.75 35.9445
      vertex 52.9133 -2.75 35.6499
      vertex 53.0899 -2.75 35.9445
    endloop
  endfacet
  facet normal 0.903939 0 -0.427661
    outer loop
      vertex 59.2336 -2.75 32.6606
      vertex 59.0867 -0.75 32.3501
      vertex 59.2336 -0.75 32.6606
    endloop
  endfacet
  facet normal 0.903939 0 -0.427661
    outer loop
      vertex 59.0867 -0.75 32.3501
      vertex 59.2336 -2.75 32.6606
      vertex 59.0867 -2.75 32.3501
    endloop
  endfacet
  facet normal 0.941557 0 -0.336853
    outer loop
      vertex 59.3493 -2.75 32.984
      vertex 59.2336 -0.75 32.6606
      vertex 59.3493 -0.75 32.984
    endloop
  endfacet
  facet normal 0.941557 0 -0.336853
    outer loop
      vertex 59.2336 -0.75 32.6606
      vertex 59.3493 -2.75 32.984
      vertex 59.2336 -2.75 32.6606
    endloop
  endfacet
  facet normal 0.970074 0 -0.24281
    outer loop
      vertex 59.4327 -2.75 33.3172
      vertex 59.3493 -0.75 32.984
      vertex 59.4327 -0.75 33.3172
    endloop
  endfacet
  facet normal 0.970074 0 -0.24281
    outer loop
      vertex 59.3493 -0.75 32.984
      vertex 59.4327 -2.75 33.3172
      vertex 59.3493 -2.75 32.984
    endloop
  endfacet
  facet normal 0.741046 0 -0.671454
    outer loop
      vertex 58.7055 -2.75 31.7796
      vertex 58.4749 -0.75 31.5251
      vertex 58.7055 -0.75 31.7796
    endloop
  endfacet
  facet normal 0.741046 0 -0.671454
    outer loop
      vertex 58.4749 -0.75 31.5251
      vertex 58.7055 -2.75 31.7796
      vertex 58.4749 -2.75 31.5251
    endloop
  endfacet
  facet normal -0.998789 0 0.0491971
    outer loop
      vertex 52.5 -2.75 34
      vertex 52.5169 -0.75 34.3431
      vertex 52.5 -0.75 34
    endloop
  endfacet
  facet normal -0.998789 0 0.0491971
    outer loop
      vertex 52.5169 -0.75 34.3431
      vertex 52.5 -2.75 34
      vertex 52.5169 -2.75 34.3431
    endloop
  endfacet
  facet normal 0.989172 -0 0.14676
    outer loop
      vertex 59.4327 -2.75 34.6828
      vertex 59.4831 -0.75 34.3431
      vertex 59.4327 -0.75 34.6828
    endloop
  endfacet
  facet normal 0.989172 0 0.14676
    outer loop
      vertex 59.4831 -0.75 34.3431
      vertex 59.4327 -2.75 34.6828
      vertex 59.4831 -2.75 34.3431
    endloop
  endfacet
  facet normal 0.803634 -0 0.595124
    outer loop
      vertex 58.869 -2.75 36
      vertex 58.9101 -0.75 35.9445
      vertex 58.869 -0.75 36
    endloop
  endfacet
  facet normal 0.803634 0 0.595124
    outer loop
      vertex 58.9101 -0.75 35.9445
      vertex 58.869 -2.75 36
      vertex 58.9101 -2.75 35.9445
    endloop
  endfacet
  facet normal 0.903939 -0 0.427661
    outer loop
      vertex 59.0867 -2.75 35.6499
      vertex 59.2336 -0.75 35.3394
      vertex 59.0867 -0.75 35.6499
    endloop
  endfacet
  facet normal 0.903939 0 0.427661
    outer loop
      vertex 59.2336 -0.75 35.3394
      vertex 59.0867 -2.75 35.6499
      vertex 59.2336 -2.75 35.3394
    endloop
  endfacet
  facet normal -0.989172 0 0.14676
    outer loop
      vertex 52.5169 -2.75 34.3431
      vertex 52.5673 -0.75 34.6828
      vertex 52.5169 -0.75 34.3431
    endloop
  endfacet
  facet normal -0.989172 0 0.14676
    outer loop
      vertex 52.5673 -0.75 34.6828
      vertex 52.5169 -2.75 34.3431
      vertex 52.5673 -2.75 34.6828
    endloop
  endfacet
  facet normal 0.989172 0 -0.14676
    outer loop
      vertex 59.4831 -2.75 33.6569
      vertex 59.4327 -0.75 33.3172
      vertex 59.4831 -0.75 33.6569
    endloop
  endfacet
  facet normal 0.989172 0 -0.14676
    outer loop
      vertex 59.4327 -0.75 33.3172
      vertex 59.4831 -2.75 33.6569
      vertex 59.4327 -2.75 33.3172
    endloop
  endfacet
  facet normal 0.941557 -0 0.336853
    outer loop
      vertex 59.2336 -2.75 35.3394
      vertex 59.3493 -0.75 35.016
      vertex 59.2336 -0.75 35.3394
    endloop
  endfacet
  facet normal 0.941557 0 0.336853
    outer loop
      vertex 59.3493 -0.75 35.016
      vertex 59.2336 -2.75 35.3394
      vertex 59.3493 -2.75 35.016
    endloop
  endfacet
  facet normal 0.857698 -0 0.514153
    outer loop
      vertex 58.9101 -2.75 35.9445
      vertex 59.0867 -0.75 35.6499
      vertex 58.9101 -0.75 35.9445
    endloop
  endfacet
  facet normal 0.857698 0 0.514153
    outer loop
      vertex 59.0867 -0.75 35.6499
      vertex 58.9101 -2.75 35.9445
      vertex 59.0867 -2.75 35.6499
    endloop
  endfacet
  facet normal -0.903939 0 0.427661
    outer loop
      vertex 52.7664 -2.75 35.3394
      vertex 52.9133 -0.75 35.6499
      vertex 52.7664 -0.75 35.3394
    endloop
  endfacet
  facet normal -0.903939 0 0.427661
    outer loop
      vertex 52.9133 -0.75 35.6499
      vertex 52.7664 -2.75 35.3394
      vertex 52.9133 -2.75 35.6499
    endloop
  endfacet
  facet normal -0.970074 0 0.24281
    outer loop
      vertex 52.5673 -2.75 34.6828
      vertex 52.6507 -0.75 35.016
      vertex 52.5673 -0.75 34.6828
    endloop
  endfacet
  facet normal -0.970074 0 0.24281
    outer loop
      vertex 52.6507 -0.75 35.016
      vertex 52.5673 -2.75 34.6828
      vertex 52.6507 -2.75 35.016
    endloop
  endfacet
  facet normal -0.803634 0 0.595124
    outer loop
      vertex 53.0899 -2.75 35.9445
      vertex 53.131 -0.75 36
      vertex 53.0899 -0.75 35.9445
    endloop
  endfacet
  facet normal -0.803634 0 0.595124
    outer loop
      vertex 53.131 -0.75 36
      vertex 53.0899 -2.75 35.9445
      vertex 53.131 -2.75 36
    endloop
  endfacet
  facet normal 1 -0 0
    outer loop
      vertex 44 -2.75 36
      vertex 44 -0.75 6.86898
      vertex 44 -0.75 36
    endloop
  endfacet
  facet normal 1 0 0
    outer loop
      vertex 44 -0.75 6.86898
      vertex 44 -2.75 36
      vertex 44 -2.75 6.86898
    endloop
  endfacet
  facet normal -1 0 0
    outer loop
      vertex 68 -2.75 6.86898
      vertex 68 -0.75 36
      vertex 68 -0.75 6.86898
    endloop
  endfacet
  facet normal -1 -0 0
    outer loop
      vertex 68 -0.75 36
      vertex 68 -2.75 6.86898
      vertex 68 -2.75 36
    endloop
  endfacet
  facet normal -0 0 1
    outer loop
      vertex 48.869 -0.75 2
      vertex 63.131 -2.75 2
      vertex 63.131 -0.75 2
    endloop
  endfacet
  facet normal 0 0 1
    outer loop
      vertex 63.131 -2.75 2
      vertex 48.869 -0.75 2
      vertex 48.869 -2.75 2
    endloop
  endfacet
  facet normal 0 1 0
    outer loop
      vertex 57.016 -2.75 30.6507
      vertex 64.6606 -2.75 7.23358
      vertex 56.6828 -2.75 30.5673
    endloop
  endfacet
  facet normal 0 1 0
    outer loop
      vertex 56 -2.75 30.5
      vertex 46.3431 -2.75 7.48315
      vertex 46 -2.75 7.5
    endloop
  endfacet
  facet normal 0 1 -0
    outer loop
      vertex 64.3501 -2.75 7.08673
      vertex 56.6828 -2.75 30.5673
      vertex 64.6606 -2.75 7.23358
    endloop
  endfacet
  facet normal 0 1 0
    outer loop
      vertex 56 -2.75 30.5
      vertex 46.6828 -2.75 7.43275
      vertex 46.3431 -2.75 7.48315
    endloop
  endfacet
  facet normal 0 1 0
    outer loop
      vertex 56.6828 -2.75 30.5673
      vertex 64.3501 -2.75 7.08673
      vertex 56.3431 -2.75 30.5169
    endloop
  endfacet
  facet normal 0 1 0
    outer loop
      vertex 56 -2.75 30.5
      vertex 47.016 -2.75 7.34929
      vertex 46.6828 -2.75 7.43275
    endloop
  endfacet
  facet normal 0 1 -0
    outer loop
      vertex 64.0555 -2.75 6.91014
      vertex 56.3431 -2.75 30.5169
      vertex 64.3501 -2.75 7.08673
    endloop
  endfacet
  facet normal 0 1 0
    outer loop
      vertex 56 -2.75 30.5
      vertex 47.3394 -2.75 7.23358
      vertex 47.016 -2.75 7.34929
    endloop
  endfacet
  facet normal 0 1 0
    outer loop
      vertex 56.3431 -2.75 30.5169
      vertex 64.0555 -2.75 6.91014
      vertex 56 -2.75 30.5
    endloop
  endfacet
  facet normal 0 1 0
    outer loop
      vertex 56 -2.75 30.5
      vertex 47.6499 -2.75 7.08673
      vertex 47.3394 -2.75 7.23358
    endloop
  endfacet
  facet normal 0 1 0
    outer loop
      vertex 47.9445 -2.75 6.91014
      vertex 56 -2.75 30.5
      vertex 64.0555 -2.75 6.91014
    endloop
  endfacet
  facet normal 0 1 0
    outer loop
      vertex 56 -2.75 30.5
      vertex 47.9445 -2.75 6.91014
      vertex 47.6499 -2.75 7.08673
    endloop
  endfacet
  facet normal 0 1 -0
    outer loop
      vertex 63.7796 -2.75 6.70554
      vertex 47.9445 -2.75 6.91014
      vertex 64.0555 -2.75 6.91014
    endloop
  endfacet
  facet normal 0 1 0
    outer loop
      vertex 63.7796 -2.75 6.70554
      vertex 48.2204 -2.75 6.70554
      vertex 47.9445 -2.75 6.91014
    endloop
  endfacet
  facet normal 0 1 -0
    outer loop
      vertex 63.5251 -2.75 6.47487
      vertex 48.2204 -2.75 6.70554
      vertex 63.7796 -2.75 6.70554
    endloop
  endfacet
  facet normal 0 1 0
    outer loop
      vertex 63.5251 -2.75 6.47487
      vertex 48.4749 -2.75 6.47487
      vertex 48.2204 -2.75 6.70554
    endloop
  endfacet
  facet normal 0 1 -0
    outer loop
      vertex 63.2945 -2.75 6.22038
      vertex 48.4749 -2.75 6.47487
      vertex 63.5251 -2.75 6.47487
    endloop
  endfacet
  facet normal 0 1 0
    outer loop
      vertex 63.2945 -2.75 6.22038
      vertex 48.7055 -2.75 6.22038
      vertex 48.4749 -2.75 6.47487
    endloop
  endfacet
  facet normal 0 1 -0
    outer loop
      vertex 63.0899 -2.75 5.9445
      vertex 48.7055 -2.75 6.22038
      vertex 63.2945 -2.75 6.22038
    endloop
  endfacet
  facet normal 0 1 0
    outer loop
      vertex 63.0899 -2.75 5.9445
      vertex 48.9101 -2.75 5.9445
      vertex 48.7055 -2.75 6.22038
    endloop
  endfacet
  facet normal 0 1 -0
    outer loop
      vertex 62.9133 -2.75 5.64989
      vertex 48.9101 -2.75 5.9445
      vertex 63.0899 -2.75 5.9445
    endloop
  endfacet
  facet normal 0 1 0
    outer loop
      vertex 62.9133 -2.75 5.64989
      vertex 49.0867 -2.75 5.64989
      vertex 48.9101 -2.75 5.9445
    endloop
  endfacet
  facet normal 0 1 -0
    outer loop
      vertex 62.7664 -2.75 5.33939
      vertex 49.0867 -2.75 5.64989
      vertex 62.9133 -2.75 5.64989
    endloop
  endfacet
  facet normal 0 1 0
    outer loop
      vertex 62.7664 -2.75 5.33939
      vertex 49.2336 -2.75 5.33939
      vertex 49.0867 -2.75 5.64989
    endloop
  endfacet
  facet normal 0 1 -0
    outer loop
      vertex 62.6507 -2.75 5.016
      vertex 49.2336 -2.75 5.33939
      vertex 62.7664 -2.75 5.33939
    endloop
  endfacet
  facet normal 0 1 0
    outer loop
      vertex 62.6507 -2.75 5.016
      vertex 49.3493 -2.75 5.016
      vertex 49.2336 -2.75 5.33939
    endloop
  endfacet
  facet normal 0 1 -0
    outer loop
      vertex 62.5673 -2.75 4.68282
      vertex 49.3493 -2.75 5.016
      vertex 62.6507 -2.75 5.016
    endloop
  endfacet
  facet normal 0 1 0
    outer loop
      vertex 62.5673 -2.75 4.68282
      vertex 49.4327 -2.75 4.68282
      vertex 49.3493 -2.75 5.016
    endloop
  endfacet
  facet normal 0 1 -0
    outer loop
      vertex 62.5169 -2.75 4.34306
      vertex 49.4327 -2.75 4.68282
      vertex 62.5673 -2.75 4.68282
    endloop
  endfacet
  facet normal 0 1 0
    outer loop
      vertex 62.5169 -2.75 4.34306
      vertex 49.4831 -2.75 4.34306
      vertex 49.4327 -2.75 4.68282
    endloop
  endfacet
  facet normal 0 1 -0
    outer loop
      vertex 62.5 -2.75 4
      vertex 49.4831 -2.75 4.34306
      vertex 62.5169 -2.75 4.34306
    endloop
  endfacet
  facet normal 0 1 0
    outer loop
      vertex 62.5 -2.75 4
      vertex 49.5 -2.75 4
      vertex 49.4831 -2.75 4.34306
    endloop
  endfacet
  facet normal 0 1 0
    outer loop
      vertex 62.5169 -2.75 3.65694
      vertex 49.5 -2.75 4
      vertex 62.5 -2.75 4
    endloop
  endfacet
  facet normal 0 1 0
    outer loop
      vertex 62.5169 -2.75 3.65694
      vertex 49.4831 -2.75 3.65694
      vertex 49.5 -2.75 4
    endloop
  endfacet
  facet normal 0 1 0
    outer loop
      vertex 62.5673 -2.75 3.31718
      vertex 49.4831 -2.75 3.65694
      vertex 62.5169 -2.75 3.65694
    endloop
  endfacet
  facet normal 0 1 0
    outer loop
      vertex 62.5673 -2.75 3.31718
      vertex 49.4327 -2.75 3.31718
      vertex 49.4831 -2.75 3.65694
    endloop
  endfacet
  facet normal 0 1 0
    outer loop
      vertex 62.6507 -2.75 2.984
      vertex 49.4327 -2.75 3.31718
      vertex 62.5673 -2.75 3.31718
    endloop
  endfacet
  facet normal 0 1 0
    outer loop
      vertex 62.6507 -2.75 2.984
      vertex 49.3493 -2.75 2.984
      vertex 49.4327 -2.75 3.31718
    endloop
  endfacet
  facet normal 0 1 0
    outer loop
      vertex 62.7664 -2.75 2.66061
      vertex 49.3493 -2.75 2.984
      vertex 62.6507 -2.75 2.984
    endloop
  endfacet
  facet normal 0 1 0
    outer loop
      vertex 62.7664 -2.75 2.66061
      vertex 49.2336 -2.75 2.66061
      vertex 49.3493 -2.75 2.984
    endloop
  endfacet
  facet normal 0 1 0
    outer loop
      vertex 62.9133 -2.75 2.35011
      vertex 49.2336 -2.75 2.66061
      vertex 62.7664 -2.75 2.66061
    endloop
  endfacet
  facet normal 0 1 0
    outer loop
      vertex 62.9133 -2.75 2.35011
      vertex 49.0867 -2.75 2.35011
      vertex 49.2336 -2.75 2.66061
    endloop
  endfacet
  facet normal 0 1 0
    outer loop
      vertex 63.0899 -2.75 2.0555
      vertex 49.0867 -2.75 2.35011
      vertex 62.9133 -2.75 2.35011
    endloop
  endfacet
  facet normal 0 1 0
    outer loop
      vertex 63.0899 -2.75 2.0555
      vertex 48.9101 -2.75 2.0555
      vertex 49.0867 -2.75 2.35011
    endloop
  endfacet
  facet normal 0 1 0
    outer loop
      vertex 63.131 -2.75 2
      vertex 48.9101 -2.75 2.0555
      vertex 63.0899 -2.75 2.0555
    endloop
  endfacet
  facet normal 0 1 0
    outer loop
      vertex 48.9101 -2.75 2.0555
      vertex 63.131 -2.75 2
      vertex 48.869 -2.75 2
    endloop
  endfacet
  facet normal 0 1 0
    outer loop
      vertex 68 -2.75 36
      vertex 58.9101 -2.75 35.9445
      vertex 58.869 -2.75 36
    endloop
  endfacet
  facet normal 0 1 0
    outer loop
      vertex 68 -2.75 36
      vertex 59.0867 -2.75 35.6499
      vertex 58.9101 -2.75 35.9445
    endloop
  endfacet
  facet normal 0 1 0
    outer loop
      vertex 68 -2.75 36
      vertex 59.2336 -2.75 35.3394
      vertex 59.0867 -2.75 35.6499
    endloop
  endfacet
  facet normal 0 1 0
    outer loop
      vertex 68 -2.75 36
      vertex 59.3493 -2.75 35.016
      vertex 59.2336 -2.75 35.3394
    endloop
  endfacet
  facet normal 0 1 0
    outer loop
      vertex 68 -2.75 36
      vertex 59.4327 -2.75 34.6828
      vertex 59.3493 -2.75 35.016
    endloop
  endfacet
  facet normal 0 1 0
    outer loop
      vertex 68 -2.75 36
      vertex 59.4831 -2.75 34.3431
      vertex 59.4327 -2.75 34.6828
    endloop
  endfacet
  facet normal 0 1 0
    outer loop
      vertex 68 -2.75 36
      vertex 59.5 -2.75 34
      vertex 59.4831 -2.75 34.3431
    endloop
  endfacet
  facet normal 0 1 0
    outer loop
      vertex 68 -2.75 36
      vertex 59.4831 -2.75 33.6569
      vertex 59.5 -2.75 34
    endloop
  endfacet
  facet normal 0 1 0
    outer loop
      vertex 68 -2.75 36
      vertex 59.4327 -2.75 33.3172
      vertex 59.4831 -2.75 33.6569
    endloop
  endfacet
  facet normal 0 1 0
    outer loop
      vertex 68 -2.75 36
      vertex 59.3493 -2.75 32.984
      vertex 59.4327 -2.75 33.3172
    endloop
  endfacet
  facet normal 0 1 0
    outer loop
      vertex 68 -2.75 36
      vertex 59.2336 -2.75 32.6606
      vertex 59.3493 -2.75 32.984
    endloop
  endfacet
  facet normal 0 1 0
    outer loop
      vertex 68 -2.75 36
      vertex 59.0867 -2.75 32.3501
      vertex 59.2336 -2.75 32.6606
    endloop
  endfacet
  facet normal 0 1 0
    outer loop
      vertex 68 -2.75 36
      vertex 58.9101 -2.75 32.0555
      vertex 59.0867 -2.75 32.3501
    endloop
  endfacet
  facet normal 0 1 0
    outer loop
      vertex 68 -2.75 36
      vertex 58.7055 -2.75 31.7796
      vertex 58.9101 -2.75 32.0555
    endloop
  endfacet
  facet normal 0 1 0
    outer loop
      vertex 68 -2.75 36
      vertex 58.4749 -2.75 31.5251
      vertex 58.7055 -2.75 31.7796
    endloop
  endfacet
  facet normal 0 1 -0
    outer loop
      vertex 66.6828 -2.75 7.43275
      vertex 58.4749 -2.75 31.5251
      vertex 68 -2.75 36
    endloop
  endfacet
  facet normal -0 1 -0
    outer loop
      vertex 66.3431 -2.75 7.48315
      vertex 58.4749 -2.75 31.5251
      vertex 66.6828 -2.75 7.43275
    endloop
  endfacet
  facet normal 0 1 0
    outer loop
      vertex 58.4749 -2.75 31.5251
      vertex 66.3431 -2.75 7.48315
      vertex 58.2204 -2.75 31.2945
    endloop
  endfacet
  facet normal 0 1 0
    outer loop
      vertex 57.3394 -2.75 30.7664
      vertex 64.984 -2.75 7.34929
      vertex 57.016 -2.75 30.6507
    endloop
  endfacet
  facet normal 0 1 -0
    outer loop
      vertex 64.984 -2.75 7.34929
      vertex 57.3394 -2.75 30.7664
      vertex 65.3172 -2.75 7.43275
    endloop
  endfacet
  facet normal 0 1 0
    outer loop
      vertex 57.6499 -2.75 30.9133
      vertex 65.3172 -2.75 7.43275
      vertex 57.3394 -2.75 30.7664
    endloop
  endfacet
  facet normal 0 1 -0
    outer loop
      vertex 65.3172 -2.75 7.43275
      vertex 57.6499 -2.75 30.9133
      vertex 65.6569 -2.75 7.48315
    endloop
  endfacet
  facet normal 0 1 0
    outer loop
      vertex 57.9445 -2.75 31.0899
      vertex 65.6569 -2.75 7.48315
      vertex 57.6499 -2.75 30.9133
    endloop
  endfacet
  facet normal 0 1 0
    outer loop
      vertex 58.2204 -2.75 31.2945
      vertex 66 -2.75 7.5
      vertex 57.9445 -2.75 31.0899
    endloop
  endfacet
  facet normal 0 1 -0
    outer loop
      vertex 65.6569 -2.75 7.48315
      vertex 57.9445 -2.75 31.0899
      vertex 66 -2.75 7.5
    endloop
  endfacet
  facet normal -0 1 -0
    outer loop
      vertex 66 -2.75 7.5
      vertex 58.2204 -2.75 31.2945
      vertex 66.3431 -2.75 7.48315
    endloop
  endfacet
  facet normal 0 1 0
    outer loop
      vertex 68 -2.75 36
      vertex 67.016 -2.75 7.34929
      vertex 66.6828 -2.75 7.43275
    endloop
  endfacet
  facet normal 0 1 0
    outer loop
      vertex 68 -2.75 36
      vertex 67.3394 -2.75 7.23358
      vertex 67.016 -2.75 7.34929
    endloop
  endfacet
  facet normal 0 1 0
    outer loop
      vertex 68 -2.75 36
      vertex 67.6499 -2.75 7.08673
      vertex 67.3394 -2.75 7.23358
    endloop
  endfacet
  facet normal 0 1 0
    outer loop
      vertex 68 -2.75 36
      vertex 67.9445 -2.75 6.91014
      vertex 67.6499 -2.75 7.08673
    endloop
  endfacet
  facet normal -0 1 0
    outer loop
      vertex 67.9445 -2.75 6.91014
      vertex 68 -2.75 36
      vertex 68 -2.75 6.86898
    endloop
  endfacet
  facet normal 0 1 -0
    outer loop
      vertex 53.0899 -2.75 35.9445
      vertex 44 -2.75 36
      vertex 53.131 -2.75 36
    endloop
  endfacet
  facet normal 0 1 -0
    outer loop
      vertex 52.9133 -2.75 35.6499
      vertex 44 -2.75 36
      vertex 53.0899 -2.75 35.9445
    endloop
  endfacet
  facet normal 0 1 -0
    outer loop
      vertex 52.7664 -2.75 35.3394
      vertex 44 -2.75 36
      vertex 52.9133 -2.75 35.6499
    endloop
  endfacet
  facet normal 0 1 -0
    outer loop
      vertex 52.6507 -2.75 35.016
      vertex 44 -2.75 36
      vertex 52.7664 -2.75 35.3394
    endloop
  endfacet
  facet normal 0 1 -0
    outer loop
      vertex 52.5673 -2.75 34.6828
      vertex 44 -2.75 36
      vertex 52.6507 -2.75 35.016
    endloop
  endfacet
  facet normal 0 1 -0
    outer loop
      vertex 52.5169 -2.75 34.3431
      vertex 44 -2.75 36
      vertex 52.5673 -2.75 34.6828
    endloop
  endfacet
  facet normal 0 1 -0
    outer loop
      vertex 52.5 -2.75 34
      vertex 44 -2.75 36
      vertex 52.5169 -2.75 34.3431
    endloop
  endfacet
  facet normal 0 1 0
    outer loop
      vertex 52.5169 -2.75 33.6569
      vertex 44 -2.75 36
      vertex 52.5 -2.75 34
    endloop
  endfacet
  facet normal 0 1 0
    outer loop
      vertex 52.5673 -2.75 33.3172
      vertex 44 -2.75 36
      vertex 52.5169 -2.75 33.6569
    endloop
  endfacet
  facet normal 0 1 0
    outer loop
      vertex 52.6507 -2.75 32.984
      vertex 44 -2.75 36
      vertex 52.5673 -2.75 33.3172
    endloop
  endfacet
  facet normal 0 1 0
    outer loop
      vertex 52.7664 -2.75 32.6606
      vertex 44 -2.75 36
      vertex 52.6507 -2.75 32.984
    endloop
  endfacet
  facet normal 0 1 0
    outer loop
      vertex 52.9133 -2.75 32.3501
      vertex 44 -2.75 36
      vertex 52.7664 -2.75 32.6606
    endloop
  endfacet
  facet normal 0 1 0
    outer loop
      vertex 53.0899 -2.75 32.0555
      vertex 44 -2.75 36
      vertex 52.9133 -2.75 32.3501
    endloop
  endfacet
  facet normal 0 1 0
    outer loop
      vertex 53.2945 -2.75 31.7796
      vertex 44 -2.75 36
      vertex 53.0899 -2.75 32.0555
    endloop
  endfacet
  facet normal 0 1 0
    outer loop
      vertex 53.5251 -2.75 31.5251
      vertex 44 -2.75 36
      vertex 53.2945 -2.75 31.7796
    endloop
  endfacet
  facet normal 0 1 0
    outer loop
      vertex 45.6569 -2.75 7.48315
      vertex 53.5251 -2.75 31.5251
      vertex 53.7796 -2.75 31.2945
    endloop
  endfacet
  facet normal 0 1 0
    outer loop
      vertex 46 -2.75 7.5
      vertex 53.7796 -2.75 31.2945
      vertex 54.0555 -2.75 31.0899
    endloop
  endfacet
  facet normal 0 1 0
    outer loop
      vertex 46 -2.75 7.5
      vertex 54.0555 -2.75 31.0899
      vertex 54.3501 -2.75 30.9133
    endloop
  endfacet
  facet normal 0 1 -0
    outer loop
      vertex 64.6606 -2.75 7.23358
      vertex 57.016 -2.75 30.6507
      vertex 64.984 -2.75 7.34929
    endloop
  endfacet
  facet normal 0 1 0
    outer loop
      vertex 56 -2.75 30.5
      vertex 46 -2.75 7.5
      vertex 55.6569 -2.75 30.5169
    endloop
  endfacet
  facet normal 0 1 0
    outer loop
      vertex 55.6569 -2.75 30.5169
      vertex 46 -2.75 7.5
      vertex 55.3172 -2.75 30.5673
    endloop
  endfacet
  facet normal 0 1 0
    outer loop
      vertex 55.3172 -2.75 30.5673
      vertex 46 -2.75 7.5
      vertex 54.984 -2.75 30.6507
    endloop
  endfacet
  facet normal 0 1 0
    outer loop
      vertex 54.984 -2.75 30.6507
      vertex 46 -2.75 7.5
      vertex 54.6606 -2.75 30.7664
    endloop
  endfacet
  facet normal 0 1 0
    outer loop
      vertex 54.6606 -2.75 30.7664
      vertex 46 -2.75 7.5
      vertex 54.3501 -2.75 30.9133
    endloop
  endfacet
  facet normal 0 1 0
    outer loop
      vertex 53.7796 -2.75 31.2945
      vertex 46 -2.75 7.5
      vertex 45.6569 -2.75 7.48315
    endloop
  endfacet
  facet normal 0 1 0
    outer loop
      vertex 53.5251 -2.75 31.5251
      vertex 45.6569 -2.75 7.48315
      vertex 45.3172 -2.75 7.43275
    endloop
  endfacet
  facet normal 0 1 0
    outer loop
      vertex 53.5251 -2.75 31.5251
      vertex 45.3172 -2.75 7.43275
      vertex 44 -2.75 36
    endloop
  endfacet
  facet normal 0 1 -0
    outer loop
      vertex 44.984 -2.75 7.34929
      vertex 44 -2.75 36
      vertex 45.3172 -2.75 7.43275
    endloop
  endfacet
  facet normal 0 1 -0
    outer loop
      vertex 44.6606 -2.75 7.23358
      vertex 44 -2.75 36
      vertex 44.984 -2.75 7.34929
    endloop
  endfacet
  facet normal 0 1 -0
    outer loop
      vertex 44.3501 -2.75 7.08673
      vertex 44 -2.75 36
      vertex 44.6606 -2.75 7.23358
    endloop
  endfacet
  facet normal 0 1 -0
    outer loop
      vertex 44.0555 -2.75 6.91014
      vertex 44 -2.75 36
      vertex 44.3501 -2.75 7.08673
    endloop
  endfacet
  facet normal 0 1 0
    outer loop
      vertex 44 -2.75 36
      vertex 44.0555 -2.75 6.91014
      vertex 44 -2.75 6.86898
    endloop
  endfacet
  facet normal 0 0 -1
    outer loop
      vertex 44 -2.75 36
      vertex 53.131 -0.75 36
      vertex 53.131 -2.75 36
    endloop
  endfacet
  facet normal -0 0 -1
    outer loop
      vertex 53.131 -0.75 36
      vertex 44 -2.75 36
      vertex 44 -0.75 36
    endloop
  endfacet
  facet normal 0 0 -1
    outer loop
      vertex 58.869 -2.75 36
      vertex 68 -0.75 36
      vertex 68 -2.75 36
    endloop
  endfacet
  facet normal -0 0 -1
    outer loop
      vertex 68 -0.75 36
      vertex 58.869 -2.75 36
      vertex 58.869 -0.75 36
    endloop
  endfacet
endsolid OpenSCAD_Model
