solid OpenSCAD_Model
  facet normal -0.998794 0 0.0491058
    outer loop
      vertex 36.4294 -2.75 13.2844
      vertex 36.44 -0.75 13.5
      vertex 36.4294 -0.75 13.2844
    endloop
  endfacet
  facet normal -0.998794 0 0.0491058
    outer loop
      vertex 36.44 -0.75 13.5
      vertex 36.4294 -2.75 13.2844
      vertex 36.44 -2.75 13.5
    endloop
  endfacet
  facet normal 0.0491058 0 0.998794
    outer loop
      vertex 34.0244 -0.75 11.3106
      vertex 34.24 -2.75 11.3
      vertex 34.24 -0.75 11.3
    endloop
  endfacet
  facet normal 0.0491058 0 0.998794
    outer loop
      vertex 34.24 -2.75 11.3
      vertex 34.0244 -0.75 11.3106
      vertex 34.0244 -2.75 11.3106
    endloop
  endfacet
  facet normal -0.0490831 0 -0.998795
    outer loop
      vertex 34.24 -2.75 15.7
      vertex 34.4557 -0.75 15.6894
      vertex 34.4557 -2.75 15.6894
    endloop
  endfacet
  facet normal -0.0490831 0 -0.998795
    outer loop
      vertex 34.4557 -0.75 15.6894
      vertex 34.24 -2.75 15.7
      vertex 34.24 -0.75 15.7
    endloop
  endfacet
  facet normal -0.671519 0 0.740987
    outer loop
      vertex 35.6357 -0.75 11.7994
      vertex 35.7957 -2.75 11.9444
      vertex 35.7957 -0.75 11.9444
    endloop
  endfacet
  facet normal -0.671519 0 0.740987
    outer loop
      vertex 35.7957 -2.75 11.9444
      vertex 35.6357 -0.75 11.7994
      vertex 35.6357 -2.75 11.7994
    endloop
  endfacet
  facet normal 0.740778 -0 0.67175
    outer loop
      vertex 32.5394 -2.75 12.1043
      vertex 32.6844 -0.75 11.9444
      vertex 32.5394 -0.75 12.1043
    endloop
  endfacet
  facet normal 0.740778 0 0.67175
    outer loop
      vertex 32.6844 -0.75 11.9444
      vertex 32.5394 -2.75 12.1043
      vertex 32.6844 -2.75 11.9444
    endloop
  endfacet
  facet normal 0.427648 0 0.903945
    outer loop
      vertex 33.203 -0.75 11.5598
      vertex 33.3981 -2.75 11.4675
      vertex 33.3981 -0.75 11.4675
    endloop
  endfacet
  facet normal 0.427648 0 0.903945
    outer loop
      vertex 33.3981 -2.75 11.4675
      vertex 33.203 -0.75 11.5598
      vertex 33.203 -2.75 11.5598
    endloop
  endfacet
  facet normal -0.90403 0 0.427469
    outer loop
      vertex 36.1803 -2.75 12.4629
      vertex 36.2726 -0.75 12.6581
      vertex 36.1803 -0.75 12.4629
    endloop
  endfacet
  facet normal -0.90403 0 0.427469
    outer loop
      vertex 36.2726 -0.75 12.6581
      vertex 36.1803 -2.75 12.4629
      vertex 36.2726 -2.75 12.6581
    endloop
  endfacet
  facet normal -0.337275 0 0.941406
    outer loop
      vertex 34.8787 -0.75 11.3947
      vertex 35.0819 -2.75 11.4675
      vertex 35.0819 -0.75 11.4675
    endloop
  endfacet
  facet normal -0.337275 0 0.941406
    outer loop
      vertex 35.0819 -2.75 11.4675
      vertex 34.8787 -0.75 11.3947
      vertex 34.8787 -2.75 11.3947
    endloop
  endfacet
  facet normal -0.514087 0 0.857738
    outer loop
      vertex 35.2771 -0.75 11.5598
      vertex 35.4623 -2.75 11.6708
      vertex 35.4623 -0.75 11.6708
    endloop
  endfacet
  facet normal -0.514087 0 0.857738
    outer loop
      vertex 35.4623 -2.75 11.6708
      vertex 35.2771 -0.75 11.5598
      vertex 35.2771 -2.75 11.5598
    endloop
  endfacet
  facet normal 0.941606 -0 0.336718
    outer loop
      vertex 32.1348 -2.75 12.8614
      vertex 32.2075 -0.75 12.6581
      vertex 32.1348 -0.75 12.8614
    endloop
  endfacet
  facet normal 0.941606 0 0.336718
    outer loop
      vertex 32.2075 -0.75 12.6581
      vertex 32.1348 -2.75 12.8614
      vertex 32.2075 -2.75 12.6581
    endloop
  endfacet
  facet normal 0.242754 0 0.970088
    outer loop
      vertex 33.6014 -0.75 11.3947
      vertex 33.8108 -2.75 11.3423
      vertex 33.8108 -0.75 11.3423
    endloop
  endfacet
  facet normal 0.242754 0 0.970088
    outer loop
      vertex 33.8108 -2.75 11.3423
      vertex 33.6014 -0.75 11.3947
      vertex 33.6014 -2.75 11.3947
    endloop
  endfacet
  facet normal -0.969979 0 -0.24319
    outer loop
      vertex 36.3978 -2.75 13.9292
      vertex 36.3453 -0.75 14.1386
      vertex 36.3978 -0.75 13.9292
    endloop
  endfacet
  facet normal -0.969979 -0 -0.24319
    outer loop
      vertex 36.3453 -0.75 14.1386
      vertex 36.3978 -2.75 13.9292
      vertex 36.3453 -2.75 14.1386
    endloop
  endfacet
  facet normal 0.671519 0 -0.740987
    outer loop
      vertex 32.6844 -2.75 15.0556
      vertex 32.8444 -0.75 15.2006
      vertex 32.8444 -2.75 15.2006
    endloop
  endfacet
  facet normal 0.671519 0 -0.740987
    outer loop
      vertex 32.8444 -0.75 15.2006
      vertex 32.6844 -2.75 15.0556
      vertex 32.6844 -0.75 15.0556
    endloop
  endfacet
  facet normal -0.969979 0 0.24319
    outer loop
      vertex 36.3453 -2.75 12.8614
      vertex 36.3978 -0.75 13.0708
      vertex 36.3453 -0.75 12.8614
    endloop
  endfacet
  facet normal -0.969979 0 0.24319
    outer loop
      vertex 36.3978 -0.75 13.0708
      vertex 36.3453 -2.75 12.8614
      vertex 36.3978 -2.75 13.0708
    endloop
  endfacet
  facet normal -0.989233 0 0.146347
    outer loop
      vertex 36.3978 -2.75 13.0708
      vertex 36.4294 -0.75 13.2844
      vertex 36.3978 -0.75 13.0708
    endloop
  endfacet
  facet normal -0.989233 0 0.146347
    outer loop
      vertex 36.4294 -0.75 13.2844
      vertex 36.3978 -2.75 13.0708
      vertex 36.4294 -2.75 13.2844
    endloop
  endfacet
  facet normal -0.941606 0 0.336718
    outer loop
      vertex 36.2726 -2.75 12.6581
      vertex 36.3453 -0.75 12.8614
      vertex 36.2726 -0.75 12.6581
    endloop
  endfacet
  facet normal -0.941606 0 0.336718
    outer loop
      vertex 36.3453 -0.75 12.8614
      vertex 36.2726 -2.75 12.6581
      vertex 36.3453 -2.75 12.8614
    endloop
  endfacet
  facet normal -0.803212 0 0.595693
    outer loop
      vertex 35.9407 -2.75 12.1043
      vertex 36.0693 -0.75 12.2777
      vertex 35.9407 -0.75 12.1043
    endloop
  endfacet
  facet normal -0.803212 0 0.595693
    outer loop
      vertex 36.0693 -0.75 12.2777
      vertex 35.9407 -2.75 12.1043
      vertex 36.0693 -2.75 12.2777
    endloop
  endfacet
  facet normal -0.740778 0 0.67175
    outer loop
      vertex 35.7957 -2.75 11.9444
      vertex 35.9407 -0.75 12.1043
      vertex 35.7957 -0.75 11.9444
    endloop
  endfacet
  facet normal -0.740778 0 0.67175
    outer loop
      vertex 35.9407 -0.75 12.1043
      vertex 35.7957 -2.75 11.9444
      vertex 35.9407 -2.75 12.1043
    endloop
  endfacet
  facet normal -0.857738 0 0.514087
    outer loop
      vertex 36.0693 -2.75 12.2777
      vertex 36.1803 -0.75 12.4629
      vertex 36.0693 -0.75 12.2777
    endloop
  endfacet
  facet normal -0.857738 0 0.514087
    outer loop
      vertex 36.1803 -0.75 12.4629
      vertex 36.0693 -2.75 12.2777
      vertex 36.1803 -2.75 12.4629
    endloop
  endfacet
  facet normal -0.146868 0 0.989156
    outer loop
      vertex 34.4557 -0.75 11.3106
      vertex 34.6692 -2.75 11.3423
      vertex 34.6692 -0.75 11.3423
    endloop
  endfacet
  facet normal -0.146868 0 0.989156
    outer loop
      vertex 34.6692 -2.75 11.3423
      vertex 34.4557 -0.75 11.3106
      vertex 34.4557 -2.75 11.3106
    endloop
  endfacet
  facet normal -0.242645 0 0.970115
    outer loop
      vertex 34.6692 -0.75 11.3423
      vertex 34.8787 -2.75 11.3947
      vertex 34.8787 -0.75 11.3947
    endloop
  endfacet
  facet normal -0.242645 0 0.970115
    outer loop
      vertex 34.8787 -2.75 11.3947
      vertex 34.6692 -0.75 11.3423
      vertex 34.6692 -2.75 11.3423
    endloop
  endfacet
  facet normal -0.0490831 0 0.998795
    outer loop
      vertex 34.24 -0.75 11.3
      vertex 34.4557 -2.75 11.3106
      vertex 34.4557 -0.75 11.3106
    endloop
  endfacet
  facet normal -0.0490831 0 0.998795
    outer loop
      vertex 34.4557 -2.75 11.3106
      vertex 34.24 -0.75 11.3
      vertex 34.24 -2.75 11.3
    endloop
  endfacet
  facet normal -0.427469 0 0.90403
    outer loop
      vertex 35.0819 -0.75 11.4675
      vertex 35.2771 -2.75 11.5598
      vertex 35.2771 -0.75 11.5598
    endloop
  endfacet
  facet normal -0.427469 0 0.90403
    outer loop
      vertex 35.2771 -2.75 11.5598
      vertex 35.0819 -0.75 11.4675
      vertex 35.0819 -2.75 11.4675
    endloop
  endfacet
  facet normal -0.595693 0 0.803212
    outer loop
      vertex 35.4623 -0.75 11.6708
      vertex 35.6357 -2.75 11.7994
      vertex 35.6357 -0.75 11.7994
    endloop
  endfacet
  facet normal -0.595693 0 0.803212
    outer loop
      vertex 35.6357 -2.75 11.7994
      vertex 35.4623 -0.75 11.6708
      vertex 35.4623 -2.75 11.6708
    endloop
  endfacet
  facet normal 0.989166 -0 0.1468
    outer loop
      vertex 32.0506 -2.75 13.2844
      vertex 32.0823 -0.75 13.0708
      vertex 32.0506 -0.75 13.2844
    endloop
  endfacet
  facet normal 0.989166 0 0.1468
    outer loop
      vertex 32.0823 -0.75 13.0708
      vertex 32.0506 -2.75 13.2844
      vertex 32.0823 -2.75 13.0708
    endloop
  endfacet
  facet normal 0.857738 -0 0.514087
    outer loop
      vertex 32.2998 -2.75 12.4629
      vertex 32.4108 -0.75 12.2777
      vertex 32.2998 -0.75 12.4629
    endloop
  endfacet
  facet normal 0.857738 0 0.514087
    outer loop
      vertex 32.4108 -0.75 12.2777
      vertex 32.2998 -2.75 12.4629
      vertex 32.4108 -2.75 12.2777
    endloop
  endfacet
  facet normal 0.803212 -0 0.595693
    outer loop
      vertex 32.4108 -2.75 12.2777
      vertex 32.5394 -0.75 12.1043
      vertex 32.4108 -0.75 12.2777
    endloop
  endfacet
  facet normal 0.803212 0 0.595693
    outer loop
      vertex 32.5394 -0.75 12.1043
      vertex 32.4108 -2.75 12.2777
      vertex 32.5394 -2.75 12.1043
    endloop
  endfacet
  facet normal 0.90403 -0 0.427469
    outer loop
      vertex 32.2075 -2.75 12.6581
      vertex 32.2998 -0.75 12.4629
      vertex 32.2075 -0.75 12.6581
    endloop
  endfacet
  facet normal 0.90403 0 0.427469
    outer loop
      vertex 32.2998 -0.75 12.4629
      vertex 32.2075 -2.75 12.6581
      vertex 32.2998 -2.75 12.4629
    endloop
  endfacet
  facet normal 0.969979 -0 0.24319
    outer loop
      vertex 32.0823 -2.75 13.0708
      vertex 32.1348 -0.75 12.8614
      vertex 32.0823 -0.75 13.0708
    endloop
  endfacet
  facet normal 0.969979 0 0.24319
    outer loop
      vertex 32.1348 -0.75 12.8614
      vertex 32.0823 -2.75 13.0708
      vertex 32.1348 -2.75 12.8614
    endloop
  endfacet
  facet normal 0.998794 -0 0.0491058
    outer loop
      vertex 32.04 -2.75 13.5
      vertex 32.0506 -0.75 13.2844
      vertex 32.04 -0.75 13.5
    endloop
  endfacet
  facet normal 0.998794 0 0.0491058
    outer loop
      vertex 32.0506 -0.75 13.2844
      vertex 32.04 -2.75 13.5
      vertex 32.0506 -2.75 13.2844
    endloop
  endfacet
  facet normal 0.595693 0 0.803212
    outer loop
      vertex 32.8444 -0.75 11.7994
      vertex 33.0178 -2.75 11.6708
      vertex 33.0178 -0.75 11.6708
    endloop
  endfacet
  facet normal 0.595693 0 0.803212
    outer loop
      vertex 33.0178 -2.75 11.6708
      vertex 32.8444 -0.75 11.7994
      vertex 32.8444 -2.75 11.7994
    endloop
  endfacet
  facet normal 0.514087 0 0.857738
    outer loop
      vertex 33.0178 -0.75 11.6708
      vertex 33.203 -2.75 11.5598
      vertex 33.203 -0.75 11.5598
    endloop
  endfacet
  facet normal 0.514087 0 0.857738
    outer loop
      vertex 33.203 -2.75 11.5598
      vertex 33.0178 -0.75 11.6708
      vertex 33.0178 -2.75 11.6708
    endloop
  endfacet
  facet normal 0.671519 0 0.740987
    outer loop
      vertex 32.6844 -0.75 11.9444
      vertex 32.8444 -2.75 11.7994
      vertex 32.8444 -0.75 11.7994
    endloop
  endfacet
  facet normal 0.671519 0 0.740987
    outer loop
      vertex 32.8444 -2.75 11.7994
      vertex 32.6844 -0.75 11.9444
      vertex 32.6844 -2.75 11.9444
    endloop
  endfacet
  facet normal 0.337128 0 0.941459
    outer loop
      vertex 33.3981 -0.75 11.4675
      vertex 33.6014 -2.75 11.3947
      vertex 33.6014 -0.75 11.3947
    endloop
  endfacet
  facet normal 0.337128 0 0.941459
    outer loop
      vertex 33.6014 -2.75 11.3947
      vertex 33.3981 -0.75 11.4675
      vertex 33.3981 -2.75 11.4675
    endloop
  endfacet
  facet normal 0.1468 0 0.989166
    outer loop
      vertex 33.8108 -0.75 11.3423
      vertex 34.0244 -2.75 11.3106
      vertex 34.0244 -0.75 11.3106
    endloop
  endfacet
  facet normal 0.1468 0 0.989166
    outer loop
      vertex 34.0244 -2.75 11.3106
      vertex 33.8108 -0.75 11.3423
      vertex 33.8108 -2.75 11.3423
    endloop
  endfacet
  facet normal -0.998794 0 -0.0491058
    outer loop
      vertex 36.44 -2.75 13.5
      vertex 36.4294 -0.75 13.7156
      vertex 36.44 -0.75 13.5
    endloop
  endfacet
  facet normal -0.998794 -0 -0.0491058
    outer loop
      vertex 36.4294 -0.75 13.7156
      vertex 36.44 -2.75 13.5
      vertex 36.4294 -2.75 13.7156
    endloop
  endfacet
  facet normal -0.146868 0 -0.989156
    outer loop
      vertex 34.4557 -2.75 15.6894
      vertex 34.6692 -0.75 15.6577
      vertex 34.6692 -2.75 15.6577
    endloop
  endfacet
  facet normal -0.146868 0 -0.989156
    outer loop
      vertex 34.6692 -0.75 15.6577
      vertex 34.4557 -2.75 15.6894
      vertex 34.4557 -0.75 15.6894
    endloop
  endfacet
  facet normal -0.337275 0 -0.941406
    outer loop
      vertex 34.8787 -2.75 15.6053
      vertex 35.0819 -0.75 15.5325
      vertex 35.0819 -2.75 15.5325
    endloop
  endfacet
  facet normal -0.337275 0 -0.941406
    outer loop
      vertex 35.0819 -0.75 15.5325
      vertex 34.8787 -2.75 15.6053
      vertex 34.8787 -0.75 15.6053
    endloop
  endfacet
  facet normal -0.671519 0 -0.740987
    outer loop
      vertex 35.6357 -2.75 15.2006
      vertex 35.7957 -0.75 15.0556
      vertex 35.7957 -2.75 15.0556
    endloop
  endfacet
  facet normal -0.671519 0 -0.740987
    outer loop
      vertex 35.7957 -0.75 15.0556
      vertex 35.6357 -2.75 15.2006
      vertex 35.6357 -0.75 15.2006
    endloop
  endfacet
  facet normal -0.514087 0 -0.857738
    outer loop
      vertex 35.2771 -2.75 15.4402
      vertex 35.4623 -0.75 15.3292
      vertex 35.4623 -2.75 15.3292
    endloop
  endfacet
  facet normal -0.514087 0 -0.857738
    outer loop
      vertex 35.4623 -0.75 15.3292
      vertex 35.2771 -2.75 15.4402
      vertex 35.2771 -0.75 15.4402
    endloop
  endfacet
  facet normal -0.803212 0 -0.595693
    outer loop
      vertex 36.0693 -2.75 14.7223
      vertex 35.9407 -0.75 14.8957
      vertex 36.0693 -0.75 14.7223
    endloop
  endfacet
  facet normal -0.803212 -0 -0.595693
    outer loop
      vertex 35.9407 -0.75 14.8957
      vertex 36.0693 -2.75 14.7223
      vertex 35.9407 -2.75 14.8957
    endloop
  endfacet
  facet normal -0.90403 0 -0.427469
    outer loop
      vertex 36.2726 -2.75 14.3419
      vertex 36.1803 -0.75 14.5371
      vertex 36.2726 -0.75 14.3419
    endloop
  endfacet
  facet normal -0.90403 -0 -0.427469
    outer loop
      vertex 36.1803 -0.75 14.5371
      vertex 36.2726 -2.75 14.3419
      vertex 36.1803 -2.75 14.5371
    endloop
  endfacet
  facet normal 0.595693 0 -0.803212
    outer loop
      vertex 32.8444 -2.75 15.2006
      vertex 33.0178 -0.75 15.3292
      vertex 33.0178 -2.75 15.3292
    endloop
  endfacet
  facet normal 0.595693 0 -0.803212
    outer loop
      vertex 33.0178 -0.75 15.3292
      vertex 32.8444 -2.75 15.2006
      vertex 32.8444 -0.75 15.2006
    endloop
  endfacet
  facet normal 0.427648 0 -0.903945
    outer loop
      vertex 33.203 -2.75 15.4402
      vertex 33.3981 -0.75 15.5325
      vertex 33.3981 -2.75 15.5325
    endloop
  endfacet
  facet normal 0.427648 0 -0.903945
    outer loop
      vertex 33.3981 -0.75 15.5325
      vertex 33.203 -2.75 15.4402
      vertex 33.203 -0.75 15.4402
    endloop
  endfacet
  facet normal 0.242754 0 -0.970088
    outer loop
      vertex 33.6014 -2.75 15.6053
      vertex 33.8108 -0.75 15.6577
      vertex 33.8108 -2.75 15.6577
    endloop
  endfacet
  facet normal 0.242754 0 -0.970088
    outer loop
      vertex 33.8108 -0.75 15.6577
      vertex 33.6014 -2.75 15.6053
      vertex 33.6014 -0.75 15.6053
    endloop
  endfacet
  facet normal 0.0491058 0 -0.998794
    outer loop
      vertex 34.0244 -2.75 15.6894
      vertex 34.24 -0.75 15.7
      vertex 34.24 -2.75 15.7
    endloop
  endfacet
  facet normal 0.0491058 0 -0.998794
    outer loop
      vertex 34.24 -0.75 15.7
      vertex 34.0244 -2.75 15.6894
      vertex 34.0244 -0.75 15.6894
    endloop
  endfacet
  facet normal 0.803212 0 -0.595693
    outer loop
      vertex 32.5394 -2.75 14.8957
      vertex 32.4108 -0.75 14.7223
      vertex 32.5394 -0.75 14.8957
    endloop
  endfacet
  facet normal 0.803212 0 -0.595693
    outer loop
      vertex 32.4108 -0.75 14.7223
      vertex 32.5394 -2.75 14.8957
      vertex 32.4108 -2.75 14.7223
    endloop
  endfacet
  facet normal 0.857738 0 -0.514087
    outer loop
      vertex 32.4108 -2.75 14.7223
      vertex 32.2998 -0.75 14.5371
      vertex 32.4108 -0.75 14.7223
    endloop
  endfacet
  facet normal 0.857738 0 -0.514087
    outer loop
      vertex 32.2998 -0.75 14.5371
      vertex 32.4108 -2.75 14.7223
      vertex 32.2998 -2.75 14.5371
    endloop
  endfacet
  facet normal 0.740778 0 -0.67175
    outer loop
      vertex 32.6844 -2.75 15.0556
      vertex 32.5394 -0.75 14.8957
      vertex 32.6844 -0.75 15.0556
    endloop
  endfacet
  facet normal 0.740778 0 -0.67175
    outer loop
      vertex 32.5394 -0.75 14.8957
      vertex 32.6844 -2.75 15.0556
      vertex 32.5394 -2.75 14.8957
    endloop
  endfacet
  facet normal 0.941606 0 -0.336718
    outer loop
      vertex 32.2075 -2.75 14.3419
      vertex 32.1348 -0.75 14.1386
      vertex 32.2075 -0.75 14.3419
    endloop
  endfacet
  facet normal 0.941606 0 -0.336718
    outer loop
      vertex 32.1348 -0.75 14.1386
      vertex 32.2075 -2.75 14.3419
      vertex 32.1348 -2.75 14.1386
    endloop
  endfacet
  facet normal 0.90403 0 -0.427469
    outer loop
      vertex 32.2998 -2.75 14.5371
      vertex 32.2075 -0.75 14.3419
      vertex 32.2998 -0.75 14.5371
    endloop
  endfacet
  facet normal 0.90403 0 -0.427469
    outer loop
      vertex 32.2075 -0.75 14.3419
      vertex 32.2998 -2.75 14.5371
      vertex 32.2075 -2.75 14.3419
    endloop
  endfacet
  facet normal 0.989166 0 -0.1468
    outer loop
      vertex 32.0823 -2.75 13.9292
      vertex 32.0506 -0.75 13.7156
      vertex 32.0823 -0.75 13.9292
    endloop
  endfacet
  facet normal 0.989166 0 -0.1468
    outer loop
      vertex 32.0506 -0.75 13.7156
      vertex 32.0823 -2.75 13.9292
      vertex 32.0506 -2.75 13.7156
    endloop
  endfacet
  facet normal 0.998794 0 -0.0491058
    outer loop
      vertex 32.0506 -2.75 13.7156
      vertex 32.04 -0.75 13.5
      vertex 32.0506 -0.75 13.7156
    endloop
  endfacet
  facet normal 0.998794 0 -0.0491058
    outer loop
      vertex 32.04 -0.75 13.5
      vertex 32.0506 -2.75 13.7156
      vertex 32.04 -2.75 13.5
    endloop
  endfacet
  facet normal -0.242645 0 -0.970115
    outer loop
      vertex 34.6692 -2.75 15.6577
      vertex 34.8787 -0.75 15.6053
      vertex 34.8787 -2.75 15.6053
    endloop
  endfacet
  facet normal -0.242645 0 -0.970115
    outer loop
      vertex 34.8787 -0.75 15.6053
      vertex 34.6692 -2.75 15.6577
      vertex 34.6692 -0.75 15.6577
    endloop
  endfacet
  facet normal -0.427469 0 -0.90403
    outer loop
      vertex 35.0819 -2.75 15.5325
      vertex 35.2771 -0.75 15.4402
      vertex 35.2771 -2.75 15.4402
    endloop
  endfacet
  facet normal -0.427469 0 -0.90403
    outer loop
      vertex 35.2771 -0.75 15.4402
      vertex 35.0819 -2.75 15.5325
      vertex 35.0819 -0.75 15.5325
    endloop
  endfacet
  facet normal -0.740778 0 -0.67175
    outer loop
      vertex 35.9407 -2.75 14.8957
      vertex 35.7957 -0.75 15.0556
      vertex 35.9407 -0.75 14.8957
    endloop
  endfacet
  facet normal -0.740778 -0 -0.67175
    outer loop
      vertex 35.7957 -0.75 15.0556
      vertex 35.9407 -2.75 14.8957
      vertex 35.7957 -2.75 15.0556
    endloop
  endfacet
  facet normal -0.595693 0 -0.803212
    outer loop
      vertex 35.4623 -2.75 15.3292
      vertex 35.6357 -0.75 15.2006
      vertex 35.6357 -2.75 15.2006
    endloop
  endfacet
  facet normal -0.595693 0 -0.803212
    outer loop
      vertex 35.6357 -0.75 15.2006
      vertex 35.4623 -2.75 15.3292
      vertex 35.4623 -0.75 15.3292
    endloop
  endfacet
  facet normal -0.857738 0 -0.514087
    outer loop
      vertex 36.1803 -2.75 14.5371
      vertex 36.0693 -0.75 14.7223
      vertex 36.1803 -0.75 14.5371
    endloop
  endfacet
  facet normal -0.857738 -0 -0.514087
    outer loop
      vertex 36.0693 -0.75 14.7223
      vertex 36.1803 -2.75 14.5371
      vertex 36.0693 -2.75 14.7223
    endloop
  endfacet
  facet normal -0.941606 0 -0.336718
    outer loop
      vertex 36.3453 -2.75 14.1386
      vertex 36.2726 -0.75 14.3419
      vertex 36.3453 -0.75 14.1386
    endloop
  endfacet
  facet normal -0.941606 -0 -0.336718
    outer loop
      vertex 36.2726 -0.75 14.3419
      vertex 36.3453 -2.75 14.1386
      vertex 36.2726 -2.75 14.3419
    endloop
  endfacet
  facet normal -0.989233 0 -0.146347
    outer loop
      vertex 36.4294 -2.75 13.7156
      vertex 36.3978 -0.75 13.9292
      vertex 36.4294 -0.75 13.7156
    endloop
  endfacet
  facet normal -0.989233 -0 -0.146347
    outer loop
      vertex 36.3978 -0.75 13.9292
      vertex 36.4294 -2.75 13.7156
      vertex 36.3978 -2.75 13.9292
    endloop
  endfacet
  facet normal 0.514087 0 -0.857738
    outer loop
      vertex 33.0178 -2.75 15.3292
      vertex 33.203 -0.75 15.4402
      vertex 33.203 -2.75 15.4402
    endloop
  endfacet
  facet normal 0.514087 0 -0.857738
    outer loop
      vertex 33.203 -0.75 15.4402
      vertex 33.0178 -2.75 15.3292
      vertex 33.0178 -0.75 15.3292
    endloop
  endfacet
  facet normal 0.337128 0 -0.941459
    outer loop
      vertex 33.3981 -2.75 15.5325
      vertex 33.6014 -0.75 15.6053
      vertex 33.6014 -2.75 15.6053
    endloop
  endfacet
  facet normal 0.337128 0 -0.941459
    outer loop
      vertex 33.6014 -0.75 15.6053
      vertex 33.3981 -2.75 15.5325
      vertex 33.3981 -0.75 15.5325
    endloop
  endfacet
  facet normal 0.1468 0 -0.989166
    outer loop
      vertex 33.8108 -2.75 15.6577
      vertex 34.0244 -0.75 15.6894
      vertex 34.0244 -2.75 15.6894
    endloop
  endfacet
  facet normal 0.1468 0 -0.989166
    outer loop
      vertex 34.0244 -0.75 15.6894
      vertex 33.8108 -2.75 15.6577
      vertex 33.8108 -0.75 15.6577
    endloop
  endfacet
  facet normal 0.969979 0 -0.24319
    outer loop
      vertex 32.1348 -2.75 14.1386
      vertex 32.0823 -0.75 13.9292
      vertex 32.1348 -0.75 14.1386
    endloop
  endfacet
  facet normal 0.969979 0 -0.24319
    outer loop
      vertex 32.0823 -0.75 13.9292
      vertex 32.1348 -2.75 14.1386
      vertex 32.0823 -2.75 13.9292
    endloop
  endfacet
  facet normal -0.998794 0 0.0491058
    outer loop
      vertex -32.0506 -2.75 13.2844
      vertex -32.04 -0.75 13.5
      vertex -32.0506 -0.75 13.2844
    endloop
  endfacet
  facet normal -0.998794 0 0.0491058
    outer loop
      vertex -32.04 -0.75 13.5
      vertex -32.0506 -2.75 13.2844
      vertex -32.04 -2.75 13.5
    endloop
  endfacet
  facet normal 0.0490831 0 0.998795
    outer loop
      vertex -34.4557 -0.75 11.3106
      vertex -34.24 -2.75 11.3
      vertex -34.24 -0.75 11.3
    endloop
  endfacet
  facet normal 0.0490831 0 0.998795
    outer loop
      vertex -34.24 -2.75 11.3
      vertex -34.4557 -0.75 11.3106
      vertex -34.4557 -2.75 11.3106
    endloop
  endfacet
  facet normal -0.0491058 0 -0.998794
    outer loop
      vertex -34.24 -2.75 15.7
      vertex -34.0244 -0.75 15.6894
      vertex -34.0244 -2.75 15.6894
    endloop
  endfacet
  facet normal -0.0491058 0 -0.998794
    outer loop
      vertex -34.0244 -0.75 15.6894
      vertex -34.24 -2.75 15.7
      vertex -34.24 -0.75 15.7
    endloop
  endfacet
  facet normal -0.671519 0 0.740987
    outer loop
      vertex -32.8444 -0.75 11.7994
      vertex -32.6844 -2.75 11.9444
      vertex -32.6844 -0.75 11.9444
    endloop
  endfacet
  facet normal -0.671519 0 0.740987
    outer loop
      vertex -32.6844 -2.75 11.9444
      vertex -32.8444 -0.75 11.7994
      vertex -32.8444 -2.75 11.7994
    endloop
  endfacet
  facet normal 0.740778 -0 0.67175
    outer loop
      vertex -35.9407 -2.75 12.1043
      vertex -35.7957 -0.75 11.9444
      vertex -35.9407 -0.75 12.1043
    endloop
  endfacet
  facet normal 0.740778 0 0.67175
    outer loop
      vertex -35.7957 -0.75 11.9444
      vertex -35.9407 -2.75 12.1043
      vertex -35.7957 -2.75 11.9444
    endloop
  endfacet
  facet normal 0.427469 0 0.90403
    outer loop
      vertex -35.2771 -0.75 11.5598
      vertex -35.0819 -2.75 11.4675
      vertex -35.0819 -0.75 11.4675
    endloop
  endfacet
  facet normal 0.427469 0 0.90403
    outer loop
      vertex -35.0819 -2.75 11.4675
      vertex -35.2771 -0.75 11.5598
      vertex -35.2771 -2.75 11.5598
    endloop
  endfacet
  facet normal 0.941606 0 -0.336718
    outer loop
      vertex -36.2726 -2.75 14.3419
      vertex -36.3453 -0.75 14.1386
      vertex -36.2726 -0.75 14.3419
    endloop
  endfacet
  facet normal 0.941606 0 -0.336718
    outer loop
      vertex -36.3453 -0.75 14.1386
      vertex -36.2726 -2.75 14.3419
      vertex -36.3453 -2.75 14.1386
    endloop
  endfacet
  facet normal -0.90403 0 0.427469
    outer loop
      vertex -32.2998 -2.75 12.4629
      vertex -32.2075 -0.75 12.6581
      vertex -32.2998 -0.75 12.4629
    endloop
  endfacet
  facet normal -0.90403 0 0.427469
    outer loop
      vertex -32.2075 -0.75 12.6581
      vertex -32.2998 -2.75 12.4629
      vertex -32.2075 -2.75 12.6581
    endloop
  endfacet
  facet normal -0.337128 0 0.941459
    outer loop
      vertex -33.6014 -0.75 11.3947
      vertex -33.3981 -2.75 11.4675
      vertex -33.3981 -0.75 11.4675
    endloop
  endfacet
  facet normal -0.337128 0 0.941459
    outer loop
      vertex -33.3981 -2.75 11.4675
      vertex -33.6014 -0.75 11.3947
      vertex -33.6014 -2.75 11.3947
    endloop
  endfacet
  facet normal 0.90403 -0 0.427469
    outer loop
      vertex -36.2726 -2.75 12.6581
      vertex -36.1803 -0.75 12.4629
      vertex -36.2726 -0.75 12.6581
    endloop
  endfacet
  facet normal 0.90403 0 0.427469
    outer loop
      vertex -36.1803 -0.75 12.4629
      vertex -36.2726 -2.75 12.6581
      vertex -36.1803 -2.75 12.4629
    endloop
  endfacet
  facet normal 0.857738 -0 0.514087
    outer loop
      vertex -36.1803 -2.75 12.4629
      vertex -36.0693 -0.75 12.2777
      vertex -36.1803 -0.75 12.4629
    endloop
  endfacet
  facet normal 0.857738 0 0.514087
    outer loop
      vertex -36.0693 -0.75 12.2777
      vertex -36.1803 -2.75 12.4629
      vertex -36.0693 -2.75 12.2777
    endloop
  endfacet
  facet normal 0.242645 0 0.970115
    outer loop
      vertex -34.8787 -0.75 11.3947
      vertex -34.6692 -2.75 11.3423
      vertex -34.6692 -0.75 11.3423
    endloop
  endfacet
  facet normal 0.242645 0 0.970115
    outer loop
      vertex -34.6692 -2.75 11.3423
      vertex -34.8787 -0.75 11.3947
      vertex -34.8787 -2.75 11.3947
    endloop
  endfacet
  facet normal -0.90403 0 -0.427469
    outer loop
      vertex -32.2075 -2.75 14.3419
      vertex -32.2998 -0.75 14.5371
      vertex -32.2075 -0.75 14.3419
    endloop
  endfacet
  facet normal -0.90403 -0 -0.427469
    outer loop
      vertex -32.2998 -0.75 14.5371
      vertex -32.2075 -2.75 14.3419
      vertex -32.2998 -2.75 14.5371
    endloop
  endfacet
  facet normal -0.337128 0 -0.941459
    outer loop
      vertex -33.6014 -2.75 15.6053
      vertex -33.3981 -0.75 15.5325
      vertex -33.3981 -2.75 15.5325
    endloop
  endfacet
  facet normal -0.337128 0 -0.941459
    outer loop
      vertex -33.3981 -0.75 15.5325
      vertex -33.6014 -2.75 15.6053
      vertex -33.6014 -0.75 15.6053
    endloop
  endfacet
  facet normal -0.740778 0 -0.67175
    outer loop
      vertex -32.5394 -2.75 14.8957
      vertex -32.6844 -0.75 15.0556
      vertex -32.5394 -0.75 14.8957
    endloop
  endfacet
  facet normal -0.740778 -0 -0.67175
    outer loop
      vertex -32.6844 -0.75 15.0556
      vertex -32.5394 -2.75 14.8957
      vertex -32.6844 -2.75 15.0556
    endloop
  endfacet
  facet normal -0.969979 0 -0.24319
    outer loop
      vertex -32.0823 -2.75 13.9292
      vertex -32.1348 -0.75 14.1386
      vertex -32.0823 -0.75 13.9292
    endloop
  endfacet
  facet normal -0.969979 -0 -0.24319
    outer loop
      vertex -32.1348 -0.75 14.1386
      vertex -32.0823 -2.75 13.9292
      vertex -32.1348 -2.75 14.1386
    endloop
  endfacet
  facet normal 0.242645 0 -0.970115
    outer loop
      vertex -34.8787 -2.75 15.6053
      vertex -34.6692 -0.75 15.6577
      vertex -34.6692 -2.75 15.6577
    endloop
  endfacet
  facet normal 0.242645 0 -0.970115
    outer loop
      vertex -34.6692 -0.75 15.6577
      vertex -34.8787 -2.75 15.6053
      vertex -34.8787 -0.75 15.6053
    endloop
  endfacet
  facet normal 0.671519 0 -0.740987
    outer loop
      vertex -35.7957 -2.75 15.0556
      vertex -35.6357 -0.75 15.2006
      vertex -35.6357 -2.75 15.2006
    endloop
  endfacet
  facet normal 0.671519 0 -0.740987
    outer loop
      vertex -35.6357 -0.75 15.2006
      vertex -35.7957 -2.75 15.0556
      vertex -35.7957 -0.75 15.0556
    endloop
  endfacet
  facet normal 0.740778 0 -0.67175
    outer loop
      vertex -35.7957 -2.75 15.0556
      vertex -35.9407 -0.75 14.8957
      vertex -35.7957 -0.75 15.0556
    endloop
  endfacet
  facet normal 0.740778 0 -0.67175
    outer loop
      vertex -35.9407 -0.75 14.8957
      vertex -35.7957 -2.75 15.0556
      vertex -35.9407 -2.75 14.8957
    endloop
  endfacet
  facet normal -0.969979 0 0.24319
    outer loop
      vertex -32.1348 -2.75 12.8614
      vertex -32.0823 -0.75 13.0708
      vertex -32.1348 -0.75 12.8614
    endloop
  endfacet
  facet normal -0.969979 0 0.24319
    outer loop
      vertex -32.0823 -0.75 13.0708
      vertex -32.1348 -2.75 12.8614
      vertex -32.0823 -2.75 13.0708
    endloop
  endfacet
  facet normal -0.989166 0 0.1468
    outer loop
      vertex -32.0823 -2.75 13.0708
      vertex -32.0506 -0.75 13.2844
      vertex -32.0823 -0.75 13.0708
    endloop
  endfacet
  facet normal -0.989166 0 0.1468
    outer loop
      vertex -32.0506 -0.75 13.2844
      vertex -32.0823 -2.75 13.0708
      vertex -32.0506 -2.75 13.2844
    endloop
  endfacet
  facet normal -0.941606 0 0.336718
    outer loop
      vertex -32.2075 -2.75 12.6581
      vertex -32.1348 -0.75 12.8614
      vertex -32.2075 -0.75 12.6581
    endloop
  endfacet
  facet normal -0.941606 0 0.336718
    outer loop
      vertex -32.1348 -0.75 12.8614
      vertex -32.2075 -2.75 12.6581
      vertex -32.1348 -2.75 12.8614
    endloop
  endfacet
  facet normal -0.803212 0 0.595693
    outer loop
      vertex -32.5394 -2.75 12.1043
      vertex -32.4108 -0.75 12.2777
      vertex -32.5394 -0.75 12.1043
    endloop
  endfacet
  facet normal -0.803212 0 0.595693
    outer loop
      vertex -32.4108 -0.75 12.2777
      vertex -32.5394 -2.75 12.1043
      vertex -32.4108 -2.75 12.2777
    endloop
  endfacet
  facet normal -0.740778 0 0.67175
    outer loop
      vertex -32.6844 -2.75 11.9444
      vertex -32.5394 -0.75 12.1043
      vertex -32.6844 -0.75 11.9444
    endloop
  endfacet
  facet normal -0.740778 0 0.67175
    outer loop
      vertex -32.5394 -0.75 12.1043
      vertex -32.6844 -2.75 11.9444
      vertex -32.5394 -2.75 12.1043
    endloop
  endfacet
  facet normal -0.857738 0 0.514087
    outer loop
      vertex -32.4108 -2.75 12.2777
      vertex -32.2998 -0.75 12.4629
      vertex -32.4108 -0.75 12.2777
    endloop
  endfacet
  facet normal -0.857738 0 0.514087
    outer loop
      vertex -32.2998 -0.75 12.4629
      vertex -32.4108 -2.75 12.2777
      vertex -32.2998 -2.75 12.4629
    endloop
  endfacet
  facet normal -0.1468 0 0.989166
    outer loop
      vertex -34.0244 -0.75 11.3106
      vertex -33.8108 -2.75 11.3423
      vertex -33.8108 -0.75 11.3423
    endloop
  endfacet
  facet normal -0.1468 0 0.989166
    outer loop
      vertex -33.8108 -2.75 11.3423
      vertex -34.0244 -0.75 11.3106
      vertex -34.0244 -2.75 11.3106
    endloop
  endfacet
  facet normal -0.0491058 0 0.998794
    outer loop
      vertex -34.24 -0.75 11.3
      vertex -34.0244 -2.75 11.3106
      vertex -34.0244 -0.75 11.3106
    endloop
  endfacet
  facet normal -0.0491058 0 0.998794
    outer loop
      vertex -34.0244 -2.75 11.3106
      vertex -34.24 -0.75 11.3
      vertex -34.24 -2.75 11.3
    endloop
  endfacet
  facet normal -0.514087 0 0.857738
    outer loop
      vertex -33.203 -0.75 11.5598
      vertex -33.0178 -2.75 11.6708
      vertex -33.0178 -0.75 11.6708
    endloop
  endfacet
  facet normal -0.514087 0 0.857738
    outer loop
      vertex -33.0178 -2.75 11.6708
      vertex -33.203 -0.75 11.5598
      vertex -33.203 -2.75 11.5598
    endloop
  endfacet
  facet normal -0.427648 0 0.903945
    outer loop
      vertex -33.3981 -0.75 11.4675
      vertex -33.203 -2.75 11.5598
      vertex -33.203 -0.75 11.5598
    endloop
  endfacet
  facet normal -0.427648 0 0.903945
    outer loop
      vertex -33.203 -2.75 11.5598
      vertex -33.3981 -0.75 11.4675
      vertex -33.3981 -2.75 11.4675
    endloop
  endfacet
  facet normal -0.595693 0 0.803212
    outer loop
      vertex -33.0178 -0.75 11.6708
      vertex -32.8444 -2.75 11.7994
      vertex -32.8444 -0.75 11.7994
    endloop
  endfacet
  facet normal -0.595693 0 0.803212
    outer loop
      vertex -32.8444 -2.75 11.7994
      vertex -33.0178 -0.75 11.6708
      vertex -33.0178 -2.75 11.6708
    endloop
  endfacet
  facet normal 0.989233 -0 0.146347
    outer loop
      vertex -36.4294 -2.75 13.2844
      vertex -36.3978 -0.75 13.0708
      vertex -36.4294 -0.75 13.2844
    endloop
  endfacet
  facet normal 0.989233 0 0.146347
    outer loop
      vertex -36.3978 -0.75 13.0708
      vertex -36.4294 -2.75 13.2844
      vertex -36.3978 -2.75 13.0708
    endloop
  endfacet
  facet normal 0.803212 -0 0.595693
    outer loop
      vertex -36.0693 -2.75 12.2777
      vertex -35.9407 -0.75 12.1043
      vertex -36.0693 -0.75 12.2777
    endloop
  endfacet
  facet normal 0.803212 0 0.595693
    outer loop
      vertex -35.9407 -0.75 12.1043
      vertex -36.0693 -2.75 12.2777
      vertex -35.9407 -2.75 12.1043
    endloop
  endfacet
  facet normal 0.941606 -0 0.336718
    outer loop
      vertex -36.3453 -2.75 12.8614
      vertex -36.2726 -0.75 12.6581
      vertex -36.3453 -0.75 12.8614
    endloop
  endfacet
  facet normal 0.941606 0 0.336718
    outer loop
      vertex -36.2726 -0.75 12.6581
      vertex -36.3453 -2.75 12.8614
      vertex -36.2726 -2.75 12.6581
    endloop
  endfacet
  facet normal 0.969979 -0 0.24319
    outer loop
      vertex -36.3978 -2.75 13.0708
      vertex -36.3453 -0.75 12.8614
      vertex -36.3978 -0.75 13.0708
    endloop
  endfacet
  facet normal 0.969979 0 0.24319
    outer loop
      vertex -36.3453 -0.75 12.8614
      vertex -36.3978 -2.75 13.0708
      vertex -36.3453 -2.75 12.8614
    endloop
  endfacet
  facet normal 0.998794 -0 0.0491058
    outer loop
      vertex -36.44 -2.75 13.5
      vertex -36.4294 -0.75 13.2844
      vertex -36.44 -0.75 13.5
    endloop
  endfacet
  facet normal 0.998794 0 0.0491058
    outer loop
      vertex -36.4294 -0.75 13.2844
      vertex -36.44 -2.75 13.5
      vertex -36.4294 -2.75 13.2844
    endloop
  endfacet
  facet normal 0.514087 0 0.857738
    outer loop
      vertex -35.4623 -0.75 11.6708
      vertex -35.2771 -2.75 11.5598
      vertex -35.2771 -0.75 11.5598
    endloop
  endfacet
  facet normal 0.514087 0 0.857738
    outer loop
      vertex -35.2771 -2.75 11.5598
      vertex -35.4623 -0.75 11.6708
      vertex -35.4623 -2.75 11.6708
    endloop
  endfacet
  facet normal 0.595693 0 0.803212
    outer loop
      vertex -35.6357 -0.75 11.7994
      vertex -35.4623 -2.75 11.6708
      vertex -35.4623 -0.75 11.6708
    endloop
  endfacet
  facet normal 0.595693 0 0.803212
    outer loop
      vertex -35.4623 -2.75 11.6708
      vertex -35.6357 -0.75 11.7994
      vertex -35.6357 -2.75 11.7994
    endloop
  endfacet
  facet normal 0.671519 0 0.740987
    outer loop
      vertex -35.7957 -0.75 11.9444
      vertex -35.6357 -2.75 11.7994
      vertex -35.6357 -0.75 11.7994
    endloop
  endfacet
  facet normal 0.671519 0 0.740987
    outer loop
      vertex -35.6357 -2.75 11.7994
      vertex -35.7957 -0.75 11.9444
      vertex -35.7957 -2.75 11.9444
    endloop
  endfacet
  facet normal 0.337275 0 0.941406
    outer loop
      vertex -35.0819 -0.75 11.4675
      vertex -34.8787 -2.75 11.3947
      vertex -34.8787 -0.75 11.3947
    endloop
  endfacet
  facet normal 0.337275 0 0.941406
    outer loop
      vertex -34.8787 -2.75 11.3947
      vertex -35.0819 -0.75 11.4675
      vertex -35.0819 -2.75 11.4675
    endloop
  endfacet
  facet normal 0.146868 0 0.989156
    outer loop
      vertex -34.6692 -0.75 11.3423
      vertex -34.4557 -2.75 11.3106
      vertex -34.4557 -0.75 11.3106
    endloop
  endfacet
  facet normal 0.146868 0 0.989156
    outer loop
      vertex -34.4557 -2.75 11.3106
      vertex -34.6692 -0.75 11.3423
      vertex -34.6692 -2.75 11.3423
    endloop
  endfacet
  facet normal -0.998794 0 -0.0491058
    outer loop
      vertex -32.04 -2.75 13.5
      vertex -32.0506 -0.75 13.7156
      vertex -32.04 -0.75 13.5
    endloop
  endfacet
  facet normal -0.998794 -0 -0.0491058
    outer loop
      vertex -32.0506 -0.75 13.7156
      vertex -32.04 -2.75 13.5
      vertex -32.0506 -2.75 13.7156
    endloop
  endfacet
  facet normal -0.1468 0 -0.989166
    outer loop
      vertex -34.0244 -2.75 15.6894
      vertex -33.8108 -0.75 15.6577
      vertex -33.8108 -2.75 15.6577
    endloop
  endfacet
  facet normal -0.1468 0 -0.989166
    outer loop
      vertex -33.8108 -0.75 15.6577
      vertex -34.0244 -2.75 15.6894
      vertex -34.0244 -0.75 15.6894
    endloop
  endfacet
  facet normal -0.514087 0 -0.857738
    outer loop
      vertex -33.203 -2.75 15.4402
      vertex -33.0178 -0.75 15.3292
      vertex -33.0178 -2.75 15.3292
    endloop
  endfacet
  facet normal -0.514087 0 -0.857738
    outer loop
      vertex -33.0178 -0.75 15.3292
      vertex -33.203 -2.75 15.4402
      vertex -33.203 -0.75 15.4402
    endloop
  endfacet
  facet normal -0.671519 0 -0.740987
    outer loop
      vertex -32.8444 -2.75 15.2006
      vertex -32.6844 -0.75 15.0556
      vertex -32.6844 -2.75 15.0556
    endloop
  endfacet
  facet normal -0.671519 0 -0.740987
    outer loop
      vertex -32.6844 -0.75 15.0556
      vertex -32.8444 -2.75 15.2006
      vertex -32.8444 -0.75 15.2006
    endloop
  endfacet
  facet normal -0.803212 0 -0.595693
    outer loop
      vertex -32.4108 -2.75 14.7223
      vertex -32.5394 -0.75 14.8957
      vertex -32.4108 -0.75 14.7223
    endloop
  endfacet
  facet normal -0.803212 -0 -0.595693
    outer loop
      vertex -32.5394 -0.75 14.8957
      vertex -32.4108 -2.75 14.7223
      vertex -32.5394 -2.75 14.8957
    endloop
  endfacet
  facet normal -0.857738 0 -0.514087
    outer loop
      vertex -32.2998 -2.75 14.5371
      vertex -32.4108 -0.75 14.7223
      vertex -32.2998 -0.75 14.5371
    endloop
  endfacet
  facet normal -0.857738 -0 -0.514087
    outer loop
      vertex -32.4108 -0.75 14.7223
      vertex -32.2998 -2.75 14.5371
      vertex -32.4108 -2.75 14.7223
    endloop
  endfacet
  facet normal 0.595693 0 -0.803212
    outer loop
      vertex -35.6357 -2.75 15.2006
      vertex -35.4623 -0.75 15.3292
      vertex -35.4623 -2.75 15.3292
    endloop
  endfacet
  facet normal 0.595693 0 -0.803212
    outer loop
      vertex -35.4623 -0.75 15.3292
      vertex -35.6357 -2.75 15.2006
      vertex -35.6357 -0.75 15.2006
    endloop
  endfacet
  facet normal 0.514087 0 -0.857738
    outer loop
      vertex -35.4623 -2.75 15.3292
      vertex -35.2771 -0.75 15.4402
      vertex -35.2771 -2.75 15.4402
    endloop
  endfacet
  facet normal 0.514087 0 -0.857738
    outer loop
      vertex -35.2771 -0.75 15.4402
      vertex -35.4623 -2.75 15.3292
      vertex -35.4623 -0.75 15.3292
    endloop
  endfacet
  facet normal 0.427469 0 -0.90403
    outer loop
      vertex -35.2771 -2.75 15.4402
      vertex -35.0819 -0.75 15.5325
      vertex -35.0819 -2.75 15.5325
    endloop
  endfacet
  facet normal 0.427469 0 -0.90403
    outer loop
      vertex -35.0819 -0.75 15.5325
      vertex -35.2771 -2.75 15.4402
      vertex -35.2771 -0.75 15.4402
    endloop
  endfacet
  facet normal 0.0490831 0 -0.998795
    outer loop
      vertex -34.4557 -2.75 15.6894
      vertex -34.24 -0.75 15.7
      vertex -34.24 -2.75 15.7
    endloop
  endfacet
  facet normal 0.0490831 0 -0.998795
    outer loop
      vertex -34.24 -0.75 15.7
      vertex -34.4557 -2.75 15.6894
      vertex -34.4557 -0.75 15.6894
    endloop
  endfacet
  facet normal 0.857738 0 -0.514087
    outer loop
      vertex -36.0693 -2.75 14.7223
      vertex -36.1803 -0.75 14.5371
      vertex -36.0693 -0.75 14.7223
    endloop
  endfacet
  facet normal 0.857738 0 -0.514087
    outer loop
      vertex -36.1803 -0.75 14.5371
      vertex -36.0693 -2.75 14.7223
      vertex -36.1803 -2.75 14.5371
    endloop
  endfacet
  facet normal 0.90403 0 -0.427469
    outer loop
      vertex -36.1803 -2.75 14.5371
      vertex -36.2726 -0.75 14.3419
      vertex -36.1803 -0.75 14.5371
    endloop
  endfacet
  facet normal 0.90403 0 -0.427469
    outer loop
      vertex -36.2726 -0.75 14.3419
      vertex -36.1803 -2.75 14.5371
      vertex -36.2726 -2.75 14.3419
    endloop
  endfacet
  facet normal 0.989233 0 -0.146347
    outer loop
      vertex -36.3978 -2.75 13.9292
      vertex -36.4294 -0.75 13.7156
      vertex -36.3978 -0.75 13.9292
    endloop
  endfacet
  facet normal 0.989233 0 -0.146347
    outer loop
      vertex -36.4294 -0.75 13.7156
      vertex -36.3978 -2.75 13.9292
      vertex -36.4294 -2.75 13.7156
    endloop
  endfacet
  facet normal -0.242754 0 0.970088
    outer loop
      vertex -33.8108 -0.75 11.3423
      vertex -33.6014 -2.75 11.3947
      vertex -33.6014 -0.75 11.3947
    endloop
  endfacet
  facet normal -0.242754 0 0.970088
    outer loop
      vertex -33.6014 -2.75 11.3947
      vertex -33.8108 -0.75 11.3423
      vertex -33.8108 -2.75 11.3423
    endloop
  endfacet
  facet normal 0.998794 0 -0.0491058
    outer loop
      vertex -36.4294 -2.75 13.7156
      vertex -36.44 -0.75 13.5
      vertex -36.4294 -0.75 13.7156
    endloop
  endfacet
  facet normal 0.998794 0 -0.0491058
    outer loop
      vertex -36.44 -0.75 13.5
      vertex -36.4294 -2.75 13.7156
      vertex -36.44 -2.75 13.5
    endloop
  endfacet
  facet normal -0.242754 0 -0.970088
    outer loop
      vertex -33.8108 -2.75 15.6577
      vertex -33.6014 -0.75 15.6053
      vertex -33.6014 -2.75 15.6053
    endloop
  endfacet
  facet normal -0.242754 0 -0.970088
    outer loop
      vertex -33.6014 -0.75 15.6053
      vertex -33.8108 -2.75 15.6577
      vertex -33.8108 -0.75 15.6577
    endloop
  endfacet
  facet normal -0.427648 0 -0.903945
    outer loop
      vertex -33.3981 -2.75 15.5325
      vertex -33.203 -0.75 15.4402
      vertex -33.203 -2.75 15.4402
    endloop
  endfacet
  facet normal -0.427648 0 -0.903945
    outer loop
      vertex -33.203 -0.75 15.4402
      vertex -33.3981 -2.75 15.5325
      vertex -33.3981 -0.75 15.5325
    endloop
  endfacet
  facet normal -0.595693 0 -0.803212
    outer loop
      vertex -33.0178 -2.75 15.3292
      vertex -32.8444 -0.75 15.2006
      vertex -32.8444 -2.75 15.2006
    endloop
  endfacet
  facet normal -0.595693 0 -0.803212
    outer loop
      vertex -32.8444 -0.75 15.2006
      vertex -33.0178 -2.75 15.3292
      vertex -33.0178 -0.75 15.3292
    endloop
  endfacet
  facet normal -0.941606 0 -0.336718
    outer loop
      vertex -32.1348 -2.75 14.1386
      vertex -32.2075 -0.75 14.3419
      vertex -32.1348 -0.75 14.1386
    endloop
  endfacet
  facet normal -0.941606 -0 -0.336718
    outer loop
      vertex -32.2075 -0.75 14.3419
      vertex -32.1348 -2.75 14.1386
      vertex -32.2075 -2.75 14.3419
    endloop
  endfacet
  facet normal -0.989166 0 -0.1468
    outer loop
      vertex -32.0506 -2.75 13.7156
      vertex -32.0823 -0.75 13.9292
      vertex -32.0506 -0.75 13.7156
    endloop
  endfacet
  facet normal -0.989166 -0 -0.1468
    outer loop
      vertex -32.0823 -0.75 13.9292
      vertex -32.0506 -2.75 13.7156
      vertex -32.0823 -2.75 13.9292
    endloop
  endfacet
  facet normal 0.337275 0 -0.941406
    outer loop
      vertex -35.0819 -2.75 15.5325
      vertex -34.8787 -0.75 15.6053
      vertex -34.8787 -2.75 15.6053
    endloop
  endfacet
  facet normal 0.337275 0 -0.941406
    outer loop
      vertex -34.8787 -0.75 15.6053
      vertex -35.0819 -2.75 15.5325
      vertex -35.0819 -0.75 15.5325
    endloop
  endfacet
  facet normal 0.146868 0 -0.989156
    outer loop
      vertex -34.6692 -2.75 15.6577
      vertex -34.4557 -0.75 15.6894
      vertex -34.4557 -2.75 15.6894
    endloop
  endfacet
  facet normal 0.146868 0 -0.989156
    outer loop
      vertex -34.4557 -0.75 15.6894
      vertex -34.6692 -2.75 15.6577
      vertex -34.6692 -0.75 15.6577
    endloop
  endfacet
  facet normal 0.803212 0 -0.595693
    outer loop
      vertex -35.9407 -2.75 14.8957
      vertex -36.0693 -0.75 14.7223
      vertex -35.9407 -0.75 14.8957
    endloop
  endfacet
  facet normal 0.803212 0 -0.595693
    outer loop
      vertex -36.0693 -0.75 14.7223
      vertex -35.9407 -2.75 14.8957
      vertex -36.0693 -2.75 14.7223
    endloop
  endfacet
  facet normal 0.969979 0 -0.24319
    outer loop
      vertex -36.3453 -2.75 14.1386
      vertex -36.3978 -0.75 13.9292
      vertex -36.3453 -0.75 14.1386
    endloop
  endfacet
  facet normal 0.969979 0 -0.24319
    outer loop
      vertex -36.3978 -0.75 13.9292
      vertex -36.3453 -2.75 14.1386
      vertex -36.3978 -2.75 13.9292
    endloop
  endfacet
  facet normal -0.998803 0 0.0489077
    outer loop
      vertex 37.972 -6.75 13.1324
      vertex 37.99 -2.75 13.5
      vertex 37.972 -2.75 13.1324
    endloop
  endfacet
  facet normal -0.998803 0 0.0489077
    outer loop
      vertex 37.99 -2.75 13.5
      vertex 37.972 -6.75 13.1324
      vertex 37.99 -6.75 13.5
    endloop
  endfacet
  facet normal 0.99879 -0 0.0491787
    outer loop
      vertex 30.49 -6.75 13.5
      vertex 30.5081 -2.75 13.1324
      vertex 30.49 -2.75 13.5
    endloop
  endfacet
  facet normal 0.99879 0 0.0491787
    outer loop
      vertex 30.5081 -2.75 13.1324
      vertex 30.49 -6.75 13.5
      vertex 30.5081 -6.75 13.1324
    endloop
  endfacet
  facet normal -0.0490703 0 0.998795
    outer loop
      vertex 34.24 -2.75 9.75
      vertex 34.6076 -6.75 9.76806
      vertex 34.6076 -2.75 9.76806
    endloop
  endfacet
  facet normal -0.0490703 0 0.998795
    outer loop
      vertex 34.6076 -6.75 9.76806
      vertex 34.24 -2.75 9.75
      vertex 34.24 -6.75 9.75
    endloop
  endfacet
  facet normal -0.0491787 0 -0.99879
    outer loop
      vertex 34.24 -6.75 17.25
      vertex 34.6076 -2.75 17.2319
      vertex 34.6076 -6.75 17.2319
    endloop
  endfacet
  facet normal -0.0491787 0 -0.99879
    outer loop
      vertex 34.6076 -2.75 17.2319
      vertex 34.24 -6.75 17.25
      vertex 34.24 -2.75 17.25
    endloop
  endfacet
  facet normal -0.741033 0 0.671468
    outer loop
      vertex 36.8917 -6.75 10.8483
      vertex 37.1388 -2.75 11.121
      vertex 36.8917 -2.75 10.8483
    endloop
  endfacet
  facet normal -0.741033 0 0.671468
    outer loop
      vertex 37.1388 -2.75 11.121
      vertex 36.8917 -6.75 10.8483
      vertex 37.1388 -6.75 11.121
    endloop
  endfacet
  facet normal 0.671468 0 0.741033
    outer loop
      vertex 31.5884 -2.75 10.8483
      vertex 31.8611 -6.75 10.6012
      vertex 31.8611 -2.75 10.6012
    endloop
  endfacet
  facet normal 0.671468 0 0.741033
    outer loop
      vertex 31.8611 -6.75 10.6012
      vertex 31.5884 -2.75 10.8483
      vertex 31.5884 -6.75 10.8483
    endloop
  endfacet
  facet normal 0.337011 0 0.941501
    outer loop
      vertex 32.805 -2.75 10.0355
      vertex 33.1515 -6.75 9.91147
      vertex 33.1515 -2.75 9.91147
    endloop
  endfacet
  facet normal 0.337011 0 0.941501
    outer loop
      vertex 33.1515 -6.75 9.91147
      vertex 32.805 -2.75 10.0355
      vertex 32.805 -6.75 10.0355
    endloop
  endfacet
  facet normal -0.903893 0 0.427759
    outer loop
      vertex 37.5472 -6.75 11.7323
      vertex 37.7046 -2.75 12.0649
      vertex 37.5472 -2.75 11.7323
    endloop
  endfacet
  facet normal -0.903893 0 0.427759
    outer loop
      vertex 37.7046 -2.75 12.0649
      vertex 37.5472 -6.75 11.7323
      vertex 37.7046 -6.75 12.0649
    endloop
  endfacet
  facet normal -0.857876 0 0.513856
    outer loop
      vertex 37.3581 -6.75 11.4166
      vertex 37.5472 -2.75 11.7323
      vertex 37.3581 -2.75 11.4166
    endloop
  endfacet
  facet normal -0.857876 0 0.513856
    outer loop
      vertex 37.5472 -2.75 11.7323
      vertex 37.3581 -6.75 11.4166
      vertex 37.5472 -6.75 11.7323
    endloop
  endfacet
  facet normal -0.427432 0 0.904047
    outer loop
      vertex 35.6751 -2.75 10.0355
      vertex 36.0078 -6.75 10.1928
      vertex 36.0078 -2.75 10.1928
    endloop
  endfacet
  facet normal -0.427432 0 0.904047
    outer loop
      vertex 36.0078 -6.75 10.1928
      vertex 35.6751 -2.75 10.0355
      vertex 35.6751 -6.75 10.0355
    endloop
  endfacet
  facet normal -0.595643 0 0.803249
    outer loop
      vertex 36.3234 -2.75 10.382
      vertex 36.619 -6.75 10.6012
      vertex 36.619 -2.75 10.6012
    endloop
  endfacet
  facet normal -0.595643 0 0.803249
    outer loop
      vertex 36.619 -6.75 10.6012
      vertex 36.3234 -2.75 10.382
      vertex 36.3234 -6.75 10.382
    endloop
  endfacet
  facet normal 0.857757 -0 0.514056
    outer loop
      vertex 30.9328 -6.75 11.7323
      vertex 31.122 -2.75 11.4166
      vertex 30.9328 -2.75 11.7323
    endloop
  endfacet
  facet normal 0.857757 0 0.514056
    outer loop
      vertex 31.122 -2.75 11.4166
      vertex 30.9328 -6.75 11.7323
      vertex 31.122 -6.75 11.4166
    endloop
  endfacet
  facet normal 0.803119 -0 0.595819
    outer loop
      vertex 31.122 -6.75 11.4166
      vertex 31.3413 -2.75 11.121
      vertex 31.122 -2.75 11.4166
    endloop
  endfacet
  facet normal 0.803119 0 0.595819
    outer loop
      vertex 31.3413 -2.75 11.121
      vertex 31.122 -6.75 11.4166
      vertex 31.3413 -6.75 11.121
    endloop
  endfacet
  facet normal 0.146746 0 0.989174
    outer loop
      vertex 33.5085 -2.75 9.82206
      vertex 33.8725 -6.75 9.76806
      vertex 33.8725 -2.75 9.76806
    endloop
  endfacet
  facet normal 0.146746 0 0.989174
    outer loop
      vertex 33.8725 -6.75 9.76806
      vertex 33.5085 -2.75 9.82206
      vertex 33.5085 -6.75 9.82206
    endloop
  endfacet
  facet normal -0.146746 0 -0.989174
    outer loop
      vertex 34.6076 -6.75 17.2319
      vertex 34.9716 -2.75 17.1779
      vertex 34.9716 -6.75 17.1779
    endloop
  endfacet
  facet normal -0.146746 0 -0.989174
    outer loop
      vertex 34.9716 -2.75 17.1779
      vertex 34.6076 -6.75 17.2319
      vertex 34.6076 -2.75 17.2319
    endloop
  endfacet
  facet normal -0.970047 0 0.242919
    outer loop
      vertex 37.8286 -6.75 12.4114
      vertex 37.918 -2.75 12.7684
      vertex 37.8286 -2.75 12.4114
    endloop
  endfacet
  facet normal -0.970047 0 0.242919
    outer loop
      vertex 37.918 -2.75 12.7684
      vertex 37.8286 -6.75 12.4114
      vertex 37.918 -6.75 12.7684
    endloop
  endfacet
  facet normal -0.989174 0 0.146746
    outer loop
      vertex 37.918 -6.75 12.7684
      vertex 37.972 -2.75 13.1324
      vertex 37.918 -2.75 12.7684
    endloop
  endfacet
  facet normal -0.989174 0 0.146746
    outer loop
      vertex 37.972 -2.75 13.1324
      vertex 37.918 -6.75 12.7684
      vertex 37.972 -6.75 13.1324
    endloop
  endfacet
  facet normal -0.941527 0 0.336939
    outer loop
      vertex 37.7046 -6.75 12.0649
      vertex 37.8286 -2.75 12.4114
      vertex 37.7046 -2.75 12.0649
    endloop
  endfacet
  facet normal -0.941527 0 0.336939
    outer loop
      vertex 37.8286 -2.75 12.4114
      vertex 37.7046 -6.75 12.0649
      vertex 37.8286 -6.75 12.4114
    endloop
  endfacet
  facet normal -0.803119 0 0.595819
    outer loop
      vertex 37.1388 -6.75 11.121
      vertex 37.3581 -2.75 11.4166
      vertex 37.1388 -2.75 11.121
    endloop
  endfacet
  facet normal -0.803119 0 0.595819
    outer loop
      vertex 37.3581 -2.75 11.4166
      vertex 37.1388 -6.75 11.121
      vertex 37.3581 -6.75 11.4166
    endloop
  endfacet
  facet normal -0.242945 0 0.97004
    outer loop
      vertex 34.9716 -2.75 9.82206
      vertex 35.3286 -6.75 9.91147
      vertex 35.3286 -2.75 9.91147
    endloop
  endfacet
  facet normal -0.242945 0 0.97004
    outer loop
      vertex 35.3286 -6.75 9.91147
      vertex 34.9716 -2.75 9.82206
      vertex 34.9716 -6.75 9.82206
    endloop
  endfacet
  facet normal -0.337011 0 0.941501
    outer loop
      vertex 35.3286 -2.75 9.91147
      vertex 35.6751 -6.75 10.0355
      vertex 35.6751 -2.75 10.0355
    endloop
  endfacet
  facet normal -0.337011 0 0.941501
    outer loop
      vertex 35.6751 -6.75 10.0355
      vertex 35.3286 -2.75 9.91147
      vertex 35.3286 -6.75 9.91147
    endloop
  endfacet
  facet normal -0.146746 0 0.989174
    outer loop
      vertex 34.6076 -2.75 9.76806
      vertex 34.9716 -6.75 9.82206
      vertex 34.9716 -2.75 9.82206
    endloop
  endfacet
  facet normal -0.146746 0 0.989174
    outer loop
      vertex 34.9716 -6.75 9.82206
      vertex 34.6076 -2.75 9.76806
      vertex 34.6076 -6.75 9.76806
    endloop
  endfacet
  facet normal -0.514176 0 0.857685
    outer loop
      vertex 36.0078 -2.75 10.1928
      vertex 36.3234 -6.75 10.382
      vertex 36.3234 -2.75 10.382
    endloop
  endfacet
  facet normal -0.514176 0 0.857685
    outer loop
      vertex 36.3234 -6.75 10.382
      vertex 36.0078 -2.75 10.1928
      vertex 36.0078 -6.75 10.1928
    endloop
  endfacet
  facet normal -0.671468 0 0.741033
    outer loop
      vertex 36.619 -2.75 10.6012
      vertex 36.8917 -6.75 10.8483
      vertex 36.8917 -2.75 10.8483
    endloop
  endfacet
  facet normal -0.671468 0 0.741033
    outer loop
      vertex 36.8917 -6.75 10.8483
      vertex 36.619 -2.75 10.6012
      vertex 36.619 -6.75 10.6012
    endloop
  endfacet
  facet normal 0.970047 -0 0.242919
    outer loop
      vertex 30.5621 -6.75 12.7684
      vertex 30.6515 -2.75 12.4114
      vertex 30.5621 -2.75 12.7684
    endloop
  endfacet
  facet normal 0.970047 0 0.242919
    outer loop
      vertex 30.6515 -2.75 12.4114
      vertex 30.5621 -6.75 12.7684
      vertex 30.6515 -6.75 12.4114
    endloop
  endfacet
  facet normal 0.903998 -0 0.427537
    outer loop
      vertex 30.7755 -6.75 12.0649
      vertex 30.9328 -2.75 11.7323
      vertex 30.7755 -2.75 12.0649
    endloop
  endfacet
  facet normal 0.903998 0 0.427537
    outer loop
      vertex 30.9328 -2.75 11.7323
      vertex 30.7755 -6.75 12.0649
      vertex 30.9328 -6.75 11.7323
    endloop
  endfacet
  facet normal 0.989174 -0 0.146746
    outer loop
      vertex 30.5081 -6.75 13.1324
      vertex 30.5621 -2.75 12.7684
      vertex 30.5081 -2.75 13.1324
    endloop
  endfacet
  facet normal 0.989174 0 0.146746
    outer loop
      vertex 30.5621 -2.75 12.7684
      vertex 30.5081 -6.75 13.1324
      vertex 30.5621 -6.75 12.7684
    endloop
  endfacet
  facet normal 0 -1 0
    outer loop
      vertex 34.24 -2.75 15.7
      vertex 34.24 -2.75 17.25
      vertex 33.8725 -2.75 17.2319
    endloop
  endfacet
  facet normal 0 -1 0
    outer loop
      vertex 34.0244 -2.75 15.6894
      vertex 33.8725 -2.75 17.2319
      vertex 33.5085 -2.75 17.1779
    endloop
  endfacet
  facet normal 0 -1 0
    outer loop
      vertex 34.24 -2.75 17.25
      vertex 34.24 -2.75 15.7
      vertex 34.6076 -2.75 17.2319
    endloop
  endfacet
  facet normal 0 -1 0
    outer loop
      vertex 33.8108 -2.75 15.6577
      vertex 33.5085 -2.75 17.1779
      vertex 33.1515 -2.75 17.0885
    endloop
  endfacet
  facet normal 0 -1 0
    outer loop
      vertex 34.4557 -2.75 15.6894
      vertex 34.6076 -2.75 17.2319
      vertex 34.24 -2.75 15.7
    endloop
  endfacet
  facet normal 0 -1 0
    outer loop
      vertex 33.6014 -2.75 15.6053
      vertex 33.1515 -2.75 17.0885
      vertex 32.805 -2.75 16.9646
    endloop
  endfacet
  facet normal 0 -1 -0
    outer loop
      vertex 34.6076 -2.75 17.2319
      vertex 34.4557 -2.75 15.6894
      vertex 34.9716 -2.75 17.1779
    endloop
  endfacet
  facet normal 0 -1 0
    outer loop
      vertex 33.3981 -2.75 15.5325
      vertex 32.805 -2.75 16.9646
      vertex 32.4723 -2.75 16.8072
    endloop
  endfacet
  facet normal 0 -1 0
    outer loop
      vertex 34.6692 -2.75 15.6577
      vertex 34.9716 -2.75 17.1779
      vertex 34.4557 -2.75 15.6894
    endloop
  endfacet
  facet normal 0 -1 0
    outer loop
      vertex 33.203 -2.75 15.4402
      vertex 32.4723 -2.75 16.8072
      vertex 32.1567 -2.75 16.618
    endloop
  endfacet
  facet normal 0 -1 -0
    outer loop
      vertex 34.9716 -2.75 17.1779
      vertex 34.6692 -2.75 15.6577
      vertex 35.3286 -2.75 17.0885
    endloop
  endfacet
  facet normal 0 -1 0
    outer loop
      vertex 33.0178 -2.75 15.3292
      vertex 32.1567 -2.75 16.618
      vertex 31.8611 -2.75 16.3988
    endloop
  endfacet
  facet normal 0 -1 0
    outer loop
      vertex 34.8787 -2.75 15.6053
      vertex 35.3286 -2.75 17.0885
      vertex 34.6692 -2.75 15.6577
    endloop
  endfacet
  facet normal 0 -1 0
    outer loop
      vertex 32.8444 -2.75 15.2006
      vertex 31.8611 -2.75 16.3988
      vertex 31.5884 -2.75 16.1517
    endloop
  endfacet
  facet normal 0 -1 -0
    outer loop
      vertex 35.3286 -2.75 17.0885
      vertex 34.8787 -2.75 15.6053
      vertex 35.6751 -2.75 16.9646
    endloop
  endfacet
  facet normal 0 -1 0
    outer loop
      vertex 32.6844 -2.75 15.0556
      vertex 31.5884 -2.75 16.1517
      vertex 31.3413 -2.75 15.879
    endloop
  endfacet
  facet normal 0 -1 0
    outer loop
      vertex 35.0819 -2.75 15.5325
      vertex 35.6751 -2.75 16.9646
      vertex 34.8787 -2.75 15.6053
    endloop
  endfacet
  facet normal 0 -1 -0
    outer loop
      vertex 35.6751 -2.75 16.9646
      vertex 35.0819 -2.75 15.5325
      vertex 36.0078 -2.75 16.8072
    endloop
  endfacet
  facet normal 0 -1 0
    outer loop
      vertex 33.8725 -2.75 17.2319
      vertex 34.0244 -2.75 15.6894
      vertex 34.24 -2.75 15.7
    endloop
  endfacet
  facet normal 0 -1 0
    outer loop
      vertex 33.5085 -2.75 17.1779
      vertex 33.8108 -2.75 15.6577
      vertex 34.0244 -2.75 15.6894
    endloop
  endfacet
  facet normal 0 -1 0
    outer loop
      vertex 33.1515 -2.75 17.0885
      vertex 33.6014 -2.75 15.6053
      vertex 33.8108 -2.75 15.6577
    endloop
  endfacet
  facet normal 0 -1 0
    outer loop
      vertex 32.5394 -2.75 14.8957
      vertex 31.3413 -2.75 15.879
      vertex 31.122 -2.75 15.5834
    endloop
  endfacet
  facet normal 0 -1 0
    outer loop
      vertex 32.805 -2.75 16.9646
      vertex 33.3981 -2.75 15.5325
      vertex 33.6014 -2.75 15.6053
    endloop
  endfacet
  facet normal 0 -1 0
    outer loop
      vertex 32.4723 -2.75 16.8072
      vertex 33.203 -2.75 15.4402
      vertex 33.3981 -2.75 15.5325
    endloop
  endfacet
  facet normal 0 -1 0
    outer loop
      vertex 32.1567 -2.75 16.618
      vertex 33.0178 -2.75 15.3292
      vertex 33.203 -2.75 15.4402
    endloop
  endfacet
  facet normal 0 -1 0
    outer loop
      vertex 32.4108 -2.75 14.7223
      vertex 31.122 -2.75 15.5834
      vertex 30.9328 -2.75 15.2677
    endloop
  endfacet
  facet normal 0 -1 0
    outer loop
      vertex 31.8611 -2.75 16.3988
      vertex 32.8444 -2.75 15.2006
      vertex 33.0178 -2.75 15.3292
    endloop
  endfacet
  facet normal 0 -1 0
    outer loop
      vertex 31.5884 -2.75 16.1517
      vertex 32.6844 -2.75 15.0556
      vertex 32.8444 -2.75 15.2006
    endloop
  endfacet
  facet normal 0 -1 0
    outer loop
      vertex 32.2998 -2.75 14.5371
      vertex 30.9328 -2.75 15.2677
      vertex 30.7755 -2.75 14.9351
    endloop
  endfacet
  facet normal 0 -1 0
    outer loop
      vertex 31.3413 -2.75 15.879
      vertex 32.5394 -2.75 14.8957
      vertex 32.6844 -2.75 15.0556
    endloop
  endfacet
  facet normal 0 -1 0
    outer loop
      vertex 31.122 -2.75 15.5834
      vertex 32.4108 -2.75 14.7223
      vertex 32.5394 -2.75 14.8957
    endloop
  endfacet
  facet normal 0 -1 0
    outer loop
      vertex 32.2075 -2.75 14.3419
      vertex 30.7755 -2.75 14.9351
      vertex 30.6515 -2.75 14.5886
    endloop
  endfacet
  facet normal 0 -1 0
    outer loop
      vertex 30.9328 -2.75 15.2677
      vertex 32.2998 -2.75 14.5371
      vertex 32.4108 -2.75 14.7223
    endloop
  endfacet
  facet normal 0 -1 0
    outer loop
      vertex 30.7755 -2.75 14.9351
      vertex 32.2075 -2.75 14.3419
      vertex 32.2998 -2.75 14.5371
    endloop
  endfacet
  facet normal 0 -1 0
    outer loop
      vertex 32.1348 -2.75 14.1386
      vertex 30.6515 -2.75 14.5886
      vertex 30.5621 -2.75 14.2316
    endloop
  endfacet
  facet normal 0 -1 0
    outer loop
      vertex 30.6515 -2.75 14.5886
      vertex 32.1348 -2.75 14.1386
      vertex 32.2075 -2.75 14.3419
    endloop
  endfacet
  facet normal 0 -1 0
    outer loop
      vertex 30.5621 -2.75 14.2316
      vertex 32.0823 -2.75 13.9292
      vertex 32.1348 -2.75 14.1386
    endloop
  endfacet
  facet normal 0 -1 0
    outer loop
      vertex 30.5081 -2.75 13.8676
      vertex 32.0823 -2.75 13.9292
      vertex 30.5621 -2.75 14.2316
    endloop
  endfacet
  facet normal 0 -1 0
    outer loop
      vertex 30.5081 -2.75 13.8676
      vertex 32.0506 -2.75 13.7156
      vertex 32.0823 -2.75 13.9292
    endloop
  endfacet
  facet normal 0 -1 0
    outer loop
      vertex 30.49 -2.75 13.5
      vertex 32.0506 -2.75 13.7156
      vertex 30.5081 -2.75 13.8676
    endloop
  endfacet
  facet normal 0 -1 0
    outer loop
      vertex 30.49 -2.75 13.5
      vertex 32.04 -2.75 13.5
      vertex 32.0506 -2.75 13.7156
    endloop
  endfacet
  facet normal 0 -1 0
    outer loop
      vertex 30.49 -2.75 13.5
      vertex 32.0506 -2.75 13.2844
      vertex 32.04 -2.75 13.5
    endloop
  endfacet
  facet normal 0 -1 0
    outer loop
      vertex 30.5081 -2.75 13.1324
      vertex 32.0506 -2.75 13.2844
      vertex 30.49 -2.75 13.5
    endloop
  endfacet
  facet normal 0 -1 0
    outer loop
      vertex 30.5081 -2.75 13.1324
      vertex 32.0823 -2.75 13.0708
      vertex 32.0506 -2.75 13.2844
    endloop
  endfacet
  facet normal 0 -1 0
    outer loop
      vertex 30.5621 -2.75 12.7684
      vertex 32.0823 -2.75 13.0708
      vertex 30.5081 -2.75 13.1324
    endloop
  endfacet
  facet normal 0 -1 -0
    outer loop
      vertex 32.0823 -2.75 13.0708
      vertex 30.5621 -2.75 12.7684
      vertex 32.1348 -2.75 12.8614
    endloop
  endfacet
  facet normal 0 -1 0
    outer loop
      vertex 30.6515 -2.75 12.4114
      vertex 32.1348 -2.75 12.8614
      vertex 30.5621 -2.75 12.7684
    endloop
  endfacet
  facet normal 0 -1 -0
    outer loop
      vertex 32.1348 -2.75 12.8614
      vertex 30.6515 -2.75 12.4114
      vertex 32.2075 -2.75 12.6581
    endloop
  endfacet
  facet normal 0 -1 0
    outer loop
      vertex 30.7755 -2.75 12.0649
      vertex 32.2075 -2.75 12.6581
      vertex 30.6515 -2.75 12.4114
    endloop
  endfacet
  facet normal 0 -1 -0
    outer loop
      vertex 32.2075 -2.75 12.6581
      vertex 30.7755 -2.75 12.0649
      vertex 32.2998 -2.75 12.4629
    endloop
  endfacet
  facet normal 0 -1 0
    outer loop
      vertex 30.9328 -2.75 11.7323
      vertex 32.2998 -2.75 12.4629
      vertex 30.7755 -2.75 12.0649
    endloop
  endfacet
  facet normal 0 -1 -0
    outer loop
      vertex 32.2998 -2.75 12.4629
      vertex 30.9328 -2.75 11.7323
      vertex 32.4108 -2.75 12.2777
    endloop
  endfacet
  facet normal 0 -1 0
    outer loop
      vertex 31.122 -2.75 11.4166
      vertex 32.4108 -2.75 12.2777
      vertex 30.9328 -2.75 11.7323
    endloop
  endfacet
  facet normal 0 -1 -0
    outer loop
      vertex 32.4108 -2.75 12.2777
      vertex 31.122 -2.75 11.4166
      vertex 32.5394 -2.75 12.1043
    endloop
  endfacet
  facet normal 0 -1 0
    outer loop
      vertex 31.3413 -2.75 11.121
      vertex 32.5394 -2.75 12.1043
      vertex 31.122 -2.75 11.4166
    endloop
  endfacet
  facet normal 0 -1 -0
    outer loop
      vertex 32.5394 -2.75 12.1043
      vertex 31.3413 -2.75 11.121
      vertex 32.6844 -2.75 11.9444
    endloop
  endfacet
  facet normal 0 -1 0
    outer loop
      vertex 31.5884 -2.75 10.8483
      vertex 32.6844 -2.75 11.9444
      vertex 31.3413 -2.75 11.121
    endloop
  endfacet
  facet normal 0 -1 -0
    outer loop
      vertex 32.6844 -2.75 11.9444
      vertex 31.5884 -2.75 10.8483
      vertex 32.8444 -2.75 11.7994
    endloop
  endfacet
  facet normal 0 -1 0
    outer loop
      vertex 31.8611 -2.75 10.6012
      vertex 32.8444 -2.75 11.7994
      vertex 31.5884 -2.75 10.8483
    endloop
  endfacet
  facet normal 0 -1 -0
    outer loop
      vertex 32.8444 -2.75 11.7994
      vertex 31.8611 -2.75 10.6012
      vertex 33.0178 -2.75 11.6708
    endloop
  endfacet
  facet normal 0 -1 0
    outer loop
      vertex 32.1567 -2.75 10.382
      vertex 33.0178 -2.75 11.6708
      vertex 31.8611 -2.75 10.6012
    endloop
  endfacet
  facet normal 0 -1 -0
    outer loop
      vertex 33.0178 -2.75 11.6708
      vertex 32.1567 -2.75 10.382
      vertex 33.203 -2.75 11.5598
    endloop
  endfacet
  facet normal 0 -1 0
    outer loop
      vertex 32.4723 -2.75 10.1928
      vertex 33.203 -2.75 11.5598
      vertex 32.1567 -2.75 10.382
    endloop
  endfacet
  facet normal 0 -1 -0
    outer loop
      vertex 33.203 -2.75 11.5598
      vertex 32.4723 -2.75 10.1928
      vertex 33.3981 -2.75 11.4675
    endloop
  endfacet
  facet normal 0 -1 0
    outer loop
      vertex 35.2771 -2.75 15.4402
      vertex 36.0078 -2.75 16.8072
      vertex 35.0819 -2.75 15.5325
    endloop
  endfacet
  facet normal 0 -1 -0
    outer loop
      vertex 36.0078 -2.75 16.8072
      vertex 35.2771 -2.75 15.4402
      vertex 36.3234 -2.75 16.618
    endloop
  endfacet
  facet normal 0 -1 0
    outer loop
      vertex 35.4623 -2.75 15.3292
      vertex 36.3234 -2.75 16.618
      vertex 35.2771 -2.75 15.4402
    endloop
  endfacet
  facet normal 0 -1 -0
    outer loop
      vertex 36.3234 -2.75 16.618
      vertex 35.4623 -2.75 15.3292
      vertex 36.619 -2.75 16.3988
    endloop
  endfacet
  facet normal 0 -1 0
    outer loop
      vertex 35.6357 -2.75 15.2006
      vertex 36.619 -2.75 16.3988
      vertex 35.4623 -2.75 15.3292
    endloop
  endfacet
  facet normal 0 -1 -0
    outer loop
      vertex 36.619 -2.75 16.3988
      vertex 35.6357 -2.75 15.2006
      vertex 36.8917 -2.75 16.1517
    endloop
  endfacet
  facet normal 0 -1 0
    outer loop
      vertex 35.7957 -2.75 15.0556
      vertex 36.8917 -2.75 16.1517
      vertex 35.6357 -2.75 15.2006
    endloop
  endfacet
  facet normal 0 -1 -0
    outer loop
      vertex 36.8917 -2.75 16.1517
      vertex 35.7957 -2.75 15.0556
      vertex 37.1388 -2.75 15.879
    endloop
  endfacet
  facet normal 0 -1 0
    outer loop
      vertex 35.9407 -2.75 14.8957
      vertex 37.1388 -2.75 15.879
      vertex 35.7957 -2.75 15.0556
    endloop
  endfacet
  facet normal 0 -1 -0
    outer loop
      vertex 37.1388 -2.75 15.879
      vertex 35.9407 -2.75 14.8957
      vertex 37.3581 -2.75 15.5834
    endloop
  endfacet
  facet normal 0 -1 0
    outer loop
      vertex 36.0693 -2.75 14.7223
      vertex 37.3581 -2.75 15.5834
      vertex 35.9407 -2.75 14.8957
    endloop
  endfacet
  facet normal 0 -1 -0
    outer loop
      vertex 37.3581 -2.75 15.5834
      vertex 36.0693 -2.75 14.7223
      vertex 37.5472 -2.75 15.2677
    endloop
  endfacet
  facet normal 0 -1 0
    outer loop
      vertex 36.1803 -2.75 14.5371
      vertex 37.5472 -2.75 15.2677
      vertex 36.0693 -2.75 14.7223
    endloop
  endfacet
  facet normal 0 -1 -0
    outer loop
      vertex 37.5472 -2.75 15.2677
      vertex 36.1803 -2.75 14.5371
      vertex 37.7046 -2.75 14.9351
    endloop
  endfacet
  facet normal 0 -1 0
    outer loop
      vertex 36.2726 -2.75 14.3419
      vertex 37.7046 -2.75 14.9351
      vertex 36.1803 -2.75 14.5371
    endloop
  endfacet
  facet normal 0 -1 -0
    outer loop
      vertex 37.7046 -2.75 14.9351
      vertex 36.2726 -2.75 14.3419
      vertex 37.8286 -2.75 14.5886
    endloop
  endfacet
  facet normal 0 -1 0
    outer loop
      vertex 36.3453 -2.75 14.1386
      vertex 37.8286 -2.75 14.5886
      vertex 36.2726 -2.75 14.3419
    endloop
  endfacet
  facet normal 0 -1 -0
    outer loop
      vertex 37.8286 -2.75 14.5886
      vertex 36.3453 -2.75 14.1386
      vertex 37.918 -2.75 14.2316
    endloop
  endfacet
  facet normal 0 -1 0
    outer loop
      vertex 36.3978 -2.75 13.9292
      vertex 37.918 -2.75 14.2316
      vertex 36.3453 -2.75 14.1386
    endloop
  endfacet
  facet normal 0 -1 0
    outer loop
      vertex 36.3978 -2.75 13.9292
      vertex 37.972 -2.75 13.8676
      vertex 37.918 -2.75 14.2316
    endloop
  endfacet
  facet normal 0 -1 0
    outer loop
      vertex 36.4294 -2.75 13.7156
      vertex 37.972 -2.75 13.8676
      vertex 36.3978 -2.75 13.9292
    endloop
  endfacet
  facet normal 0 -1 0
    outer loop
      vertex 36.44 -2.75 13.5
      vertex 37.972 -2.75 13.8676
      vertex 36.4294 -2.75 13.7156
    endloop
  endfacet
  facet normal 0 -1 0
    outer loop
      vertex 36.44 -2.75 13.5
      vertex 37.99 -2.75 13.5
      vertex 37.972 -2.75 13.8676
    endloop
  endfacet
  facet normal 0 -1 0
    outer loop
      vertex 36.4294 -2.75 13.2844
      vertex 37.99 -2.75 13.5
      vertex 36.44 -2.75 13.5
    endloop
  endfacet
  facet normal 0 -1 0
    outer loop
      vertex 36.4294 -2.75 13.2844
      vertex 37.972 -2.75 13.1324
      vertex 37.99 -2.75 13.5
    endloop
  endfacet
  facet normal 0 -1 0
    outer loop
      vertex 36.3978 -2.75 13.0708
      vertex 37.972 -2.75 13.1324
      vertex 36.4294 -2.75 13.2844
    endloop
  endfacet
  facet normal 0 -1 0
    outer loop
      vertex 37.918 -2.75 12.7684
      vertex 36.3978 -2.75 13.0708
      vertex 36.3453 -2.75 12.8614
    endloop
  endfacet
  facet normal 0 -1 0
    outer loop
      vertex 36.3978 -2.75 13.0708
      vertex 37.918 -2.75 12.7684
      vertex 37.972 -2.75 13.1324
    endloop
  endfacet
  facet normal 0 -1 0
    outer loop
      vertex 37.8286 -2.75 12.4114
      vertex 36.3453 -2.75 12.8614
      vertex 36.2726 -2.75 12.6581
    endloop
  endfacet
  facet normal 0 -1 0
    outer loop
      vertex 37.7046 -2.75 12.0649
      vertex 36.2726 -2.75 12.6581
      vertex 36.1803 -2.75 12.4629
    endloop
  endfacet
  facet normal 0 -1 0
    outer loop
      vertex 36.3453 -2.75 12.8614
      vertex 37.8286 -2.75 12.4114
      vertex 37.918 -2.75 12.7684
    endloop
  endfacet
  facet normal 0 -1 0
    outer loop
      vertex 37.5472 -2.75 11.7323
      vertex 36.1803 -2.75 12.4629
      vertex 36.0693 -2.75 12.2777
    endloop
  endfacet
  facet normal 0 -1 0
    outer loop
      vertex 37.3581 -2.75 11.4166
      vertex 36.0693 -2.75 12.2777
      vertex 35.9407 -2.75 12.1043
    endloop
  endfacet
  facet normal 0 -1 0
    outer loop
      vertex 36.2726 -2.75 12.6581
      vertex 37.7046 -2.75 12.0649
      vertex 37.8286 -2.75 12.4114
    endloop
  endfacet
  facet normal 0 -1 0
    outer loop
      vertex 37.1388 -2.75 11.121
      vertex 35.9407 -2.75 12.1043
      vertex 35.7957 -2.75 11.9444
    endloop
  endfacet
  facet normal 0 -1 0
    outer loop
      vertex 36.8917 -2.75 10.8483
      vertex 35.7957 -2.75 11.9444
      vertex 35.6357 -2.75 11.7994
    endloop
  endfacet
  facet normal 0 -1 0
    outer loop
      vertex 36.1803 -2.75 12.4629
      vertex 37.5472 -2.75 11.7323
      vertex 37.7046 -2.75 12.0649
    endloop
  endfacet
  facet normal 0 -1 0
    outer loop
      vertex 36.619 -2.75 10.6012
      vertex 35.6357 -2.75 11.7994
      vertex 35.4623 -2.75 11.6708
    endloop
  endfacet
  facet normal 0 -1 0
    outer loop
      vertex 36.3234 -2.75 10.382
      vertex 35.4623 -2.75 11.6708
      vertex 35.2771 -2.75 11.5598
    endloop
  endfacet
  facet normal 0 -1 0
    outer loop
      vertex 36.0078 -2.75 10.1928
      vertex 35.2771 -2.75 11.5598
      vertex 35.0819 -2.75 11.4675
    endloop
  endfacet
  facet normal 0 -1 0
    outer loop
      vertex 36.0693 -2.75 12.2777
      vertex 37.3581 -2.75 11.4166
      vertex 37.5472 -2.75 11.7323
    endloop
  endfacet
  facet normal 0 -1 0
    outer loop
      vertex 35.6751 -2.75 10.0355
      vertex 35.0819 -2.75 11.4675
      vertex 34.8787 -2.75 11.3947
    endloop
  endfacet
  facet normal 0 -1 0
    outer loop
      vertex 35.3286 -2.75 9.91147
      vertex 34.8787 -2.75 11.3947
      vertex 34.6692 -2.75 11.3423
    endloop
  endfacet
  facet normal 0 -1 0
    outer loop
      vertex 34.9716 -2.75 9.82206
      vertex 34.6692 -2.75 11.3423
      vertex 34.4557 -2.75 11.3106
    endloop
  endfacet
  facet normal 0 -1 0
    outer loop
      vertex 34.6076 -2.75 9.76806
      vertex 34.4557 -2.75 11.3106
      vertex 34.24 -2.75 11.3
    endloop
  endfacet
  facet normal 0 -1 0
    outer loop
      vertex 32.805 -2.75 10.0355
      vertex 33.3981 -2.75 11.4675
      vertex 32.4723 -2.75 10.1928
    endloop
  endfacet
  facet normal 0 -1 0
    outer loop
      vertex 35.9407 -2.75 12.1043
      vertex 37.1388 -2.75 11.121
      vertex 37.3581 -2.75 11.4166
    endloop
  endfacet
  facet normal 0 -1 -0
    outer loop
      vertex 33.3981 -2.75 11.4675
      vertex 32.805 -2.75 10.0355
      vertex 33.6014 -2.75 11.3947
    endloop
  endfacet
  facet normal 0 -1 0
    outer loop
      vertex 35.7957 -2.75 11.9444
      vertex 36.8917 -2.75 10.8483
      vertex 37.1388 -2.75 11.121
    endloop
  endfacet
  facet normal 0 -1 0
    outer loop
      vertex 33.1515 -2.75 9.91147
      vertex 33.6014 -2.75 11.3947
      vertex 32.805 -2.75 10.0355
    endloop
  endfacet
  facet normal 0 -1 0
    outer loop
      vertex 35.6357 -2.75 11.7994
      vertex 36.619 -2.75 10.6012
      vertex 36.8917 -2.75 10.8483
    endloop
  endfacet
  facet normal 0 -1 -0
    outer loop
      vertex 33.6014 -2.75 11.3947
      vertex 33.1515 -2.75 9.91147
      vertex 33.8108 -2.75 11.3423
    endloop
  endfacet
  facet normal 0 -1 0
    outer loop
      vertex 35.4623 -2.75 11.6708
      vertex 36.3234 -2.75 10.382
      vertex 36.619 -2.75 10.6012
    endloop
  endfacet
  facet normal 0 -1 0
    outer loop
      vertex 33.5085 -2.75 9.82206
      vertex 33.8108 -2.75 11.3423
      vertex 33.1515 -2.75 9.91147
    endloop
  endfacet
  facet normal 0 -1 0
    outer loop
      vertex 35.2771 -2.75 11.5598
      vertex 36.0078 -2.75 10.1928
      vertex 36.3234 -2.75 10.382
    endloop
  endfacet
  facet normal 0 -1 -0
    outer loop
      vertex 33.8108 -2.75 11.3423
      vertex 33.5085 -2.75 9.82206
      vertex 34.0244 -2.75 11.3106
    endloop
  endfacet
  facet normal 0 -1 0
    outer loop
      vertex 35.0819 -2.75 11.4675
      vertex 35.6751 -2.75 10.0355
      vertex 36.0078 -2.75 10.1928
    endloop
  endfacet
  facet normal 0 -1 0
    outer loop
      vertex 33.8725 -2.75 9.76806
      vertex 34.0244 -2.75 11.3106
      vertex 33.5085 -2.75 9.82206
    endloop
  endfacet
  facet normal 0 -1 0
    outer loop
      vertex 34.8787 -2.75 11.3947
      vertex 35.3286 -2.75 9.91147
      vertex 35.6751 -2.75 10.0355
    endloop
  endfacet
  facet normal 0 -1 -0
    outer loop
      vertex 34.0244 -2.75 11.3106
      vertex 33.8725 -2.75 9.76806
      vertex 34.24 -2.75 11.3
    endloop
  endfacet
  facet normal 0 -1 0
    outer loop
      vertex 34.6692 -2.75 11.3423
      vertex 34.9716 -2.75 9.82206
      vertex 35.3286 -2.75 9.91147
    endloop
  endfacet
  facet normal 0 -1 0
    outer loop
      vertex 34.24 -2.75 9.75
      vertex 34.24 -2.75 11.3
      vertex 33.8725 -2.75 9.76806
    endloop
  endfacet
  facet normal 0 -1 0
    outer loop
      vertex 34.4557 -2.75 11.3106
      vertex 34.6076 -2.75 9.76806
      vertex 34.9716 -2.75 9.82206
    endloop
  endfacet
  facet normal 0 -1 0
    outer loop
      vertex 34.24 -2.75 11.3
      vertex 34.24 -2.75 9.75
      vertex 34.6076 -2.75 9.76806
    endloop
  endfacet
  facet normal 0.427432 0 0.904047
    outer loop
      vertex 32.4723 -2.75 10.1928
      vertex 32.805 -6.75 10.0355
      vertex 32.805 -2.75 10.0355
    endloop
  endfacet
  facet normal 0.427432 0 0.904047
    outer loop
      vertex 32.805 -6.75 10.0355
      vertex 32.4723 -2.75 10.1928
      vertex 32.4723 -6.75 10.1928
    endloop
  endfacet
  facet normal 0.514176 0 0.857685
    outer loop
      vertex 32.1567 -2.75 10.382
      vertex 32.4723 -6.75 10.1928
      vertex 32.4723 -2.75 10.1928
    endloop
  endfacet
  facet normal 0.514176 0 0.857685
    outer loop
      vertex 32.4723 -6.75 10.1928
      vertex 32.1567 -2.75 10.382
      vertex 32.1567 -6.75 10.382
    endloop
  endfacet
  facet normal 0.242945 0 0.97004
    outer loop
      vertex 33.1515 -2.75 9.91147
      vertex 33.5085 -6.75 9.82206
      vertex 33.5085 -2.75 9.82206
    endloop
  endfacet
  facet normal 0.242945 0 0.97004
    outer loop
      vertex 33.5085 -6.75 9.82206
      vertex 33.1515 -2.75 9.91147
      vertex 33.1515 -6.75 9.91147
    endloop
  endfacet
  facet normal 0.0490836 0 0.998795
    outer loop
      vertex 33.8725 -2.75 9.76806
      vertex 34.24 -6.75 9.75
      vertex 34.24 -2.75 9.75
    endloop
  endfacet
  facet normal 0.0490836 0 0.998795
    outer loop
      vertex 34.24 -6.75 9.75
      vertex 33.8725 -2.75 9.76806
      vertex 33.8725 -6.75 9.76806
    endloop
  endfacet
  facet normal -0.741033 0 -0.671468
    outer loop
      vertex 37.1388 -6.75 15.879
      vertex 36.8917 -2.75 16.1517
      vertex 37.1388 -2.75 15.879
    endloop
  endfacet
  facet normal -0.741033 -0 -0.671468
    outer loop
      vertex 36.8917 -2.75 16.1517
      vertex 37.1388 -6.75 15.879
      vertex 36.8917 -6.75 16.1517
    endloop
  endfacet
  facet normal 0.803119 0 -0.595819
    outer loop
      vertex 31.3413 -6.75 15.879
      vertex 31.122 -2.75 15.5834
      vertex 31.3413 -2.75 15.879
    endloop
  endfacet
  facet normal 0.803119 0 -0.595819
    outer loop
      vertex 31.122 -2.75 15.5834
      vertex 31.3413 -6.75 15.879
      vertex 31.122 -6.75 15.5834
    endloop
  endfacet
  facet normal -0.427654 0 -0.903942
    outer loop
      vertex 35.6751 -6.75 16.9646
      vertex 36.0078 -2.75 16.8072
      vertex 36.0078 -6.75 16.8072
    endloop
  endfacet
  facet normal -0.427654 0 -0.903942
    outer loop
      vertex 36.0078 -2.75 16.8072
      vertex 35.6751 -6.75 16.9646
      vertex 35.6751 -2.75 16.9646
    endloop
  endfacet
  facet normal 0.741033 -0 0.671468
    outer loop
      vertex 31.3413 -6.75 11.121
      vertex 31.5884 -2.75 10.8483
      vertex 31.3413 -2.75 11.121
    endloop
  endfacet
  facet normal 0.741033 0 0.671468
    outer loop
      vertex 31.5884 -2.75 10.8483
      vertex 31.3413 -6.75 11.121
      vertex 31.5884 -6.75 10.8483
    endloop
  endfacet
  facet normal 0.941527 -0 0.336939
    outer loop
      vertex 30.6515 -6.75 12.4114
      vertex 30.7755 -2.75 12.0649
      vertex 30.6515 -2.75 12.4114
    endloop
  endfacet
  facet normal 0.941527 0 0.336939
    outer loop
      vertex 30.7755 -2.75 12.0649
      vertex 30.6515 -6.75 12.4114
      vertex 30.7755 -6.75 12.0649
    endloop
  endfacet
  facet normal 0.595643 0 0.803249
    outer loop
      vertex 31.8611 -2.75 10.6012
      vertex 32.1567 -6.75 10.382
      vertex 32.1567 -2.75 10.382
    endloop
  endfacet
  facet normal 0.595643 0 0.803249
    outer loop
      vertex 32.1567 -6.75 10.382
      vertex 31.8611 -2.75 10.6012
      vertex 31.8611 -6.75 10.6012
    endloop
  endfacet
  facet normal -0.970047 0 -0.242919
    outer loop
      vertex 37.918 -6.75 14.2316
      vertex 37.8286 -2.75 14.5886
      vertex 37.918 -2.75 14.2316
    endloop
  endfacet
  facet normal -0.970047 -0 -0.242919
    outer loop
      vertex 37.8286 -2.75 14.5886
      vertex 37.918 -6.75 14.2316
      vertex 37.8286 -6.75 14.5886
    endloop
  endfacet
  facet normal -0.989174 0 -0.146746
    outer loop
      vertex 37.972 -6.75 13.8676
      vertex 37.918 -2.75 14.2316
      vertex 37.972 -2.75 13.8676
    endloop
  endfacet
  facet normal -0.989174 -0 -0.146746
    outer loop
      vertex 37.918 -2.75 14.2316
      vertex 37.972 -6.75 13.8676
      vertex 37.918 -6.75 14.2316
    endloop
  endfacet
  facet normal -0.998803 0 -0.0489077
    outer loop
      vertex 37.99 -6.75 13.5
      vertex 37.972 -2.75 13.8676
      vertex 37.99 -2.75 13.5
    endloop
  endfacet
  facet normal -0.998803 -0 -0.0489077
    outer loop
      vertex 37.972 -2.75 13.8676
      vertex 37.99 -6.75 13.5
      vertex 37.972 -6.75 13.8676
    endloop
  endfacet
  facet normal -0.803119 0 -0.595819
    outer loop
      vertex 37.3581 -6.75 15.5834
      vertex 37.1388 -2.75 15.879
      vertex 37.3581 -2.75 15.5834
    endloop
  endfacet
  facet normal -0.803119 -0 -0.595819
    outer loop
      vertex 37.1388 -2.75 15.879
      vertex 37.3581 -6.75 15.5834
      vertex 37.1388 -6.75 15.879
    endloop
  endfacet
  facet normal -0.903893 0 -0.427759
    outer loop
      vertex 37.7046 -6.75 14.9351
      vertex 37.5472 -2.75 15.2677
      vertex 37.7046 -2.75 14.9351
    endloop
  endfacet
  facet normal -0.903893 -0 -0.427759
    outer loop
      vertex 37.5472 -2.75 15.2677
      vertex 37.7046 -6.75 14.9351
      vertex 37.5472 -6.75 15.2677
    endloop
  endfacet
  facet normal 0.671468 0 -0.741033
    outer loop
      vertex 31.5884 -6.75 16.1517
      vertex 31.8611 -2.75 16.3988
      vertex 31.8611 -6.75 16.3988
    endloop
  endfacet
  facet normal 0.671468 0 -0.741033
    outer loop
      vertex 31.8611 -2.75 16.3988
      vertex 31.5884 -6.75 16.1517
      vertex 31.5884 -2.75 16.1517
    endloop
  endfacet
  facet normal 0.741033 0 -0.671468
    outer loop
      vertex 31.5884 -6.75 16.1517
      vertex 31.3413 -2.75 15.879
      vertex 31.5884 -2.75 16.1517
    endloop
  endfacet
  facet normal 0.741033 0 -0.671468
    outer loop
      vertex 31.3413 -2.75 15.879
      vertex 31.5884 -6.75 16.1517
      vertex 31.3413 -6.75 15.879
    endloop
  endfacet
  facet normal 0.903998 0 -0.427537
    outer loop
      vertex 30.9328 -6.75 15.2677
      vertex 30.7755 -2.75 14.9351
      vertex 30.9328 -2.75 15.2677
    endloop
  endfacet
  facet normal 0.903998 0 -0.427537
    outer loop
      vertex 30.7755 -2.75 14.9351
      vertex 30.9328 -6.75 15.2677
      vertex 30.7755 -6.75 14.9351
    endloop
  endfacet
  facet normal 0.970047 0 -0.242919
    outer loop
      vertex 30.6515 -6.75 14.5886
      vertex 30.5621 -2.75 14.2316
      vertex 30.6515 -2.75 14.5886
    endloop
  endfacet
  facet normal 0.970047 0 -0.242919
    outer loop
      vertex 30.5621 -2.75 14.2316
      vertex 30.6515 -6.75 14.5886
      vertex 30.5621 -6.75 14.2316
    endloop
  endfacet
  facet normal 0.941527 0 -0.336939
    outer loop
      vertex 30.7755 -6.75 14.9351
      vertex 30.6515 -2.75 14.5886
      vertex 30.7755 -2.75 14.9351
    endloop
  endfacet
  facet normal 0.941527 0 -0.336939
    outer loop
      vertex 30.6515 -2.75 14.5886
      vertex 30.7755 -6.75 14.9351
      vertex 30.6515 -6.75 14.5886
    endloop
  endfacet
  facet normal 0.99879 0 -0.0491787
    outer loop
      vertex 30.5081 -6.75 13.8676
      vertex 30.49 -2.75 13.5
      vertex 30.5081 -2.75 13.8676
    endloop
  endfacet
  facet normal 0.99879 0 -0.0491787
    outer loop
      vertex 30.49 -2.75 13.5
      vertex 30.5081 -6.75 13.8676
      vertex 30.49 -6.75 13.5
    endloop
  endfacet
  facet normal -0.857876 0 -0.513856
    outer loop
      vertex 37.5472 -6.75 15.2677
      vertex 37.3581 -2.75 15.5834
      vertex 37.5472 -2.75 15.2677
    endloop
  endfacet
  facet normal -0.857876 -0 -0.513856
    outer loop
      vertex 37.3581 -2.75 15.5834
      vertex 37.5472 -6.75 15.2677
      vertex 37.3581 -6.75 15.5834
    endloop
  endfacet
  facet normal -0.671468 0 -0.741033
    outer loop
      vertex 36.619 -6.75 16.3988
      vertex 36.8917 -2.75 16.1517
      vertex 36.8917 -6.75 16.1517
    endloop
  endfacet
  facet normal -0.671468 0 -0.741033
    outer loop
      vertex 36.8917 -2.75 16.1517
      vertex 36.619 -6.75 16.3988
      vertex 36.619 -2.75 16.3988
    endloop
  endfacet
  facet normal -0.595643 0 -0.803249
    outer loop
      vertex 36.3234 -6.75 16.618
      vertex 36.619 -2.75 16.3988
      vertex 36.619 -6.75 16.3988
    endloop
  endfacet
  facet normal -0.595643 0 -0.803249
    outer loop
      vertex 36.619 -2.75 16.3988
      vertex 36.3234 -6.75 16.618
      vertex 36.3234 -2.75 16.618
    endloop
  endfacet
  facet normal -0.514176 0 -0.857685
    outer loop
      vertex 36.0078 -6.75 16.8072
      vertex 36.3234 -2.75 16.618
      vertex 36.3234 -6.75 16.618
    endloop
  endfacet
  facet normal -0.514176 0 -0.857685
    outer loop
      vertex 36.3234 -2.75 16.618
      vertex 36.0078 -6.75 16.8072
      vertex 36.0078 -2.75 16.8072
    endloop
  endfacet
  facet normal -0.941527 0 -0.336939
    outer loop
      vertex 37.8286 -6.75 14.5886
      vertex 37.7046 -2.75 14.9351
      vertex 37.8286 -2.75 14.5886
    endloop
  endfacet
  facet normal -0.941527 -0 -0.336939
    outer loop
      vertex 37.7046 -2.75 14.9351
      vertex 37.8286 -6.75 14.5886
      vertex 37.7046 -6.75 14.9351
    endloop
  endfacet
  facet normal 0.0491921 0 -0.998789
    outer loop
      vertex 33.8725 -6.75 17.2319
      vertex 34.24 -2.75 17.25
      vertex 34.24 -6.75 17.25
    endloop
  endfacet
  facet normal 0.0491921 0 -0.998789
    outer loop
      vertex 34.24 -2.75 17.25
      vertex 33.8725 -6.75 17.2319
      vertex 33.8725 -2.75 17.2319
    endloop
  endfacet
  facet normal 0.514176 0 -0.857685
    outer loop
      vertex 32.1567 -6.75 16.618
      vertex 32.4723 -2.75 16.8072
      vertex 32.4723 -6.75 16.8072
    endloop
  endfacet
  facet normal 0.514176 0 -0.857685
    outer loop
      vertex 32.4723 -2.75 16.8072
      vertex 32.1567 -6.75 16.618
      vertex 32.1567 -2.75 16.618
    endloop
  endfacet
  facet normal 0.857757 0 -0.514056
    outer loop
      vertex 31.122 -6.75 15.5834
      vertex 30.9328 -2.75 15.2677
      vertex 31.122 -2.75 15.5834
    endloop
  endfacet
  facet normal 0.857757 0 -0.514056
    outer loop
      vertex 30.9328 -2.75 15.2677
      vertex 31.122 -6.75 15.5834
      vertex 30.9328 -6.75 15.2677
    endloop
  endfacet
  facet normal 0.989174 0 -0.146746
    outer loop
      vertex 30.5621 -6.75 14.2316
      vertex 30.5081 -2.75 13.8676
      vertex 30.5621 -2.75 14.2316
    endloop
  endfacet
  facet normal 0.989174 0 -0.146746
    outer loop
      vertex 30.5081 -2.75 13.8676
      vertex 30.5621 -6.75 14.2316
      vertex 30.5081 -6.75 13.8676
    endloop
  endfacet
  facet normal -0.242919 0 -0.970047
    outer loop
      vertex 34.9716 -6.75 17.1779
      vertex 35.3286 -2.75 17.0885
      vertex 35.3286 -6.75 17.0885
    endloop
  endfacet
  facet normal -0.242919 0 -0.970047
    outer loop
      vertex 35.3286 -2.75 17.0885
      vertex 34.9716 -6.75 17.1779
      vertex 34.9716 -2.75 17.1779
    endloop
  endfacet
  facet normal -0.336698 0 -0.941613
    outer loop
      vertex 35.3286 -6.75 17.0885
      vertex 35.6751 -2.75 16.9646
      vertex 35.6751 -6.75 16.9646
    endloop
  endfacet
  facet normal -0.336698 0 -0.941613
    outer loop
      vertex 35.6751 -2.75 16.9646
      vertex 35.3286 -6.75 17.0885
      vertex 35.3286 -2.75 17.0885
    endloop
  endfacet
  facet normal 0.146746 0 -0.989174
    outer loop
      vertex 33.5085 -6.75 17.1779
      vertex 33.8725 -2.75 17.2319
      vertex 33.8725 -6.75 17.2319
    endloop
  endfacet
  facet normal 0.146746 0 -0.989174
    outer loop
      vertex 33.8725 -2.75 17.2319
      vertex 33.5085 -6.75 17.1779
      vertex 33.5085 -2.75 17.1779
    endloop
  endfacet
  facet normal 0.336698 0 -0.941613
    outer loop
      vertex 32.805 -6.75 16.9646
      vertex 33.1515 -2.75 17.0885
      vertex 33.1515 -6.75 17.0885
    endloop
  endfacet
  facet normal 0.336698 0 -0.941613
    outer loop
      vertex 33.1515 -2.75 17.0885
      vertex 32.805 -6.75 16.9646
      vertex 32.805 -2.75 16.9646
    endloop
  endfacet
  facet normal 0.427654 0 -0.903942
    outer loop
      vertex 32.4723 -6.75 16.8072
      vertex 32.805 -2.75 16.9646
      vertex 32.805 -6.75 16.9646
    endloop
  endfacet
  facet normal 0.427654 0 -0.903942
    outer loop
      vertex 32.805 -2.75 16.9646
      vertex 32.4723 -6.75 16.8072
      vertex 32.4723 -2.75 16.8072
    endloop
  endfacet
  facet normal 0.595643 0 -0.803249
    outer loop
      vertex 31.8611 -6.75 16.3988
      vertex 32.1567 -2.75 16.618
      vertex 32.1567 -6.75 16.618
    endloop
  endfacet
  facet normal 0.595643 0 -0.803249
    outer loop
      vertex 32.1567 -2.75 16.618
      vertex 31.8611 -6.75 16.3988
      vertex 31.8611 -2.75 16.3988
    endloop
  endfacet
  facet normal 0.242919 0 -0.970047
    outer loop
      vertex 33.1515 -6.75 17.0885
      vertex 33.5085 -2.75 17.1779
      vertex 33.5085 -6.75 17.1779
    endloop
  endfacet
  facet normal 0.242919 0 -0.970047
    outer loop
      vertex 33.5085 -2.75 17.1779
      vertex 33.1515 -6.75 17.0885
      vertex 33.1515 -2.75 17.0885
    endloop
  endfacet
  facet normal -0.99879 0 0.0491787
    outer loop
      vertex -30.5081 -6.75 13.1324
      vertex -30.49 -2.75 13.5
      vertex -30.5081 -2.75 13.1324
    endloop
  endfacet
  facet normal -0.99879 0 0.0491787
    outer loop
      vertex -30.49 -2.75 13.5
      vertex -30.5081 -6.75 13.1324
      vertex -30.49 -6.75 13.5
    endloop
  endfacet
  facet normal 0.0490703 0 0.998795
    outer loop
      vertex -34.6076 -2.75 9.76806
      vertex -34.24 -6.75 9.75
      vertex -34.24 -2.75 9.75
    endloop
  endfacet
  facet normal 0.0490703 0 0.998795
    outer loop
      vertex -34.24 -6.75 9.75
      vertex -34.6076 -2.75 9.76806
      vertex -34.6076 -6.75 9.76806
    endloop
  endfacet
  facet normal -0.671468 0 0.741033
    outer loop
      vertex -31.8611 -2.75 10.6012
      vertex -31.5884 -6.75 10.8483
      vertex -31.5884 -2.75 10.8483
    endloop
  endfacet
  facet normal -0.671468 0 0.741033
    outer loop
      vertex -31.5884 -6.75 10.8483
      vertex -31.8611 -2.75 10.6012
      vertex -31.8611 -6.75 10.6012
    endloop
  endfacet
  facet normal 0.741033 -0 0.671468
    outer loop
      vertex -37.1388 -6.75 11.121
      vertex -36.8917 -2.75 10.8483
      vertex -37.1388 -2.75 11.121
    endloop
  endfacet
  facet normal 0.741033 0 0.671468
    outer loop
      vertex -36.8917 -2.75 10.8483
      vertex -37.1388 -6.75 11.121
      vertex -36.8917 -6.75 10.8483
    endloop
  endfacet
  facet normal 0.427432 0 0.904047
    outer loop
      vertex -36.0078 -2.75 10.1928
      vertex -35.6751 -6.75 10.0355
      vertex -35.6751 -2.75 10.0355
    endloop
  endfacet
  facet normal 0.427432 0 0.904047
    outer loop
      vertex -35.6751 -6.75 10.0355
      vertex -36.0078 -2.75 10.1928
      vertex -36.0078 -6.75 10.1928
    endloop
  endfacet
  facet normal 0.941527 0 -0.336939
    outer loop
      vertex -37.7046 -6.75 14.9351
      vertex -37.8286 -2.75 14.5886
      vertex -37.7046 -2.75 14.9351
    endloop
  endfacet
  facet normal 0.941527 0 -0.336939
    outer loop
      vertex -37.8286 -2.75 14.5886
      vertex -37.7046 -6.75 14.9351
      vertex -37.8286 -6.75 14.5886
    endloop
  endfacet
  facet normal -0.903998 0 0.427537
    outer loop
      vertex -30.9328 -6.75 11.7323
      vertex -30.7755 -2.75 12.0649
      vertex -30.9328 -2.75 11.7323
    endloop
  endfacet
  facet normal -0.903998 0 0.427537
    outer loop
      vertex -30.7755 -2.75 12.0649
      vertex -30.9328 -6.75 11.7323
      vertex -30.7755 -6.75 12.0649
    endloop
  endfacet
  facet normal -0.337011 0 0.941501
    outer loop
      vertex -33.1515 -2.75 9.91147
      vertex -32.805 -6.75 10.0355
      vertex -32.805 -2.75 10.0355
    endloop
  endfacet
  facet normal -0.337011 0 0.941501
    outer loop
      vertex -32.805 -6.75 10.0355
      vertex -33.1515 -2.75 9.91147
      vertex -33.1515 -6.75 9.91147
    endloop
  endfacet
  facet normal 0.903893 -0 0.427759
    outer loop
      vertex -37.7046 -6.75 12.0649
      vertex -37.5472 -2.75 11.7323
      vertex -37.7046 -2.75 12.0649
    endloop
  endfacet
  facet normal 0.903893 0 0.427759
    outer loop
      vertex -37.5472 -2.75 11.7323
      vertex -37.7046 -6.75 12.0649
      vertex -37.5472 -6.75 11.7323
    endloop
  endfacet
  facet normal 0.857876 -0 0.513856
    outer loop
      vertex -37.5472 -6.75 11.7323
      vertex -37.3581 -2.75 11.4166
      vertex -37.5472 -2.75 11.7323
    endloop
  endfacet
  facet normal 0.857876 0 0.513856
    outer loop
      vertex -37.3581 -2.75 11.4166
      vertex -37.5472 -6.75 11.7323
      vertex -37.3581 -6.75 11.4166
    endloop
  endfacet
  facet normal 0.242945 0 0.97004
    outer loop
      vertex -35.3286 -2.75 9.91147
      vertex -34.9716 -6.75 9.82206
      vertex -34.9716 -2.75 9.82206
    endloop
  endfacet
  facet normal 0.242945 0 0.97004
    outer loop
      vertex -34.9716 -6.75 9.82206
      vertex -35.3286 -2.75 9.91147
      vertex -35.3286 -6.75 9.91147
    endloop
  endfacet
  facet normal -0.903998 0 -0.427537
    outer loop
      vertex -30.7755 -6.75 14.9351
      vertex -30.9328 -2.75 15.2677
      vertex -30.7755 -2.75 14.9351
    endloop
  endfacet
  facet normal -0.903998 -0 -0.427537
    outer loop
      vertex -30.9328 -2.75 15.2677
      vertex -30.7755 -6.75 14.9351
      vertex -30.9328 -6.75 15.2677
    endloop
  endfacet
  facet normal -0.336698 0 -0.941613
    outer loop
      vertex -33.1515 -6.75 17.0885
      vertex -32.805 -2.75 16.9646
      vertex -32.805 -6.75 16.9646
    endloop
  endfacet
  facet normal -0.336698 0 -0.941613
    outer loop
      vertex -32.805 -2.75 16.9646
      vertex -33.1515 -6.75 17.0885
      vertex -33.1515 -2.75 17.0885
    endloop
  endfacet
  facet normal -0.741033 0 -0.671468
    outer loop
      vertex -31.3413 -6.75 15.879
      vertex -31.5884 -2.75 16.1517
      vertex -31.3413 -2.75 15.879
    endloop
  endfacet
  facet normal -0.741033 -0 -0.671468
    outer loop
      vertex -31.5884 -2.75 16.1517
      vertex -31.3413 -6.75 15.879
      vertex -31.5884 -6.75 16.1517
    endloop
  endfacet
  facet normal -0.970047 0 -0.242919
    outer loop
      vertex -30.5621 -6.75 14.2316
      vertex -30.6515 -2.75 14.5886
      vertex -30.5621 -2.75 14.2316
    endloop
  endfacet
  facet normal -0.970047 -0 -0.242919
    outer loop
      vertex -30.6515 -2.75 14.5886
      vertex -30.5621 -6.75 14.2316
      vertex -30.6515 -6.75 14.5886
    endloop
  endfacet
  facet normal 0.242919 0 -0.970047
    outer loop
      vertex -35.3286 -6.75 17.0885
      vertex -34.9716 -2.75 17.1779
      vertex -34.9716 -6.75 17.1779
    endloop
  endfacet
  facet normal 0.242919 0 -0.970047
    outer loop
      vertex -34.9716 -2.75 17.1779
      vertex -35.3286 -6.75 17.0885
      vertex -35.3286 -2.75 17.0885
    endloop
  endfacet
  facet normal 0.671468 0 -0.741033
    outer loop
      vertex -36.8917 -6.75 16.1517
      vertex -36.619 -2.75 16.3988
      vertex -36.619 -6.75 16.3988
    endloop
  endfacet
  facet normal 0.671468 0 -0.741033
    outer loop
      vertex -36.619 -2.75 16.3988
      vertex -36.8917 -6.75 16.1517
      vertex -36.8917 -2.75 16.1517
    endloop
  endfacet
  facet normal 0.741033 0 -0.671468
    outer loop
      vertex -36.8917 -6.75 16.1517
      vertex -37.1388 -2.75 15.879
      vertex -36.8917 -2.75 16.1517
    endloop
  endfacet
  facet normal 0.741033 0 -0.671468
    outer loop
      vertex -37.1388 -2.75 15.879
      vertex -36.8917 -6.75 16.1517
      vertex -37.1388 -6.75 15.879
    endloop
  endfacet
  facet normal -0.970047 0 0.242919
    outer loop
      vertex -30.6515 -6.75 12.4114
      vertex -30.5621 -2.75 12.7684
      vertex -30.6515 -2.75 12.4114
    endloop
  endfacet
  facet normal -0.970047 0 0.242919
    outer loop
      vertex -30.5621 -2.75 12.7684
      vertex -30.6515 -6.75 12.4114
      vertex -30.5621 -6.75 12.7684
    endloop
  endfacet
  facet normal -0.989174 0 0.146746
    outer loop
      vertex -30.5621 -6.75 12.7684
      vertex -30.5081 -2.75 13.1324
      vertex -30.5621 -2.75 12.7684
    endloop
  endfacet
  facet normal -0.989174 0 0.146746
    outer loop
      vertex -30.5081 -2.75 13.1324
      vertex -30.5621 -6.75 12.7684
      vertex -30.5081 -6.75 13.1324
    endloop
  endfacet
  facet normal -0.941527 0 0.336939
    outer loop
      vertex -30.7755 -6.75 12.0649
      vertex -30.6515 -2.75 12.4114
      vertex -30.7755 -2.75 12.0649
    endloop
  endfacet
  facet normal -0.941527 0 0.336939
    outer loop
      vertex -30.6515 -2.75 12.4114
      vertex -30.7755 -6.75 12.0649
      vertex -30.6515 -6.75 12.4114
    endloop
  endfacet
  facet normal -0.803119 0 0.595819
    outer loop
      vertex -31.3413 -6.75 11.121
      vertex -31.122 -2.75 11.4166
      vertex -31.3413 -2.75 11.121
    endloop
  endfacet
  facet normal -0.803119 0 0.595819
    outer loop
      vertex -31.122 -2.75 11.4166
      vertex -31.3413 -6.75 11.121
      vertex -31.122 -6.75 11.4166
    endloop
  endfacet
  facet normal -0.741033 0 0.671468
    outer loop
      vertex -31.5884 -6.75 10.8483
      vertex -31.3413 -2.75 11.121
      vertex -31.5884 -2.75 10.8483
    endloop
  endfacet
  facet normal -0.741033 0 0.671468
    outer loop
      vertex -31.3413 -2.75 11.121
      vertex -31.5884 -6.75 10.8483
      vertex -31.3413 -6.75 11.121
    endloop
  endfacet
  facet normal -0.857757 0 0.514056
    outer loop
      vertex -31.122 -6.75 11.4166
      vertex -30.9328 -2.75 11.7323
      vertex -31.122 -2.75 11.4166
    endloop
  endfacet
  facet normal -0.857757 0 0.514056
    outer loop
      vertex -30.9328 -2.75 11.7323
      vertex -31.122 -6.75 11.4166
      vertex -30.9328 -6.75 11.7323
    endloop
  endfacet
  facet normal -0.146746 0 0.989174
    outer loop
      vertex -33.8725 -2.75 9.76806
      vertex -33.5085 -6.75 9.82206
      vertex -33.5085 -2.75 9.82206
    endloop
  endfacet
  facet normal -0.146746 0 0.989174
    outer loop
      vertex -33.5085 -6.75 9.82206
      vertex -33.8725 -2.75 9.76806
      vertex -33.8725 -6.75 9.76806
    endloop
  endfacet
  facet normal -0.0490836 0 0.998795
    outer loop
      vertex -34.24 -2.75 9.75
      vertex -33.8725 -6.75 9.76806
      vertex -33.8725 -2.75 9.76806
    endloop
  endfacet
  facet normal -0.0490836 0 0.998795
    outer loop
      vertex -33.8725 -6.75 9.76806
      vertex -34.24 -2.75 9.75
      vertex -34.24 -6.75 9.75
    endloop
  endfacet
  facet normal -0.514176 0 0.857685
    outer loop
      vertex -32.4723 -2.75 10.1928
      vertex -32.1567 -6.75 10.382
      vertex -32.1567 -2.75 10.382
    endloop
  endfacet
  facet normal -0.514176 0 0.857685
    outer loop
      vertex -32.1567 -6.75 10.382
      vertex -32.4723 -2.75 10.1928
      vertex -32.4723 -6.75 10.1928
    endloop
  endfacet
  facet normal -0.427432 0 0.904047
    outer loop
      vertex -32.805 -2.75 10.0355
      vertex -32.4723 -6.75 10.1928
      vertex -32.4723 -2.75 10.1928
    endloop
  endfacet
  facet normal -0.427432 0 0.904047
    outer loop
      vertex -32.4723 -6.75 10.1928
      vertex -32.805 -2.75 10.0355
      vertex -32.805 -6.75 10.0355
    endloop
  endfacet
  facet normal -0.595643 0 0.803249
    outer loop
      vertex -32.1567 -2.75 10.382
      vertex -31.8611 -6.75 10.6012
      vertex -31.8611 -2.75 10.6012
    endloop
  endfacet
  facet normal -0.595643 0 0.803249
    outer loop
      vertex -31.8611 -6.75 10.6012
      vertex -32.1567 -2.75 10.382
      vertex -32.1567 -6.75 10.382
    endloop
  endfacet
  facet normal 0.989174 -0 0.146746
    outer loop
      vertex -37.972 -6.75 13.1324
      vertex -37.918 -2.75 12.7684
      vertex -37.972 -2.75 13.1324
    endloop
  endfacet
  facet normal 0.989174 0 0.146746
    outer loop
      vertex -37.918 -2.75 12.7684
      vertex -37.972 -6.75 13.1324
      vertex -37.918 -6.75 12.7684
    endloop
  endfacet
  facet normal 0.941527 -0 0.336939
    outer loop
      vertex -37.8286 -6.75 12.4114
      vertex -37.7046 -2.75 12.0649
      vertex -37.8286 -2.75 12.4114
    endloop
  endfacet
  facet normal 0.941527 0 0.336939
    outer loop
      vertex -37.7046 -2.75 12.0649
      vertex -37.8286 -6.75 12.4114
      vertex -37.7046 -6.75 12.0649
    endloop
  endfacet
  facet normal 0.970047 -0 0.242919
    outer loop
      vertex -37.918 -6.75 12.7684
      vertex -37.8286 -2.75 12.4114
      vertex -37.918 -2.75 12.7684
    endloop
  endfacet
  facet normal 0.970047 0 0.242919
    outer loop
      vertex -37.8286 -2.75 12.4114
      vertex -37.918 -6.75 12.7684
      vertex -37.8286 -6.75 12.4114
    endloop
  endfacet
  facet normal 0.998803 -0 0.0489077
    outer loop
      vertex -37.99 -6.75 13.5
      vertex -37.972 -2.75 13.1324
      vertex -37.99 -2.75 13.5
    endloop
  endfacet
  facet normal 0.998803 0 0.0489077
    outer loop
      vertex -37.972 -2.75 13.1324
      vertex -37.99 -6.75 13.5
      vertex -37.972 -6.75 13.1324
    endloop
  endfacet
  facet normal 0 -1 0
    outer loop
      vertex -34.24 -2.75 15.7
      vertex -34.24 -2.75 17.25
      vertex -34.6076 -2.75 17.2319
    endloop
  endfacet
  facet normal 0 -1 0
    outer loop
      vertex -34.4557 -2.75 15.6894
      vertex -34.6076 -2.75 17.2319
      vertex -34.9716 -2.75 17.1779
    endloop
  endfacet
  facet normal 0 -1 0
    outer loop
      vertex -34.24 -2.75 17.25
      vertex -34.24 -2.75 15.7
      vertex -33.8725 -2.75 17.2319
    endloop
  endfacet
  facet normal 0 -1 0
    outer loop
      vertex -34.6692 -2.75 15.6577
      vertex -34.9716 -2.75 17.1779
      vertex -35.3286 -2.75 17.0885
    endloop
  endfacet
  facet normal 0 -1 0
    outer loop
      vertex -34.0244 -2.75 15.6894
      vertex -33.8725 -2.75 17.2319
      vertex -34.24 -2.75 15.7
    endloop
  endfacet
  facet normal 0 -1 0
    outer loop
      vertex -34.8787 -2.75 15.6053
      vertex -35.3286 -2.75 17.0885
      vertex -35.6751 -2.75 16.9646
    endloop
  endfacet
  facet normal 0 -1 -0
    outer loop
      vertex -33.8725 -2.75 17.2319
      vertex -34.0244 -2.75 15.6894
      vertex -33.5085 -2.75 17.1779
    endloop
  endfacet
  facet normal 0 -1 0
    outer loop
      vertex -35.0819 -2.75 15.5325
      vertex -35.6751 -2.75 16.9646
      vertex -36.0078 -2.75 16.8072
    endloop
  endfacet
  facet normal 0 -1 0
    outer loop
      vertex -33.8108 -2.75 15.6577
      vertex -33.5085 -2.75 17.1779
      vertex -34.0244 -2.75 15.6894
    endloop
  endfacet
  facet normal 0 -1 0
    outer loop
      vertex -35.2771 -2.75 15.4402
      vertex -36.0078 -2.75 16.8072
      vertex -36.3234 -2.75 16.618
    endloop
  endfacet
  facet normal 0 -1 -0
    outer loop
      vertex -33.5085 -2.75 17.1779
      vertex -33.8108 -2.75 15.6577
      vertex -33.1515 -2.75 17.0885
    endloop
  endfacet
  facet normal 0 -1 0
    outer loop
      vertex -35.4623 -2.75 15.3292
      vertex -36.3234 -2.75 16.618
      vertex -36.619 -2.75 16.3988
    endloop
  endfacet
  facet normal 0 -1 0
    outer loop
      vertex -33.6014 -2.75 15.6053
      vertex -33.1515 -2.75 17.0885
      vertex -33.8108 -2.75 15.6577
    endloop
  endfacet
  facet normal 0 -1 0
    outer loop
      vertex -35.6357 -2.75 15.2006
      vertex -36.619 -2.75 16.3988
      vertex -36.8917 -2.75 16.1517
    endloop
  endfacet
  facet normal 0 -1 -0
    outer loop
      vertex -33.1515 -2.75 17.0885
      vertex -33.6014 -2.75 15.6053
      vertex -32.805 -2.75 16.9646
    endloop
  endfacet
  facet normal 0 -1 0
    outer loop
      vertex -35.7957 -2.75 15.0556
      vertex -36.8917 -2.75 16.1517
      vertex -37.1388 -2.75 15.879
    endloop
  endfacet
  facet normal 0 -1 0
    outer loop
      vertex -33.3981 -2.75 15.5325
      vertex -32.805 -2.75 16.9646
      vertex -33.6014 -2.75 15.6053
    endloop
  endfacet
  facet normal 0 -1 -0
    outer loop
      vertex -32.805 -2.75 16.9646
      vertex -33.3981 -2.75 15.5325
      vertex -32.4723 -2.75 16.8072
    endloop
  endfacet
  facet normal 0 -1 0
    outer loop
      vertex -34.6076 -2.75 17.2319
      vertex -34.4557 -2.75 15.6894
      vertex -34.24 -2.75 15.7
    endloop
  endfacet
  facet normal 0 -1 0
    outer loop
      vertex -34.9716 -2.75 17.1779
      vertex -34.6692 -2.75 15.6577
      vertex -34.4557 -2.75 15.6894
    endloop
  endfacet
  facet normal 0 -1 0
    outer loop
      vertex -35.3286 -2.75 17.0885
      vertex -34.8787 -2.75 15.6053
      vertex -34.6692 -2.75 15.6577
    endloop
  endfacet
  facet normal 0 -1 0
    outer loop
      vertex -35.9407 -2.75 14.8957
      vertex -37.1388 -2.75 15.879
      vertex -37.3581 -2.75 15.5834
    endloop
  endfacet
  facet normal 0 -1 0
    outer loop
      vertex -35.6751 -2.75 16.9646
      vertex -35.0819 -2.75 15.5325
      vertex -34.8787 -2.75 15.6053
    endloop
  endfacet
  facet normal 0 -1 0
    outer loop
      vertex -36.0078 -2.75 16.8072
      vertex -35.2771 -2.75 15.4402
      vertex -35.0819 -2.75 15.5325
    endloop
  endfacet
  facet normal 0 -1 0
    outer loop
      vertex -36.3234 -2.75 16.618
      vertex -35.4623 -2.75 15.3292
      vertex -35.2771 -2.75 15.4402
    endloop
  endfacet
  facet normal 0 -1 0
    outer loop
      vertex -36.0693 -2.75 14.7223
      vertex -37.3581 -2.75 15.5834
      vertex -37.5472 -2.75 15.2677
    endloop
  endfacet
  facet normal 0 -1 0
    outer loop
      vertex -36.619 -2.75 16.3988
      vertex -35.6357 -2.75 15.2006
      vertex -35.4623 -2.75 15.3292
    endloop
  endfacet
  facet normal 0 -1 0
    outer loop
      vertex -36.8917 -2.75 16.1517
      vertex -35.7957 -2.75 15.0556
      vertex -35.6357 -2.75 15.2006
    endloop
  endfacet
  facet normal 0 -1 0
    outer loop
      vertex -36.1803 -2.75 14.5371
      vertex -37.5472 -2.75 15.2677
      vertex -37.7046 -2.75 14.9351
    endloop
  endfacet
  facet normal 0 -1 0
    outer loop
      vertex -37.1388 -2.75 15.879
      vertex -35.9407 -2.75 14.8957
      vertex -35.7957 -2.75 15.0556
    endloop
  endfacet
  facet normal 0 -1 0
    outer loop
      vertex -37.3581 -2.75 15.5834
      vertex -36.0693 -2.75 14.7223
      vertex -35.9407 -2.75 14.8957
    endloop
  endfacet
  facet normal 0 -1 0
    outer loop
      vertex -36.2726 -2.75 14.3419
      vertex -37.7046 -2.75 14.9351
      vertex -37.8286 -2.75 14.5886
    endloop
  endfacet
  facet normal 0 -1 0
    outer loop
      vertex -37.5472 -2.75 15.2677
      vertex -36.1803 -2.75 14.5371
      vertex -36.0693 -2.75 14.7223
    endloop
  endfacet
  facet normal 0 -1 0
    outer loop
      vertex -37.7046 -2.75 14.9351
      vertex -36.2726 -2.75 14.3419
      vertex -36.1803 -2.75 14.5371
    endloop
  endfacet
  facet normal 0 -1 0
    outer loop
      vertex -36.3453 -2.75 14.1386
      vertex -37.8286 -2.75 14.5886
      vertex -37.918 -2.75 14.2316
    endloop
  endfacet
  facet normal 0 -1 0
    outer loop
      vertex -37.8286 -2.75 14.5886
      vertex -36.3453 -2.75 14.1386
      vertex -36.2726 -2.75 14.3419
    endloop
  endfacet
  facet normal 0 -1 0
    outer loop
      vertex -37.918 -2.75 14.2316
      vertex -36.3978 -2.75 13.9292
      vertex -36.3453 -2.75 14.1386
    endloop
  endfacet
  facet normal 0 -1 0
    outer loop
      vertex -37.972 -2.75 13.8676
      vertex -36.3978 -2.75 13.9292
      vertex -37.918 -2.75 14.2316
    endloop
  endfacet
  facet normal 0 -1 0
    outer loop
      vertex -37.972 -2.75 13.8676
      vertex -36.4294 -2.75 13.7156
      vertex -36.3978 -2.75 13.9292
    endloop
  endfacet
  facet normal 0 -1 0
    outer loop
      vertex -37.99 -2.75 13.5
      vertex -36.4294 -2.75 13.7156
      vertex -37.972 -2.75 13.8676
    endloop
  endfacet
  facet normal 0 -1 0
    outer loop
      vertex -37.99 -2.75 13.5
      vertex -36.44 -2.75 13.5
      vertex -36.4294 -2.75 13.7156
    endloop
  endfacet
  facet normal 0 -1 0
    outer loop
      vertex -37.99 -2.75 13.5
      vertex -36.4294 -2.75 13.2844
      vertex -36.44 -2.75 13.5
    endloop
  endfacet
  facet normal 0 -1 0
    outer loop
      vertex -37.972 -2.75 13.1324
      vertex -36.4294 -2.75 13.2844
      vertex -37.99 -2.75 13.5
    endloop
  endfacet
  facet normal 0 -1 0
    outer loop
      vertex -37.972 -2.75 13.1324
      vertex -36.3978 -2.75 13.0708
      vertex -36.4294 -2.75 13.2844
    endloop
  endfacet
  facet normal 0 -1 0
    outer loop
      vertex -37.918 -2.75 12.7684
      vertex -36.3978 -2.75 13.0708
      vertex -37.972 -2.75 13.1324
    endloop
  endfacet
  facet normal 0 -1 -0
    outer loop
      vertex -36.3978 -2.75 13.0708
      vertex -37.918 -2.75 12.7684
      vertex -36.3453 -2.75 12.8614
    endloop
  endfacet
  facet normal 0 -1 0
    outer loop
      vertex -37.8286 -2.75 12.4114
      vertex -36.3453 -2.75 12.8614
      vertex -37.918 -2.75 12.7684
    endloop
  endfacet
  facet normal 0 -1 -0
    outer loop
      vertex -36.3453 -2.75 12.8614
      vertex -37.8286 -2.75 12.4114
      vertex -36.2726 -2.75 12.6581
    endloop
  endfacet
  facet normal 0 -1 0
    outer loop
      vertex -37.7046 -2.75 12.0649
      vertex -36.2726 -2.75 12.6581
      vertex -37.8286 -2.75 12.4114
    endloop
  endfacet
  facet normal 0 -1 -0
    outer loop
      vertex -36.2726 -2.75 12.6581
      vertex -37.7046 -2.75 12.0649
      vertex -36.1803 -2.75 12.4629
    endloop
  endfacet
  facet normal 0 -1 0
    outer loop
      vertex -37.5472 -2.75 11.7323
      vertex -36.1803 -2.75 12.4629
      vertex -37.7046 -2.75 12.0649
    endloop
  endfacet
  facet normal 0 -1 -0
    outer loop
      vertex -36.1803 -2.75 12.4629
      vertex -37.5472 -2.75 11.7323
      vertex -36.0693 -2.75 12.2777
    endloop
  endfacet
  facet normal 0 -1 0
    outer loop
      vertex -37.3581 -2.75 11.4166
      vertex -36.0693 -2.75 12.2777
      vertex -37.5472 -2.75 11.7323
    endloop
  endfacet
  facet normal 0 -1 -0
    outer loop
      vertex -36.0693 -2.75 12.2777
      vertex -37.3581 -2.75 11.4166
      vertex -35.9407 -2.75 12.1043
    endloop
  endfacet
  facet normal 0 -1 0
    outer loop
      vertex -37.1388 -2.75 11.121
      vertex -35.9407 -2.75 12.1043
      vertex -37.3581 -2.75 11.4166
    endloop
  endfacet
  facet normal 0 -1 -0
    outer loop
      vertex -35.9407 -2.75 12.1043
      vertex -37.1388 -2.75 11.121
      vertex -35.7957 -2.75 11.9444
    endloop
  endfacet
  facet normal 0 -1 0
    outer loop
      vertex -36.8917 -2.75 10.8483
      vertex -35.7957 -2.75 11.9444
      vertex -37.1388 -2.75 11.121
    endloop
  endfacet
  facet normal 0 -1 -0
    outer loop
      vertex -35.7957 -2.75 11.9444
      vertex -36.8917 -2.75 10.8483
      vertex -35.6357 -2.75 11.7994
    endloop
  endfacet
  facet normal 0 -1 0
    outer loop
      vertex -36.619 -2.75 10.6012
      vertex -35.6357 -2.75 11.7994
      vertex -36.8917 -2.75 10.8483
    endloop
  endfacet
  facet normal 0 -1 -0
    outer loop
      vertex -35.6357 -2.75 11.7994
      vertex -36.619 -2.75 10.6012
      vertex -35.4623 -2.75 11.6708
    endloop
  endfacet
  facet normal 0 -1 0
    outer loop
      vertex -36.3234 -2.75 10.382
      vertex -35.4623 -2.75 11.6708
      vertex -36.619 -2.75 10.6012
    endloop
  endfacet
  facet normal 0 -1 -0
    outer loop
      vertex -35.4623 -2.75 11.6708
      vertex -36.3234 -2.75 10.382
      vertex -35.2771 -2.75 11.5598
    endloop
  endfacet
  facet normal 0 -1 0
    outer loop
      vertex -36.0078 -2.75 10.1928
      vertex -35.2771 -2.75 11.5598
      vertex -36.3234 -2.75 10.382
    endloop
  endfacet
  facet normal 0 -1 -0
    outer loop
      vertex -35.2771 -2.75 11.5598
      vertex -36.0078 -2.75 10.1928
      vertex -35.0819 -2.75 11.4675
    endloop
  endfacet
  facet normal 0 -1 0
    outer loop
      vertex -33.203 -2.75 15.4402
      vertex -32.4723 -2.75 16.8072
      vertex -33.3981 -2.75 15.5325
    endloop
  endfacet
  facet normal 0 -1 -0
    outer loop
      vertex -32.4723 -2.75 16.8072
      vertex -33.203 -2.75 15.4402
      vertex -32.1567 -2.75 16.618
    endloop
  endfacet
  facet normal 0 -1 0
    outer loop
      vertex -33.0178 -2.75 15.3292
      vertex -32.1567 -2.75 16.618
      vertex -33.203 -2.75 15.4402
    endloop
  endfacet
  facet normal 0 -1 -0
    outer loop
      vertex -32.1567 -2.75 16.618
      vertex -33.0178 -2.75 15.3292
      vertex -31.8611 -2.75 16.3988
    endloop
  endfacet
  facet normal 0 -1 0
    outer loop
      vertex -32.8444 -2.75 15.2006
      vertex -31.8611 -2.75 16.3988
      vertex -33.0178 -2.75 15.3292
    endloop
  endfacet
  facet normal 0 -1 -0
    outer loop
      vertex -31.8611 -2.75 16.3988
      vertex -32.8444 -2.75 15.2006
      vertex -31.5884 -2.75 16.1517
    endloop
  endfacet
  facet normal 0 -1 0
    outer loop
      vertex -32.6844 -2.75 15.0556
      vertex -31.5884 -2.75 16.1517
      vertex -32.8444 -2.75 15.2006
    endloop
  endfacet
  facet normal 0 -1 -0
    outer loop
      vertex -31.5884 -2.75 16.1517
      vertex -32.6844 -2.75 15.0556
      vertex -31.3413 -2.75 15.879
    endloop
  endfacet
  facet normal 0 -1 0
    outer loop
      vertex -32.5394 -2.75 14.8957
      vertex -31.3413 -2.75 15.879
      vertex -32.6844 -2.75 15.0556
    endloop
  endfacet
  facet normal 0 -1 -0
    outer loop
      vertex -31.3413 -2.75 15.879
      vertex -32.5394 -2.75 14.8957
      vertex -31.122 -2.75 15.5834
    endloop
  endfacet
  facet normal 0 -1 0
    outer loop
      vertex -32.4108 -2.75 14.7223
      vertex -31.122 -2.75 15.5834
      vertex -32.5394 -2.75 14.8957
    endloop
  endfacet
  facet normal 0 -1 -0
    outer loop
      vertex -31.122 -2.75 15.5834
      vertex -32.4108 -2.75 14.7223
      vertex -30.9328 -2.75 15.2677
    endloop
  endfacet
  facet normal 0 -1 0
    outer loop
      vertex -32.2998 -2.75 14.5371
      vertex -30.9328 -2.75 15.2677
      vertex -32.4108 -2.75 14.7223
    endloop
  endfacet
  facet normal 0 -1 -0
    outer loop
      vertex -30.9328 -2.75 15.2677
      vertex -32.2998 -2.75 14.5371
      vertex -30.7755 -2.75 14.9351
    endloop
  endfacet
  facet normal 0 -1 0
    outer loop
      vertex -32.2075 -2.75 14.3419
      vertex -30.7755 -2.75 14.9351
      vertex -32.2998 -2.75 14.5371
    endloop
  endfacet
  facet normal 0 -1 -0
    outer loop
      vertex -30.7755 -2.75 14.9351
      vertex -32.2075 -2.75 14.3419
      vertex -30.6515 -2.75 14.5886
    endloop
  endfacet
  facet normal 0 -1 0
    outer loop
      vertex -32.1348 -2.75 14.1386
      vertex -30.6515 -2.75 14.5886
      vertex -32.2075 -2.75 14.3419
    endloop
  endfacet
  facet normal 0 -1 -0
    outer loop
      vertex -30.6515 -2.75 14.5886
      vertex -32.1348 -2.75 14.1386
      vertex -30.5621 -2.75 14.2316
    endloop
  endfacet
  facet normal 0 -1 0
    outer loop
      vertex -32.0823 -2.75 13.9292
      vertex -30.5621 -2.75 14.2316
      vertex -32.1348 -2.75 14.1386
    endloop
  endfacet
  facet normal 0 -1 0
    outer loop
      vertex -32.0823 -2.75 13.9292
      vertex -30.5081 -2.75 13.8676
      vertex -30.5621 -2.75 14.2316
    endloop
  endfacet
  facet normal 0 -1 0
    outer loop
      vertex -32.0506 -2.75 13.7156
      vertex -30.5081 -2.75 13.8676
      vertex -32.0823 -2.75 13.9292
    endloop
  endfacet
  facet normal 0 -1 0
    outer loop
      vertex -32.04 -2.75 13.5
      vertex -30.5081 -2.75 13.8676
      vertex -32.0506 -2.75 13.7156
    endloop
  endfacet
  facet normal 0 -1 0
    outer loop
      vertex -32.04 -2.75 13.5
      vertex -30.49 -2.75 13.5
      vertex -30.5081 -2.75 13.8676
    endloop
  endfacet
  facet normal 0 -1 0
    outer loop
      vertex -32.0506 -2.75 13.2844
      vertex -30.49 -2.75 13.5
      vertex -32.04 -2.75 13.5
    endloop
  endfacet
  facet normal 0 -1 0
    outer loop
      vertex -32.0506 -2.75 13.2844
      vertex -30.5081 -2.75 13.1324
      vertex -30.49 -2.75 13.5
    endloop
  endfacet
  facet normal 0 -1 0
    outer loop
      vertex -32.0823 -2.75 13.0708
      vertex -30.5081 -2.75 13.1324
      vertex -32.0506 -2.75 13.2844
    endloop
  endfacet
  facet normal 0 -1 0
    outer loop
      vertex -30.5621 -2.75 12.7684
      vertex -32.0823 -2.75 13.0708
      vertex -32.1348 -2.75 12.8614
    endloop
  endfacet
  facet normal 0 -1 0
    outer loop
      vertex -32.0823 -2.75 13.0708
      vertex -30.5621 -2.75 12.7684
      vertex -30.5081 -2.75 13.1324
    endloop
  endfacet
  facet normal 0 -1 0
    outer loop
      vertex -30.6515 -2.75 12.4114
      vertex -32.1348 -2.75 12.8614
      vertex -32.2075 -2.75 12.6581
    endloop
  endfacet
  facet normal 0 -1 0
    outer loop
      vertex -30.7755 -2.75 12.0649
      vertex -32.2075 -2.75 12.6581
      vertex -32.2998 -2.75 12.4629
    endloop
  endfacet
  facet normal 0 -1 0
    outer loop
      vertex -32.1348 -2.75 12.8614
      vertex -30.6515 -2.75 12.4114
      vertex -30.5621 -2.75 12.7684
    endloop
  endfacet
  facet normal 0 -1 0
    outer loop
      vertex -30.9328 -2.75 11.7323
      vertex -32.2998 -2.75 12.4629
      vertex -32.4108 -2.75 12.2777
    endloop
  endfacet
  facet normal 0 -1 0
    outer loop
      vertex -31.122 -2.75 11.4166
      vertex -32.4108 -2.75 12.2777
      vertex -32.5394 -2.75 12.1043
    endloop
  endfacet
  facet normal 0 -1 0
    outer loop
      vertex -32.2075 -2.75 12.6581
      vertex -30.7755 -2.75 12.0649
      vertex -30.6515 -2.75 12.4114
    endloop
  endfacet
  facet normal 0 -1 0
    outer loop
      vertex -31.3413 -2.75 11.121
      vertex -32.5394 -2.75 12.1043
      vertex -32.6844 -2.75 11.9444
    endloop
  endfacet
  facet normal 0 -1 0
    outer loop
      vertex -31.5884 -2.75 10.8483
      vertex -32.6844 -2.75 11.9444
      vertex -32.8444 -2.75 11.7994
    endloop
  endfacet
  facet normal 0 -1 0
    outer loop
      vertex -32.2998 -2.75 12.4629
      vertex -30.9328 -2.75 11.7323
      vertex -30.7755 -2.75 12.0649
    endloop
  endfacet
  facet normal 0 -1 0
    outer loop
      vertex -31.8611 -2.75 10.6012
      vertex -32.8444 -2.75 11.7994
      vertex -33.0178 -2.75 11.6708
    endloop
  endfacet
  facet normal 0 -1 0
    outer loop
      vertex -32.1567 -2.75 10.382
      vertex -33.0178 -2.75 11.6708
      vertex -33.203 -2.75 11.5598
    endloop
  endfacet
  facet normal 0 -1 0
    outer loop
      vertex -32.4723 -2.75 10.1928
      vertex -33.203 -2.75 11.5598
      vertex -33.3981 -2.75 11.4675
    endloop
  endfacet
  facet normal 0 -1 0
    outer loop
      vertex -32.4108 -2.75 12.2777
      vertex -31.122 -2.75 11.4166
      vertex -30.9328 -2.75 11.7323
    endloop
  endfacet
  facet normal 0 -1 0
    outer loop
      vertex -32.805 -2.75 10.0355
      vertex -33.3981 -2.75 11.4675
      vertex -33.6014 -2.75 11.3947
    endloop
  endfacet
  facet normal 0 -1 0
    outer loop
      vertex -33.1515 -2.75 9.91147
      vertex -33.6014 -2.75 11.3947
      vertex -33.8108 -2.75 11.3423
    endloop
  endfacet
  facet normal 0 -1 0
    outer loop
      vertex -33.5085 -2.75 9.82206
      vertex -33.8108 -2.75 11.3423
      vertex -34.0244 -2.75 11.3106
    endloop
  endfacet
  facet normal 0 -1 0
    outer loop
      vertex -33.8725 -2.75 9.76806
      vertex -34.0244 -2.75 11.3106
      vertex -34.24 -2.75 11.3
    endloop
  endfacet
  facet normal 0 -1 0
    outer loop
      vertex -35.6751 -2.75 10.0355
      vertex -35.0819 -2.75 11.4675
      vertex -36.0078 -2.75 10.1928
    endloop
  endfacet
  facet normal 0 -1 0
    outer loop
      vertex -32.5394 -2.75 12.1043
      vertex -31.3413 -2.75 11.121
      vertex -31.122 -2.75 11.4166
    endloop
  endfacet
  facet normal 0 -1 -0
    outer loop
      vertex -35.0819 -2.75 11.4675
      vertex -35.6751 -2.75 10.0355
      vertex -34.8787 -2.75 11.3947
    endloop
  endfacet
  facet normal 0 -1 0
    outer loop
      vertex -32.6844 -2.75 11.9444
      vertex -31.5884 -2.75 10.8483
      vertex -31.3413 -2.75 11.121
    endloop
  endfacet
  facet normal 0 -1 0
    outer loop
      vertex -35.3286 -2.75 9.91147
      vertex -34.8787 -2.75 11.3947
      vertex -35.6751 -2.75 10.0355
    endloop
  endfacet
  facet normal 0 -1 0
    outer loop
      vertex -32.8444 -2.75 11.7994
      vertex -31.8611 -2.75 10.6012
      vertex -31.5884 -2.75 10.8483
    endloop
  endfacet
  facet normal 0 -1 -0
    outer loop
      vertex -34.8787 -2.75 11.3947
      vertex -35.3286 -2.75 9.91147
      vertex -34.6692 -2.75 11.3423
    endloop
  endfacet
  facet normal 0 -1 0
    outer loop
      vertex -33.0178 -2.75 11.6708
      vertex -32.1567 -2.75 10.382
      vertex -31.8611 -2.75 10.6012
    endloop
  endfacet
  facet normal 0 -1 0
    outer loop
      vertex -34.9716 -2.75 9.82206
      vertex -34.6692 -2.75 11.3423
      vertex -35.3286 -2.75 9.91147
    endloop
  endfacet
  facet normal 0 -1 0
    outer loop
      vertex -33.203 -2.75 11.5598
      vertex -32.4723 -2.75 10.1928
      vertex -32.1567 -2.75 10.382
    endloop
  endfacet
  facet normal 0 -1 -0
    outer loop
      vertex -34.6692 -2.75 11.3423
      vertex -34.9716 -2.75 9.82206
      vertex -34.4557 -2.75 11.3106
    endloop
  endfacet
  facet normal 0 -1 0
    outer loop
      vertex -33.3981 -2.75 11.4675
      vertex -32.805 -2.75 10.0355
      vertex -32.4723 -2.75 10.1928
    endloop
  endfacet
  facet normal 0 -1 0
    outer loop
      vertex -34.6076 -2.75 9.76806
      vertex -34.4557 -2.75 11.3106
      vertex -34.9716 -2.75 9.82206
    endloop
  endfacet
  facet normal 0 -1 0
    outer loop
      vertex -33.6014 -2.75 11.3947
      vertex -33.1515 -2.75 9.91147
      vertex -32.805 -2.75 10.0355
    endloop
  endfacet
  facet normal 0 -1 -0
    outer loop
      vertex -34.4557 -2.75 11.3106
      vertex -34.6076 -2.75 9.76806
      vertex -34.24 -2.75 11.3
    endloop
  endfacet
  facet normal 0 -1 0
    outer loop
      vertex -33.8108 -2.75 11.3423
      vertex -33.5085 -2.75 9.82206
      vertex -33.1515 -2.75 9.91147
    endloop
  endfacet
  facet normal 0 -1 0
    outer loop
      vertex -34.24 -2.75 9.75
      vertex -34.24 -2.75 11.3
      vertex -34.6076 -2.75 9.76806
    endloop
  endfacet
  facet normal 0 -1 0
    outer loop
      vertex -34.0244 -2.75 11.3106
      vertex -33.8725 -2.75 9.76806
      vertex -33.5085 -2.75 9.82206
    endloop
  endfacet
  facet normal 0 -1 0
    outer loop
      vertex -34.24 -2.75 11.3
      vertex -34.24 -2.75 9.75
      vertex -33.8725 -2.75 9.76806
    endloop
  endfacet
  facet normal 0.595643 0 0.803249
    outer loop
      vertex -36.619 -2.75 10.6012
      vertex -36.3234 -6.75 10.382
      vertex -36.3234 -2.75 10.382
    endloop
  endfacet
  facet normal 0.595643 0 0.803249
    outer loop
      vertex -36.3234 -6.75 10.382
      vertex -36.619 -2.75 10.6012
      vertex -36.619 -6.75 10.6012
    endloop
  endfacet
  facet normal 0.146746 0 0.989174
    outer loop
      vertex -34.9716 -2.75 9.82206
      vertex -34.6076 -6.75 9.76806
      vertex -34.6076 -2.75 9.76806
    endloop
  endfacet
  facet normal 0.146746 0 0.989174
    outer loop
      vertex -34.6076 -6.75 9.76806
      vertex -34.9716 -2.75 9.82206
      vertex -34.9716 -6.75 9.82206
    endloop
  endfacet
  facet normal -0.99879 0 -0.0491787
    outer loop
      vertex -30.49 -6.75 13.5
      vertex -30.5081 -2.75 13.8676
      vertex -30.49 -2.75 13.5
    endloop
  endfacet
  facet normal -0.99879 -0 -0.0491787
    outer loop
      vertex -30.5081 -2.75 13.8676
      vertex -30.49 -6.75 13.5
      vertex -30.5081 -6.75 13.8676
    endloop
  endfacet
  facet normal -0.146746 0 -0.989174
    outer loop
      vertex -33.8725 -6.75 17.2319
      vertex -33.5085 -2.75 17.1779
      vertex -33.5085 -6.75 17.1779
    endloop
  endfacet
  facet normal -0.146746 0 -0.989174
    outer loop
      vertex -33.5085 -2.75 17.1779
      vertex -33.8725 -6.75 17.2319
      vertex -33.8725 -2.75 17.2319
    endloop
  endfacet
  facet normal -0.514176 0 -0.857685
    outer loop
      vertex -32.4723 -6.75 16.8072
      vertex -32.1567 -2.75 16.618
      vertex -32.1567 -6.75 16.618
    endloop
  endfacet
  facet normal -0.514176 0 -0.857685
    outer loop
      vertex -32.1567 -2.75 16.618
      vertex -32.4723 -6.75 16.8072
      vertex -32.4723 -2.75 16.8072
    endloop
  endfacet
  facet normal -0.671468 0 -0.741033
    outer loop
      vertex -31.8611 -6.75 16.3988
      vertex -31.5884 -2.75 16.1517
      vertex -31.5884 -6.75 16.1517
    endloop
  endfacet
  facet normal -0.671468 0 -0.741033
    outer loop
      vertex -31.5884 -2.75 16.1517
      vertex -31.8611 -6.75 16.3988
      vertex -31.8611 -2.75 16.3988
    endloop
  endfacet
  facet normal -0.803119 0 -0.595819
    outer loop
      vertex -31.122 -6.75 15.5834
      vertex -31.3413 -2.75 15.879
      vertex -31.122 -2.75 15.5834
    endloop
  endfacet
  facet normal -0.803119 -0 -0.595819
    outer loop
      vertex -31.3413 -2.75 15.879
      vertex -31.122 -6.75 15.5834
      vertex -31.3413 -6.75 15.879
    endloop
  endfacet
  facet normal -0.857757 0 -0.514056
    outer loop
      vertex -30.9328 -6.75 15.2677
      vertex -31.122 -2.75 15.5834
      vertex -30.9328 -2.75 15.2677
    endloop
  endfacet
  facet normal -0.857757 -0 -0.514056
    outer loop
      vertex -31.122 -2.75 15.5834
      vertex -30.9328 -6.75 15.2677
      vertex -31.122 -6.75 15.5834
    endloop
  endfacet
  facet normal 0.595643 0 -0.803249
    outer loop
      vertex -36.619 -6.75 16.3988
      vertex -36.3234 -2.75 16.618
      vertex -36.3234 -6.75 16.618
    endloop
  endfacet
  facet normal 0.595643 0 -0.803249
    outer loop
      vertex -36.3234 -2.75 16.618
      vertex -36.619 -6.75 16.3988
      vertex -36.619 -2.75 16.3988
    endloop
  endfacet
  facet normal 0.514176 0 -0.857685
    outer loop
      vertex -36.3234 -6.75 16.618
      vertex -36.0078 -2.75 16.8072
      vertex -36.0078 -6.75 16.8072
    endloop
  endfacet
  facet normal 0.514176 0 -0.857685
    outer loop
      vertex -36.0078 -2.75 16.8072
      vertex -36.3234 -6.75 16.618
      vertex -36.3234 -2.75 16.618
    endloop
  endfacet
  facet normal 0.427654 0 -0.903942
    outer loop
      vertex -36.0078 -6.75 16.8072
      vertex -35.6751 -2.75 16.9646
      vertex -35.6751 -6.75 16.9646
    endloop
  endfacet
  facet normal 0.427654 0 -0.903942
    outer loop
      vertex -35.6751 -2.75 16.9646
      vertex -36.0078 -6.75 16.8072
      vertex -36.0078 -2.75 16.8072
    endloop
  endfacet
  facet normal 0.0491787 0 -0.99879
    outer loop
      vertex -34.6076 -6.75 17.2319
      vertex -34.24 -2.75 17.25
      vertex -34.24 -6.75 17.25
    endloop
  endfacet
  facet normal 0.0491787 0 -0.99879
    outer loop
      vertex -34.24 -2.75 17.25
      vertex -34.6076 -6.75 17.2319
      vertex -34.6076 -2.75 17.2319
    endloop
  endfacet
  facet normal 0.857876 0 -0.513856
    outer loop
      vertex -37.3581 -6.75 15.5834
      vertex -37.5472 -2.75 15.2677
      vertex -37.3581 -2.75 15.5834
    endloop
  endfacet
  facet normal 0.857876 0 -0.513856
    outer loop
      vertex -37.5472 -2.75 15.2677
      vertex -37.3581 -6.75 15.5834
      vertex -37.5472 -6.75 15.2677
    endloop
  endfacet
  facet normal 0.989174 0 -0.146746
    outer loop
      vertex -37.918 -6.75 14.2316
      vertex -37.972 -2.75 13.8676
      vertex -37.918 -2.75 14.2316
    endloop
  endfacet
  facet normal 0.989174 0 -0.146746
    outer loop
      vertex -37.972 -2.75 13.8676
      vertex -37.918 -6.75 14.2316
      vertex -37.972 -6.75 13.8676
    endloop
  endfacet
  facet normal -0.242945 0 0.97004
    outer loop
      vertex -33.5085 -2.75 9.82206
      vertex -33.1515 -6.75 9.91147
      vertex -33.1515 -2.75 9.91147
    endloop
  endfacet
  facet normal -0.242945 0 0.97004
    outer loop
      vertex -33.1515 -6.75 9.91147
      vertex -33.5085 -2.75 9.82206
      vertex -33.5085 -6.75 9.82206
    endloop
  endfacet
  facet normal 0.803119 -0 0.595819
    outer loop
      vertex -37.3581 -6.75 11.4166
      vertex -37.1388 -2.75 11.121
      vertex -37.3581 -2.75 11.4166
    endloop
  endfacet
  facet normal 0.803119 0 0.595819
    outer loop
      vertex -37.1388 -2.75 11.121
      vertex -37.3581 -6.75 11.4166
      vertex -37.1388 -6.75 11.121
    endloop
  endfacet
  facet normal 0.998803 0 -0.0489077
    outer loop
      vertex -37.972 -6.75 13.8676
      vertex -37.99 -2.75 13.5
      vertex -37.972 -2.75 13.8676
    endloop
  endfacet
  facet normal 0.998803 0 -0.0489077
    outer loop
      vertex -37.99 -2.75 13.5
      vertex -37.972 -6.75 13.8676
      vertex -37.99 -6.75 13.5
    endloop
  endfacet
  facet normal 0.671468 0 0.741033
    outer loop
      vertex -36.8917 -2.75 10.8483
      vertex -36.619 -6.75 10.6012
      vertex -36.619 -2.75 10.6012
    endloop
  endfacet
  facet normal 0.671468 0 0.741033
    outer loop
      vertex -36.619 -6.75 10.6012
      vertex -36.8917 -2.75 10.8483
      vertex -36.8917 -6.75 10.8483
    endloop
  endfacet
  facet normal 0.514176 0 0.857685
    outer loop
      vertex -36.3234 -2.75 10.382
      vertex -36.0078 -6.75 10.1928
      vertex -36.0078 -2.75 10.1928
    endloop
  endfacet
  facet normal 0.514176 0 0.857685
    outer loop
      vertex -36.0078 -6.75 10.1928
      vertex -36.3234 -2.75 10.382
      vertex -36.3234 -6.75 10.382
    endloop
  endfacet
  facet normal 0.337011 0 0.941501
    outer loop
      vertex -35.6751 -2.75 10.0355
      vertex -35.3286 -6.75 9.91147
      vertex -35.3286 -2.75 9.91147
    endloop
  endfacet
  facet normal 0.337011 0 0.941501
    outer loop
      vertex -35.3286 -6.75 9.91147
      vertex -35.6751 -2.75 10.0355
      vertex -35.6751 -6.75 10.0355
    endloop
  endfacet
  facet normal -0.242919 0 -0.970047
    outer loop
      vertex -33.5085 -6.75 17.1779
      vertex -33.1515 -2.75 17.0885
      vertex -33.1515 -6.75 17.0885
    endloop
  endfacet
  facet normal -0.242919 0 -0.970047
    outer loop
      vertex -33.1515 -2.75 17.0885
      vertex -33.5085 -6.75 17.1779
      vertex -33.5085 -2.75 17.1779
    endloop
  endfacet
  facet normal -0.427654 0 -0.903942
    outer loop
      vertex -32.805 -6.75 16.9646
      vertex -32.4723 -2.75 16.8072
      vertex -32.4723 -6.75 16.8072
    endloop
  endfacet
  facet normal -0.427654 0 -0.903942
    outer loop
      vertex -32.4723 -2.75 16.8072
      vertex -32.805 -6.75 16.9646
      vertex -32.805 -2.75 16.9646
    endloop
  endfacet
  facet normal -0.595643 0 -0.803249
    outer loop
      vertex -32.1567 -6.75 16.618
      vertex -31.8611 -2.75 16.3988
      vertex -31.8611 -6.75 16.3988
    endloop
  endfacet
  facet normal -0.595643 0 -0.803249
    outer loop
      vertex -31.8611 -2.75 16.3988
      vertex -32.1567 -6.75 16.618
      vertex -32.1567 -2.75 16.618
    endloop
  endfacet
  facet normal -0.941527 0 -0.336939
    outer loop
      vertex -30.6515 -6.75 14.5886
      vertex -30.7755 -2.75 14.9351
      vertex -30.6515 -2.75 14.5886
    endloop
  endfacet
  facet normal -0.941527 -0 -0.336939
    outer loop
      vertex -30.7755 -2.75 14.9351
      vertex -30.6515 -6.75 14.5886
      vertex -30.7755 -6.75 14.9351
    endloop
  endfacet
  facet normal -0.989174 0 -0.146746
    outer loop
      vertex -30.5081 -6.75 13.8676
      vertex -30.5621 -2.75 14.2316
      vertex -30.5081 -2.75 13.8676
    endloop
  endfacet
  facet normal -0.989174 -0 -0.146746
    outer loop
      vertex -30.5621 -2.75 14.2316
      vertex -30.5081 -6.75 13.8676
      vertex -30.5621 -6.75 14.2316
    endloop
  endfacet
  facet normal 0.336698 0 -0.941613
    outer loop
      vertex -35.6751 -6.75 16.9646
      vertex -35.3286 -2.75 17.0885
      vertex -35.3286 -6.75 17.0885
    endloop
  endfacet
  facet normal 0.336698 0 -0.941613
    outer loop
      vertex -35.3286 -2.75 17.0885
      vertex -35.6751 -6.75 16.9646
      vertex -35.6751 -2.75 16.9646
    endloop
  endfacet
  facet normal 0.146746 0 -0.989174
    outer loop
      vertex -34.9716 -6.75 17.1779
      vertex -34.6076 -2.75 17.2319
      vertex -34.6076 -6.75 17.2319
    endloop
  endfacet
  facet normal 0.146746 0 -0.989174
    outer loop
      vertex -34.6076 -2.75 17.2319
      vertex -34.9716 -6.75 17.1779
      vertex -34.9716 -2.75 17.1779
    endloop
  endfacet
  facet normal -0.0491921 0 -0.998789
    outer loop
      vertex -34.24 -6.75 17.25
      vertex -33.8725 -2.75 17.2319
      vertex -33.8725 -6.75 17.2319
    endloop
  endfacet
  facet normal -0.0491921 0 -0.998789
    outer loop
      vertex -33.8725 -2.75 17.2319
      vertex -34.24 -6.75 17.25
      vertex -34.24 -2.75 17.25
    endloop
  endfacet
  facet normal 0.803119 0 -0.595819
    outer loop
      vertex -37.1388 -6.75 15.879
      vertex -37.3581 -2.75 15.5834
      vertex -37.1388 -2.75 15.879
    endloop
  endfacet
  facet normal 0.803119 0 -0.595819
    outer loop
      vertex -37.3581 -2.75 15.5834
      vertex -37.1388 -6.75 15.879
      vertex -37.3581 -6.75 15.5834
    endloop
  endfacet
  facet normal 0.903893 0 -0.427759
    outer loop
      vertex -37.5472 -6.75 15.2677
      vertex -37.7046 -2.75 14.9351
      vertex -37.5472 -2.75 15.2677
    endloop
  endfacet
  facet normal 0.903893 0 -0.427759
    outer loop
      vertex -37.7046 -2.75 14.9351
      vertex -37.5472 -6.75 15.2677
      vertex -37.7046 -6.75 14.9351
    endloop
  endfacet
  facet normal 0.970047 0 -0.242919
    outer loop
      vertex -37.8286 -6.75 14.5886
      vertex -37.918 -2.75 14.2316
      vertex -37.8286 -2.75 14.5886
    endloop
  endfacet
  facet normal 0.970047 0 -0.242919
    outer loop
      vertex -37.918 -2.75 14.2316
      vertex -37.8286 -6.75 14.5886
      vertex -37.918 -6.75 14.2316
    endloop
  endfacet
  facet normal 0 0 -1
    outer loop
      vertex 27.3969 -6.75 0
      vertex 40.24 -0.75 0
      vertex 40.24 -6.75 0
    endloop
  endfacet
  facet normal 0 0 -1
    outer loop
      vertex 23.2058 -7.0394 0
      vertex 27.0336 -8.20053 0
      vertex 26.0996 -10.8108 0
    endloop
  endfacet
  facet normal 0 0 -1
    outer loop
      vertex 22.4041 -9.28006 0
      vertex 26.0996 -10.8108 0
      vertex 24.9143 -13.317 0
    endloop
  endfacet
  facet normal 0 0 -1
    outer loop
      vertex 27.3969 -6.75 0
      vertex 24.2132 -0.75 0
      vertex 40.24 -0.75 0
    endloop
  endfacet
  facet normal 0 -0 -1
    outer loop
      vertex 23.2058 -7.0394 0
      vertex 26.0996 -10.8108 0
      vertex 22.4041 -9.28006 0
    endloop
  endfacet
  facet normal 0 0 -1
    outer loop
      vertex 27.3969 -6.75 0
      vertex 24.1332 -2.37691 0
      vertex 24.2132 -0.75 0
    endloop
  endfacet
  facet normal 0 0 -1
    outer loop
      vertex 27.3969 -6.75 0
      vertex 23.784 -4.73093 0
      vertex 24.1332 -2.37691 0
    endloop
  endfacet
  facet normal 0 0 -1
    outer loop
      vertex 21.3866 -11.4314 0
      vertex 24.9143 -13.317 0
      vertex 23.489 -15.6949 0
    endloop
  endfacet
  facet normal -0 0 -1
    outer loop
      vertex 27.3969 -6.75 0
      vertex 23.2058 -7.0394 0
      vertex 23.784 -4.73093 0
    endloop
  endfacet
  facet normal 0 0 -1
    outer loop
      vertex 27.0336 -8.20053 0
      vertex 23.2058 -7.0394 0
      vertex 27.3969 -6.75 0
    endloop
  endfacet
  facet normal 0 0 -1
    outer loop
      vertex 20.1631 -13.4726 0
      vertex 23.489 -15.6949 0
      vertex 21.8375 -17.9216 0
    endloop
  endfacet
  facet normal 0 0 -1
    outer loop
      vertex 24.9143 -13.317 0
      vertex 21.3866 -11.4314 0
      vertex 22.4041 -9.28006 0
    endloop
  endfacet
  facet normal 0 0 -1
    outer loop
      vertex 23.489 -15.6949 0
      vertex 20.1631 -13.4726 0
      vertex 21.3866 -11.4314 0
    endloop
  endfacet
  facet normal 0 0 -1
    outer loop
      vertex 18.7455 -15.384 0
      vertex 21.8375 -17.9216 0
      vertex 19.9758 -19.9758 0
    endloop
  endfacet
  facet normal 0 0 -1
    outer loop
      vertex 21.8375 -17.9216 0
      vertex 18.7455 -15.384 0
      vertex 20.1631 -13.4726 0
    endloop
  endfacet
  facet normal 0 0 -1
    outer loop
      vertex 17.1473 -17.1473 0
      vertex 19.9758 -19.9758 0
      vertex 17.9216 -21.8375 0
    endloop
  endfacet
  facet normal 0 0 -1
    outer loop
      vertex 19.9758 -19.9758 0
      vertex 17.1473 -17.1473 0
      vertex 18.7455 -15.384 0
    endloop
  endfacet
  facet normal 0 0 -1
    outer loop
      vertex 15.384 -18.7455 0
      vertex 17.9216 -21.8375 0
      vertex 15.6949 -23.489 0
    endloop
  endfacet
  facet normal 0 0 -1
    outer loop
      vertex 17.9216 -21.8375 0
      vertex 15.384 -18.7455 0
      vertex 17.1473 -17.1473 0
    endloop
  endfacet
  facet normal 0 0 -1
    outer loop
      vertex 15.6949 -23.489 0
      vertex 13.4726 -20.1631 0
      vertex 15.384 -18.7455 0
    endloop
  endfacet
  facet normal 0 0 -1
    outer loop
      vertex 13.317 -24.9143 0
      vertex 13.4726 -20.1631 0
      vertex 15.6949 -23.489 0
    endloop
  endfacet
  facet normal 0 0 -1
    outer loop
      vertex 13.317 -24.9143 0
      vertex 11.4314 -21.3866 0
      vertex 13.4726 -20.1631 0
    endloop
  endfacet
  facet normal 0 0 -1
    outer loop
      vertex 10.8108 -26.0996 0
      vertex 11.4314 -21.3866 0
      vertex 13.317 -24.9143 0
    endloop
  endfacet
  facet normal 0 0 -1
    outer loop
      vertex 10.8108 -26.0996 0
      vertex 9.28006 -22.4041 0
      vertex 11.4314 -21.3866 0
    endloop
  endfacet
  facet normal 0 0 -1
    outer loop
      vertex 8.20053 -27.0336 0
      vertex 9.28006 -22.4041 0
      vertex 10.8108 -26.0996 0
    endloop
  endfacet
  facet normal 0 0 -1
    outer loop
      vertex 8.20053 -27.0336 0
      vertex 7.0394 -23.2058 0
      vertex 9.28006 -22.4041 0
    endloop
  endfacet
  facet normal 0 0 -1
    outer loop
      vertex 5.51129 -27.7072 0
      vertex 7.0394 -23.2058 0
      vertex 8.20053 -27.0336 0
    endloop
  endfacet
  facet normal 0 0 -1
    outer loop
      vertex 5.51129 -27.7072 0
      vertex 4.73093 -23.784 0
      vertex 7.0394 -23.2058 0
    endloop
  endfacet
  facet normal 0 0 -1
    outer loop
      vertex 2.76898 -28.114 0
      vertex 4.73093 -23.784 0
      vertex 5.51129 -27.7072 0
    endloop
  endfacet
  facet normal 0 0 -1
    outer loop
      vertex 2.76898 -28.114 0
      vertex 2.37691 -24.1332 0
      vertex 4.73093 -23.784 0
    endloop
  endfacet
  facet normal 0 0 -1
    outer loop
      vertex 0 -28.25 0
      vertex 2.37691 -24.1332 0
      vertex 2.76898 -28.114 0
    endloop
  endfacet
  facet normal 0 0 -1
    outer loop
      vertex 0 -28.25 0
      vertex 0 -24.25 0
      vertex 2.37691 -24.1332 0
    endloop
  endfacet
  facet normal 0 0 -1
    outer loop
      vertex 0 -28.25 0
      vertex -2.37691 -24.1332 0
      vertex 0 -24.25 0
    endloop
  endfacet
  facet normal 0 0 -1
    outer loop
      vertex -2.76898 -28.114 0
      vertex -2.37691 -24.1332 0
      vertex 0 -28.25 0
    endloop
  endfacet
  facet normal 0 0 -1
    outer loop
      vertex -2.76898 -28.114 0
      vertex -4.73093 -23.784 0
      vertex -2.37691 -24.1332 0
    endloop
  endfacet
  facet normal 0 0 -1
    outer loop
      vertex -5.51129 -27.7072 0
      vertex -4.73093 -23.784 0
      vertex -2.76898 -28.114 0
    endloop
  endfacet
  facet normal 0 0 -1
    outer loop
      vertex -5.51129 -27.7072 0
      vertex -7.0394 -23.2058 0
      vertex -4.73093 -23.784 0
    endloop
  endfacet
  facet normal 0 0 -1
    outer loop
      vertex -8.20053 -27.0336 0
      vertex -7.0394 -23.2058 0
      vertex -5.51129 -27.7072 0
    endloop
  endfacet
  facet normal 0 0 -1
    outer loop
      vertex -8.20053 -27.0336 0
      vertex -9.28006 -22.4041 0
      vertex -7.0394 -23.2058 0
    endloop
  endfacet
  facet normal 0 0 -1
    outer loop
      vertex -10.8108 -26.0996 0
      vertex -9.28006 -22.4041 0
      vertex -8.20053 -27.0336 0
    endloop
  endfacet
  facet normal 0 0 -1
    outer loop
      vertex -10.8108 -26.0996 0
      vertex -11.4314 -21.3866 0
      vertex -9.28006 -22.4041 0
    endloop
  endfacet
  facet normal 0 0 -1
    outer loop
      vertex -13.317 -24.9143 0
      vertex -11.4314 -21.3866 0
      vertex -10.8108 -26.0996 0
    endloop
  endfacet
  facet normal 0 0 -1
    outer loop
      vertex -13.317 -24.9143 0
      vertex -13.4726 -20.1631 0
      vertex -11.4314 -21.3866 0
    endloop
  endfacet
  facet normal 0 0 -1
    outer loop
      vertex -15.6949 -23.489 0
      vertex -13.4726 -20.1631 0
      vertex -13.317 -24.9143 0
    endloop
  endfacet
  facet normal -0 0 -1
    outer loop
      vertex -13.4726 -20.1631 0
      vertex -15.6949 -23.489 0
      vertex -15.384 -18.7455 0
    endloop
  endfacet
  facet normal 0 0 -1
    outer loop
      vertex -17.9216 -21.8375 0
      vertex -15.384 -18.7455 0
      vertex -15.6949 -23.489 0
    endloop
  endfacet
  facet normal -0 0 -1
    outer loop
      vertex -15.384 -18.7455 0
      vertex -17.9216 -21.8375 0
      vertex -17.1473 -17.1473 0
    endloop
  endfacet
  facet normal 0 0 -1
    outer loop
      vertex -19.9758 -19.9758 0
      vertex -17.1473 -17.1473 0
      vertex -17.9216 -21.8375 0
    endloop
  endfacet
  facet normal -0 0 -1
    outer loop
      vertex -17.1473 -17.1473 0
      vertex -19.9758 -19.9758 0
      vertex -18.7455 -15.384 0
    endloop
  endfacet
  facet normal 0 0 -1
    outer loop
      vertex -21.8375 -17.9216 0
      vertex -18.7455 -15.384 0
      vertex -19.9758 -19.9758 0
    endloop
  endfacet
  facet normal -0 0 -1
    outer loop
      vertex -18.7455 -15.384 0
      vertex -21.8375 -17.9216 0
      vertex -20.1631 -13.4726 0
    endloop
  endfacet
  facet normal 0 0 -1
    outer loop
      vertex -23.489 -15.6949 0
      vertex -20.1631 -13.4726 0
      vertex -21.8375 -17.9216 0
    endloop
  endfacet
  facet normal -0 0 -1
    outer loop
      vertex -20.1631 -13.4726 0
      vertex -23.489 -15.6949 0
      vertex -21.3866 -11.4314 0
    endloop
  endfacet
  facet normal 0 0 -1
    outer loop
      vertex -24.9143 -13.317 0
      vertex -21.3866 -11.4314 0
      vertex -23.489 -15.6949 0
    endloop
  endfacet
  facet normal -0 0 -1
    outer loop
      vertex -21.3866 -11.4314 0
      vertex -24.9143 -13.317 0
      vertex -22.4041 -9.28006 0
    endloop
  endfacet
  facet normal 0 0 -1
    outer loop
      vertex -26.0996 -10.8108 0
      vertex -22.4041 -9.28006 0
      vertex -24.9143 -13.317 0
    endloop
  endfacet
  facet normal -0 0 -1
    outer loop
      vertex -22.4041 -9.28006 0
      vertex -26.0996 -10.8108 0
      vertex -23.2058 -7.0394 0
    endloop
  endfacet
  facet normal 0 0 -1
    outer loop
      vertex -27.0336 -8.20053 0
      vertex -23.2058 -7.0394 0
      vertex -26.0996 -10.8108 0
    endloop
  endfacet
  facet normal 0 0 -1
    outer loop
      vertex -27.3969 -6.75 0
      vertex -23.2058 -7.0394 0
      vertex -27.0336 -8.20053 0
    endloop
  endfacet
  facet normal 0 0 -1
    outer loop
      vertex -23.2058 -7.0394 0
      vertex -27.3969 -6.75 0
      vertex -23.784 -4.73093 0
    endloop
  endfacet
  facet normal -0 0 -1
    outer loop
      vertex -23.784 -4.73093 0
      vertex -27.3969 -6.75 0
      vertex -24.1332 -2.37691 0
    endloop
  endfacet
  facet normal -0 0 -1
    outer loop
      vertex -24.1332 -2.37691 0
      vertex -27.3969 -6.75 0
      vertex -24.2132 -0.75 0
    endloop
  endfacet
  facet normal 0 0 -1
    outer loop
      vertex -40.24 -0.75 0
      vertex -27.3969 -6.75 0
      vertex -40.24 -6.75 0
    endloop
  endfacet
  facet normal 0 0 -1
    outer loop
      vertex -27.3969 -6.75 0
      vertex -40.24 -0.75 0
      vertex -24.2132 -0.75 0
    endloop
  endfacet
  facet normal 0 0 1
    outer loop
      vertex 40.24 -0.75 27
      vertex 27.3969 -6.75 27
      vertex 40.24 -6.75 27
    endloop
  endfacet
  facet normal -0 0 1
    outer loop
      vertex 23.2058 -7.0394 27
      vertex 27.0336 -8.20053 27
      vertex 27.3969 -6.75 27
    endloop
  endfacet
  facet normal 0 0 1
    outer loop
      vertex 27.0336 -8.20053 27
      vertex 23.2058 -7.0394 27
      vertex 26.0996 -10.8108 27
    endloop
  endfacet
  facet normal -0 0 1
    outer loop
      vertex 24.2132 -0.75 27
      vertex 27.3969 -6.75 27
      vertex 40.24 -0.75 27
    endloop
  endfacet
  facet normal -0 0 1
    outer loop
      vertex 24.1332 -2.37691 27
      vertex 27.3969 -6.75 27
      vertex 24.2132 -0.75 27
    endloop
  endfacet
  facet normal -0 0 1
    outer loop
      vertex 23.784 -4.73093 27
      vertex 27.3969 -6.75 27
      vertex 24.1332 -2.37691 27
    endloop
  endfacet
  facet normal 0 0 1
    outer loop
      vertex 23.2058 -7.0394 27
      vertex 27.3969 -6.75 27
      vertex 23.784 -4.73093 27
    endloop
  endfacet
  facet normal 0 0 1
    outer loop
      vertex 26.0996 -10.8108 27
      vertex 23.2058 -7.0394 27
      vertex 22.4041 -9.28006 27
    endloop
  endfacet
  facet normal 0 0 1
    outer loop
      vertex 26.0996 -10.8108 27
      vertex 22.4041 -9.28006 27
      vertex 24.9143 -13.317 27
    endloop
  endfacet
  facet normal -0 0 1
    outer loop
      vertex 21.3866 -11.4314 27
      vertex 24.9143 -13.317 27
      vertex 22.4041 -9.28006 27
    endloop
  endfacet
  facet normal 0 0 1
    outer loop
      vertex 24.9143 -13.317 27
      vertex 21.3866 -11.4314 27
      vertex 23.489 -15.6949 27
    endloop
  endfacet
  facet normal -0 0 1
    outer loop
      vertex 20.1631 -13.4726 27
      vertex 23.489 -15.6949 27
      vertex 21.3866 -11.4314 27
    endloop
  endfacet
  facet normal 0 0 1
    outer loop
      vertex 23.489 -15.6949 27
      vertex 20.1631 -13.4726 27
      vertex 21.8375 -17.9216 27
    endloop
  endfacet
  facet normal -0 0 1
    outer loop
      vertex 18.7455 -15.384 27
      vertex 21.8375 -17.9216 27
      vertex 20.1631 -13.4726 27
    endloop
  endfacet
  facet normal 0 0 1
    outer loop
      vertex 21.8375 -17.9216 27
      vertex 18.7455 -15.384 27
      vertex 19.9758 -19.9758 27
    endloop
  endfacet
  facet normal -0 0 1
    outer loop
      vertex 17.1473 -17.1473 27
      vertex 19.9758 -19.9758 27
      vertex 18.7455 -15.384 27
    endloop
  endfacet
  facet normal 0 0 1
    outer loop
      vertex 19.9758 -19.9758 27
      vertex 17.1473 -17.1473 27
      vertex 17.9216 -21.8375 27
    endloop
  endfacet
  facet normal -0 0 1
    outer loop
      vertex 15.384 -18.7455 27
      vertex 17.9216 -21.8375 27
      vertex 17.1473 -17.1473 27
    endloop
  endfacet
  facet normal 0 0 1
    outer loop
      vertex 17.9216 -21.8375 27
      vertex 15.384 -18.7455 27
      vertex 15.6949 -23.489 27
    endloop
  endfacet
  facet normal -0 0 1
    outer loop
      vertex 13.4726 -20.1631 27
      vertex 15.6949 -23.489 27
      vertex 15.384 -18.7455 27
    endloop
  endfacet
  facet normal 0 0 1
    outer loop
      vertex 13.4726 -20.1631 27
      vertex 13.317 -24.9143 27
      vertex 15.6949 -23.489 27
    endloop
  endfacet
  facet normal -0 0 1
    outer loop
      vertex 11.4314 -21.3866 27
      vertex 13.317 -24.9143 27
      vertex 13.4726 -20.1631 27
    endloop
  endfacet
  facet normal 0 0 1
    outer loop
      vertex 11.4314 -21.3866 27
      vertex 10.8108 -26.0996 27
      vertex 13.317 -24.9143 27
    endloop
  endfacet
  facet normal -0 0 1
    outer loop
      vertex 9.28006 -22.4041 27
      vertex 10.8108 -26.0996 27
      vertex 11.4314 -21.3866 27
    endloop
  endfacet
  facet normal 0 0 1
    outer loop
      vertex 9.28006 -22.4041 27
      vertex 8.20053 -27.0336 27
      vertex 10.8108 -26.0996 27
    endloop
  endfacet
  facet normal -0 0 1
    outer loop
      vertex 7.0394 -23.2058 27
      vertex 8.20053 -27.0336 27
      vertex 9.28006 -22.4041 27
    endloop
  endfacet
  facet normal 0 0 1
    outer loop
      vertex 7.0394 -23.2058 27
      vertex 5.51129 -27.7072 27
      vertex 8.20053 -27.0336 27
    endloop
  endfacet
  facet normal -0 0 1
    outer loop
      vertex 4.73093 -23.784 27
      vertex 5.51129 -27.7072 27
      vertex 7.0394 -23.2058 27
    endloop
  endfacet
  facet normal 0 0 1
    outer loop
      vertex 4.73093 -23.784 27
      vertex 2.76898 -28.114 27
      vertex 5.51129 -27.7072 27
    endloop
  endfacet
  facet normal -0 0 1
    outer loop
      vertex 2.37691 -24.1332 27
      vertex 2.76898 -28.114 27
      vertex 4.73093 -23.784 27
    endloop
  endfacet
  facet normal -0 0 1
    outer loop
      vertex 0 -24.25 27
      vertex 2.76898 -28.114 27
      vertex 2.37691 -24.1332 27
    endloop
  endfacet
  facet normal 0 0 1
    outer loop
      vertex 0 -24.25 27
      vertex 0 -28.25 27
      vertex 2.76898 -28.114 27
    endloop
  endfacet
  facet normal 0 0 1
    outer loop
      vertex -2.37691 -24.1332 27
      vertex 0 -28.25 27
      vertex 0 -24.25 27
    endloop
  endfacet
  facet normal 0 0 1
    outer loop
      vertex -2.37691 -24.1332 27
      vertex -2.76898 -28.114 27
      vertex 0 -28.25 27
    endloop
  endfacet
  facet normal 0 0 1
    outer loop
      vertex -4.73093 -23.784 27
      vertex -2.76898 -28.114 27
      vertex -2.37691 -24.1332 27
    endloop
  endfacet
  facet normal 0 0 1
    outer loop
      vertex -4.73093 -23.784 27
      vertex -5.51129 -27.7072 27
      vertex -2.76898 -28.114 27
    endloop
  endfacet
  facet normal 0 0 1
    outer loop
      vertex -7.0394 -23.2058 27
      vertex -5.51129 -27.7072 27
      vertex -4.73093 -23.784 27
    endloop
  endfacet
  facet normal 0 0 1
    outer loop
      vertex -7.0394 -23.2058 27
      vertex -8.20053 -27.0336 27
      vertex -5.51129 -27.7072 27
    endloop
  endfacet
  facet normal 0 0 1
    outer loop
      vertex -9.28006 -22.4041 27
      vertex -8.20053 -27.0336 27
      vertex -7.0394 -23.2058 27
    endloop
  endfacet
  facet normal 0 0 1
    outer loop
      vertex -9.28006 -22.4041 27
      vertex -10.8108 -26.0996 27
      vertex -8.20053 -27.0336 27
    endloop
  endfacet
  facet normal 0 0 1
    outer loop
      vertex -11.4314 -21.3866 27
      vertex -10.8108 -26.0996 27
      vertex -9.28006 -22.4041 27
    endloop
  endfacet
  facet normal 0 0 1
    outer loop
      vertex -11.4314 -21.3866 27
      vertex -13.317 -24.9143 27
      vertex -10.8108 -26.0996 27
    endloop
  endfacet
  facet normal 0 0 1
    outer loop
      vertex -13.4726 -20.1631 27
      vertex -13.317 -24.9143 27
      vertex -11.4314 -21.3866 27
    endloop
  endfacet
  facet normal 0 0 1
    outer loop
      vertex -15.6949 -23.489 27
      vertex -13.4726 -20.1631 27
      vertex -15.384 -18.7455 27
    endloop
  endfacet
  facet normal 0 0 1
    outer loop
      vertex -13.4726 -20.1631 27
      vertex -15.6949 -23.489 27
      vertex -13.317 -24.9143 27
    endloop
  endfacet
  facet normal 0 0 1
    outer loop
      vertex -17.9216 -21.8375 27
      vertex -15.384 -18.7455 27
      vertex -17.1473 -17.1473 27
    endloop
  endfacet
  facet normal 0 0 1
    outer loop
      vertex -15.384 -18.7455 27
      vertex -17.9216 -21.8375 27
      vertex -15.6949 -23.489 27
    endloop
  endfacet
  facet normal 0 0 1
    outer loop
      vertex -19.9758 -19.9758 27
      vertex -17.1473 -17.1473 27
      vertex -18.7455 -15.384 27
    endloop
  endfacet
  facet normal 0 0 1
    outer loop
      vertex -17.1473 -17.1473 27
      vertex -19.9758 -19.9758 27
      vertex -17.9216 -21.8375 27
    endloop
  endfacet
  facet normal 0 0 1
    outer loop
      vertex -21.8375 -17.9216 27
      vertex -18.7455 -15.384 27
      vertex -20.1631 -13.4726 27
    endloop
  endfacet
  facet normal 0 0 1
    outer loop
      vertex -23.489 -15.6949 27
      vertex -20.1631 -13.4726 27
      vertex -21.3866 -11.4314 27
    endloop
  endfacet
  facet normal 0 0 1
    outer loop
      vertex -18.7455 -15.384 27
      vertex -21.8375 -17.9216 27
      vertex -19.9758 -19.9758 27
    endloop
  endfacet
  facet normal 0 0 1
    outer loop
      vertex -24.9143 -13.317 27
      vertex -21.3866 -11.4314 27
      vertex -22.4041 -9.28006 27
    endloop
  endfacet
  facet normal 0 0 1
    outer loop
      vertex -26.0996 -10.8108 27
      vertex -22.4041 -9.28006 27
      vertex -23.2058 -7.0394 27
    endloop
  endfacet
  facet normal 0 0 1
    outer loop
      vertex -20.1631 -13.4726 27
      vertex -23.489 -15.6949 27
      vertex -21.8375 -17.9216 27
    endloop
  endfacet
  facet normal -0 0 1
    outer loop
      vertex -27.3969 -6.75 27
      vertex -23.2058 -7.0394 27
      vertex -23.784 -4.73093 27
    endloop
  endfacet
  facet normal 0 0 1
    outer loop
      vertex -27.3969 -6.75 27
      vertex -23.784 -4.73093 27
      vertex -24.1332 -2.37691 27
    endloop
  endfacet
  facet normal 0 0 1
    outer loop
      vertex -27.3969 -6.75 27
      vertex -24.1332 -2.37691 27
      vertex -24.2132 -0.75 27
    endloop
  endfacet
  facet normal 0 0 1
    outer loop
      vertex -21.3866 -11.4314 27
      vertex -24.9143 -13.317 27
      vertex -23.489 -15.6949 27
    endloop
  endfacet
  facet normal 0 0 1
    outer loop
      vertex -22.4041 -9.28006 27
      vertex -26.0996 -10.8108 27
      vertex -24.9143 -13.317 27
    endloop
  endfacet
  facet normal 0 0 1
    outer loop
      vertex -23.2058 -7.0394 27
      vertex -27.0336 -8.20053 27
      vertex -26.0996 -10.8108 27
    endloop
  endfacet
  facet normal 0 0 1
    outer loop
      vertex -23.2058 -7.0394 27
      vertex -27.3969 -6.75 27
      vertex -27.0336 -8.20053 27
    endloop
  endfacet
  facet normal -0 0 1
    outer loop
      vertex -40.24 -0.75 27
      vertex -27.3969 -6.75 27
      vertex -24.2132 -0.75 27
    endloop
  endfacet
  facet normal 0 0 1
    outer loop
      vertex -27.3969 -6.75 27
      vertex -40.24 -0.75 27
      vertex -40.24 -6.75 27
    endloop
  endfacet
  facet normal 0.146736 -0.989176 0
    outer loop
      vertex 2.76898 -28.114 0
      vertex 5.51129 -27.7072 27
      vertex 2.76898 -28.114 27
    endloop
  endfacet
  facet normal 0.146736 -0.989176 0
    outer loop
      vertex 5.51129 -27.7072 27
      vertex 2.76898 -28.114 0
      vertex 5.51129 -27.7072 0
    endloop
  endfacet
  facet normal 0.242974 -0.970033 0
    outer loop
      vertex 5.51129 -27.7072 0
      vertex 8.20053 -27.0336 27
      vertex 5.51129 -27.7072 27
    endloop
  endfacet
  facet normal 0.242974 -0.970033 0
    outer loop
      vertex 8.20053 -27.0336 27
      vertex 5.51129 -27.7072 0
      vertex 8.20053 -27.0336 0
    endloop
  endfacet
  facet normal 0.3369 -0.941541 0
    outer loop
      vertex 8.20053 -27.0336 0
      vertex 10.8108 -26.0996 27
      vertex 8.20053 -27.0336 27
    endloop
  endfacet
  facet normal 0.3369 -0.941541 0
    outer loop
      vertex 10.8108 -26.0996 27
      vertex 8.20053 -27.0336 0
      vertex 10.8108 -26.0996 0
    endloop
  endfacet
  facet normal 0.427542 -0.903995 0
    outer loop
      vertex 10.8108 -26.0996 0
      vertex 13.317 -24.9143 27
      vertex 10.8108 -26.0996 27
    endloop
  endfacet
  facet normal 0.427542 -0.903995 0
    outer loop
      vertex 13.317 -24.9143 27
      vertex 10.8108 -26.0996 0
      vertex 13.317 -24.9143 0
    endloop
  endfacet
  facet normal 0.514114 -0.857722 0
    outer loop
      vertex 13.317 -24.9143 0
      vertex 15.6949 -23.489 27
      vertex 13.317 -24.9143 27
    endloop
  endfacet
  facet normal 0.514114 -0.857722 0
    outer loop
      vertex 15.6949 -23.489 27
      vertex 13.317 -24.9143 0
      vertex 15.6949 -23.489 0
    endloop
  endfacet
  facet normal 0.595715 -0.803196 0
    outer loop
      vertex 15.6949 -23.489 0
      vertex 17.9216 -21.8375 27
      vertex 15.6949 -23.489 27
    endloop
  endfacet
  facet normal 0.595715 -0.803196 0
    outer loop
      vertex 17.9216 -21.8375 27
      vertex 15.6949 -23.489 0
      vertex 17.9216 -21.8375 0
    endloop
  endfacet
  facet normal 0.671536 -0.740972 0
    outer loop
      vertex 17.9216 -21.8375 0
      vertex 19.9758 -19.9758 27
      vertex 17.9216 -21.8375 27
    endloop
  endfacet
  facet normal 0.671536 -0.740972 0
    outer loop
      vertex 19.9758 -19.9758 27
      vertex 17.9216 -21.8375 0
      vertex 19.9758 -19.9758 0
    endloop
  endfacet
  facet normal 0.740972 -0.671536 0
    outer loop
      vertex 19.9758 -19.9758 27
      vertex 21.8375 -17.9216 0
      vertex 21.8375 -17.9216 27
    endloop
  endfacet
  facet normal 0.740972 -0.671536 0
    outer loop
      vertex 21.8375 -17.9216 0
      vertex 19.9758 -19.9758 27
      vertex 19.9758 -19.9758 0
    endloop
  endfacet
  facet normal 0.803196 -0.595715 0
    outer loop
      vertex 21.8375 -17.9216 27
      vertex 23.489 -15.6949 0
      vertex 23.489 -15.6949 27
    endloop
  endfacet
  facet normal 0.803196 -0.595715 0
    outer loop
      vertex 23.489 -15.6949 0
      vertex 21.8375 -17.9216 27
      vertex 21.8375 -17.9216 0
    endloop
  endfacet
  facet normal 0.857722 -0.514114 0
    outer loop
      vertex 23.489 -15.6949 27
      vertex 24.9143 -13.317 0
      vertex 24.9143 -13.317 27
    endloop
  endfacet
  facet normal 0.857722 -0.514114 0
    outer loop
      vertex 24.9143 -13.317 0
      vertex 23.489 -15.6949 27
      vertex 23.489 -15.6949 0
    endloop
  endfacet
  facet normal 0.903995 -0.427542 0
    outer loop
      vertex 24.9143 -13.317 27
      vertex 26.0996 -10.8108 0
      vertex 26.0996 -10.8108 27
    endloop
  endfacet
  facet normal 0.903995 -0.427542 0
    outer loop
      vertex 26.0996 -10.8108 0
      vertex 24.9143 -13.317 27
      vertex 24.9143 -13.317 0
    endloop
  endfacet
  facet normal 0.941541 -0.3369 0
    outer loop
      vertex 26.0996 -10.8108 27
      vertex 27.0336 -8.20053 0
      vertex 27.0336 -8.20053 27
    endloop
  endfacet
  facet normal 0.941541 -0.3369 0
    outer loop
      vertex 27.0336 -8.20053 0
      vertex 26.0996 -10.8108 27
      vertex 26.0996 -10.8108 0
    endloop
  endfacet
  facet normal 0.970037 -0.242956 0
    outer loop
      vertex 27.0336 -8.20053 27
      vertex 27.3969 -6.75 0
      vertex 27.3969 -6.75 27
    endloop
  endfacet
  facet normal 0.970037 -0.242956 0
    outer loop
      vertex 27.3969 -6.75 0
      vertex 27.0336 -8.20053 27
      vertex 27.0336 -8.20053 0
    endloop
  endfacet
  facet normal 0 -1 0
    outer loop
      vertex 27.3969 -6.75 27
      vertex 34.24 -6.75 17.25
      vertex 40.24 -6.75 27
    endloop
  endfacet
  facet normal 0 -1 0
    outer loop
      vertex 27.3969 -6.75 27
      vertex 33.8725 -6.75 17.2319
      vertex 34.24 -6.75 17.25
    endloop
  endfacet
  facet normal 0 -1 0
    outer loop
      vertex 27.3969 -6.75 27
      vertex 33.5085 -6.75 17.1779
      vertex 33.8725 -6.75 17.2319
    endloop
  endfacet
  facet normal 0 -1 0
    outer loop
      vertex 27.3969 -6.75 27
      vertex 33.1515 -6.75 17.0885
      vertex 33.5085 -6.75 17.1779
    endloop
  endfacet
  facet normal 0 -1 0
    outer loop
      vertex 27.3969 -6.75 27
      vertex 32.805 -6.75 16.9646
      vertex 33.1515 -6.75 17.0885
    endloop
  endfacet
  facet normal 0 -1 0
    outer loop
      vertex 27.3969 -6.75 27
      vertex 32.4723 -6.75 16.8072
      vertex 32.805 -6.75 16.9646
    endloop
  endfacet
  facet normal 0 -1 0
    outer loop
      vertex 27.3969 -6.75 27
      vertex 32.1567 -6.75 16.618
      vertex 32.4723 -6.75 16.8072
    endloop
  endfacet
  facet normal 0 -1 0
    outer loop
      vertex 27.3969 -6.75 27
      vertex 31.8611 -6.75 16.3988
      vertex 32.1567 -6.75 16.618
    endloop
  endfacet
  facet normal 0 -1 0
    outer loop
      vertex 27.3969 -6.75 27
      vertex 31.5884 -6.75 16.1517
      vertex 31.8611 -6.75 16.3988
    endloop
  endfacet
  facet normal 0 -1 0
    outer loop
      vertex 27.3969 -6.75 27
      vertex 31.3413 -6.75 15.879
      vertex 31.5884 -6.75 16.1517
    endloop
  endfacet
  facet normal 0 -1 0
    outer loop
      vertex 27.3969 -6.75 27
      vertex 31.122 -6.75 15.5834
      vertex 31.3413 -6.75 15.879
    endloop
  endfacet
  facet normal 0 -1 0
    outer loop
      vertex 27.3969 -6.75 27
      vertex 30.9328 -6.75 15.2677
      vertex 31.122 -6.75 15.5834
    endloop
  endfacet
  facet normal 0 -1 0
    outer loop
      vertex 27.3969 -6.75 27
      vertex 30.7755 -6.75 14.9351
      vertex 30.9328 -6.75 15.2677
    endloop
  endfacet
  facet normal 0 -1 0
    outer loop
      vertex 27.3969 -6.75 27
      vertex 30.6515 -6.75 14.5886
      vertex 30.7755 -6.75 14.9351
    endloop
  endfacet
  facet normal 0 -1 0
    outer loop
      vertex 27.3969 -6.75 27
      vertex 30.5621 -6.75 14.2316
      vertex 30.6515 -6.75 14.5886
    endloop
  endfacet
  facet normal 0 -1 0
    outer loop
      vertex 27.3969 -6.75 27
      vertex 30.5081 -6.75 13.8676
      vertex 30.5621 -6.75 14.2316
    endloop
  endfacet
  facet normal 0 -1 0
    outer loop
      vertex 27.3969 -6.75 27
      vertex 30.49 -6.75 13.5
      vertex 30.5081 -6.75 13.8676
    endloop
  endfacet
  facet normal 0 -1 0
    outer loop
      vertex 27.3969 -6.75 0
      vertex 30.49 -6.75 13.5
      vertex 27.3969 -6.75 27
    endloop
  endfacet
  facet normal 0 -1 -0
    outer loop
      vertex 30.49 -6.75 13.5
      vertex 27.3969 -6.75 0
      vertex 30.5081 -6.75 13.1324
    endloop
  endfacet
  facet normal 0 -1 -0
    outer loop
      vertex 33.8725 -6.75 9.76806
      vertex 27.3969 -6.75 0
      vertex 34.24 -6.75 9.75
    endloop
  endfacet
  facet normal 0 -1 -0
    outer loop
      vertex 33.5085 -6.75 9.82206
      vertex 27.3969 -6.75 0
      vertex 33.8725 -6.75 9.76806
    endloop
  endfacet
  facet normal 0 -1 -0
    outer loop
      vertex 33.1515 -6.75 9.91147
      vertex 27.3969 -6.75 0
      vertex 33.5085 -6.75 9.82206
    endloop
  endfacet
  facet normal 0 -1 -0
    outer loop
      vertex 32.805 -6.75 10.0355
      vertex 27.3969 -6.75 0
      vertex 33.1515 -6.75 9.91147
    endloop
  endfacet
  facet normal 0 -1 -0
    outer loop
      vertex 32.4723 -6.75 10.1928
      vertex 27.3969 -6.75 0
      vertex 32.805 -6.75 10.0355
    endloop
  endfacet
  facet normal 0 -1 -0
    outer loop
      vertex 32.1567 -6.75 10.382
      vertex 27.3969 -6.75 0
      vertex 32.4723 -6.75 10.1928
    endloop
  endfacet
  facet normal 0 -1 -0
    outer loop
      vertex 31.8611 -6.75 10.6012
      vertex 27.3969 -6.75 0
      vertex 32.1567 -6.75 10.382
    endloop
  endfacet
  facet normal 0 -1 -0
    outer loop
      vertex 31.5884 -6.75 10.8483
      vertex 27.3969 -6.75 0
      vertex 31.8611 -6.75 10.6012
    endloop
  endfacet
  facet normal 0 -1 -0
    outer loop
      vertex 31.3413 -6.75 11.121
      vertex 27.3969 -6.75 0
      vertex 31.5884 -6.75 10.8483
    endloop
  endfacet
  facet normal 0 -1 -0
    outer loop
      vertex 31.122 -6.75 11.4166
      vertex 27.3969 -6.75 0
      vertex 31.3413 -6.75 11.121
    endloop
  endfacet
  facet normal 0 -1 -0
    outer loop
      vertex 30.9328 -6.75 11.7323
      vertex 27.3969 -6.75 0
      vertex 31.122 -6.75 11.4166
    endloop
  endfacet
  facet normal 0 -1 -0
    outer loop
      vertex 30.7755 -6.75 12.0649
      vertex 27.3969 -6.75 0
      vertex 30.9328 -6.75 11.7323
    endloop
  endfacet
  facet normal 0 -1 -0
    outer loop
      vertex 30.6515 -6.75 12.4114
      vertex 27.3969 -6.75 0
      vertex 30.7755 -6.75 12.0649
    endloop
  endfacet
  facet normal 0 -1 -0
    outer loop
      vertex 30.5621 -6.75 12.7684
      vertex 27.3969 -6.75 0
      vertex 30.6515 -6.75 12.4114
    endloop
  endfacet
  facet normal 0 -1 -0
    outer loop
      vertex 30.5081 -6.75 13.1324
      vertex 27.3969 -6.75 0
      vertex 30.5621 -6.75 12.7684
    endloop
  endfacet
  facet normal 0 -1 0
    outer loop
      vertex 34.6076 -6.75 17.2319
      vertex 40.24 -6.75 27
      vertex 34.24 -6.75 17.25
    endloop
  endfacet
  facet normal 0 -1 0
    outer loop
      vertex 34.9716 -6.75 17.1779
      vertex 40.24 -6.75 27
      vertex 34.6076 -6.75 17.2319
    endloop
  endfacet
  facet normal 0 -1 0
    outer loop
      vertex 35.3286 -6.75 17.0885
      vertex 40.24 -6.75 27
      vertex 34.9716 -6.75 17.1779
    endloop
  endfacet
  facet normal 0 -1 0
    outer loop
      vertex 35.6751 -6.75 16.9646
      vertex 40.24 -6.75 27
      vertex 35.3286 -6.75 17.0885
    endloop
  endfacet
  facet normal 0 -1 0
    outer loop
      vertex 36.0078 -6.75 16.8072
      vertex 40.24 -6.75 27
      vertex 35.6751 -6.75 16.9646
    endloop
  endfacet
  facet normal 0 -1 0
    outer loop
      vertex 36.3234 -6.75 16.618
      vertex 40.24 -6.75 27
      vertex 36.0078 -6.75 16.8072
    endloop
  endfacet
  facet normal 0 -1 0
    outer loop
      vertex 36.619 -6.75 16.3988
      vertex 40.24 -6.75 27
      vertex 36.3234 -6.75 16.618
    endloop
  endfacet
  facet normal 0 -1 0
    outer loop
      vertex 36.8917 -6.75 16.1517
      vertex 40.24 -6.75 27
      vertex 36.619 -6.75 16.3988
    endloop
  endfacet
  facet normal 0 -1 0
    outer loop
      vertex 37.1388 -6.75 15.879
      vertex 40.24 -6.75 27
      vertex 36.8917 -6.75 16.1517
    endloop
  endfacet
  facet normal 0 -1 0
    outer loop
      vertex 37.3581 -6.75 15.5834
      vertex 40.24 -6.75 27
      vertex 37.1388 -6.75 15.879
    endloop
  endfacet
  facet normal 0 -1 0
    outer loop
      vertex 37.5472 -6.75 15.2677
      vertex 40.24 -6.75 27
      vertex 37.3581 -6.75 15.5834
    endloop
  endfacet
  facet normal 0 -1 0
    outer loop
      vertex 37.7046 -6.75 14.9351
      vertex 40.24 -6.75 27
      vertex 37.5472 -6.75 15.2677
    endloop
  endfacet
  facet normal 0 -1 0
    outer loop
      vertex 37.8286 -6.75 14.5886
      vertex 40.24 -6.75 27
      vertex 37.7046 -6.75 14.9351
    endloop
  endfacet
  facet normal 0 -1 0
    outer loop
      vertex 37.918 -6.75 14.2316
      vertex 40.24 -6.75 27
      vertex 37.8286 -6.75 14.5886
    endloop
  endfacet
  facet normal 0 -1 0
    outer loop
      vertex 37.972 -6.75 13.8676
      vertex 40.24 -6.75 27
      vertex 37.918 -6.75 14.2316
    endloop
  endfacet
  facet normal 0 -1 0
    outer loop
      vertex 37.99 -6.75 13.5
      vertex 40.24 -6.75 27
      vertex 37.972 -6.75 13.8676
    endloop
  endfacet
  facet normal 0 -1 0
    outer loop
      vertex 40.24 -6.75 0
      vertex 37.99 -6.75 13.5
      vertex 37.972 -6.75 13.1324
    endloop
  endfacet
  facet normal 0 -1 0
    outer loop
      vertex 40.24 -6.75 0
      vertex 37.972 -6.75 13.1324
      vertex 37.918 -6.75 12.7684
    endloop
  endfacet
  facet normal 0 -1 0
    outer loop
      vertex 40.24 -6.75 0
      vertex 34.24 -6.75 9.75
      vertex 27.3969 -6.75 0
    endloop
  endfacet
  facet normal 0 -1 0
    outer loop
      vertex 34.24 -6.75 9.75
      vertex 40.24 -6.75 0
      vertex 34.6076 -6.75 9.76806
    endloop
  endfacet
  facet normal 0 -1 0
    outer loop
      vertex 34.6076 -6.75 9.76806
      vertex 40.24 -6.75 0
      vertex 34.9716 -6.75 9.82206
    endloop
  endfacet
  facet normal 0 -1 0
    outer loop
      vertex 34.9716 -6.75 9.82206
      vertex 40.24 -6.75 0
      vertex 35.3286 -6.75 9.91147
    endloop
  endfacet
  facet normal 0 -1 0
    outer loop
      vertex 35.3286 -6.75 9.91147
      vertex 40.24 -6.75 0
      vertex 35.6751 -6.75 10.0355
    endloop
  endfacet
  facet normal 0 -1 0
    outer loop
      vertex 35.6751 -6.75 10.0355
      vertex 40.24 -6.75 0
      vertex 36.0078 -6.75 10.1928
    endloop
  endfacet
  facet normal 0 -1 0
    outer loop
      vertex 36.0078 -6.75 10.1928
      vertex 40.24 -6.75 0
      vertex 36.3234 -6.75 10.382
    endloop
  endfacet
  facet normal 0 -1 0
    outer loop
      vertex 36.3234 -6.75 10.382
      vertex 40.24 -6.75 0
      vertex 36.619 -6.75 10.6012
    endloop
  endfacet
  facet normal 0 -1 0
    outer loop
      vertex 36.619 -6.75 10.6012
      vertex 40.24 -6.75 0
      vertex 36.8917 -6.75 10.8483
    endloop
  endfacet
  facet normal 0 -1 0
    outer loop
      vertex 37.99 -6.75 13.5
      vertex 40.24 -6.75 0
      vertex 40.24 -6.75 27
    endloop
  endfacet
  facet normal 0 -1 0
    outer loop
      vertex 37.8286 -6.75 12.4114
      vertex 40.24 -6.75 0
      vertex 37.918 -6.75 12.7684
    endloop
  endfacet
  facet normal 0 -1 0
    outer loop
      vertex 37.7046 -6.75 12.0649
      vertex 40.24 -6.75 0
      vertex 37.8286 -6.75 12.4114
    endloop
  endfacet
  facet normal 0 -1 0
    outer loop
      vertex 37.5472 -6.75 11.7323
      vertex 40.24 -6.75 0
      vertex 37.7046 -6.75 12.0649
    endloop
  endfacet
  facet normal 0 -1 0
    outer loop
      vertex 37.3581 -6.75 11.4166
      vertex 40.24 -6.75 0
      vertex 37.5472 -6.75 11.7323
    endloop
  endfacet
  facet normal 0 -1 0
    outer loop
      vertex 37.1388 -6.75 11.121
      vertex 40.24 -6.75 0
      vertex 37.3581 -6.75 11.4166
    endloop
  endfacet
  facet normal 0 -1 0
    outer loop
      vertex 36.8917 -6.75 10.8483
      vertex 40.24 -6.75 0
      vertex 37.1388 -6.75 11.121
    endloop
  endfacet
  facet normal 1 -0 0
    outer loop
      vertex 40.24 -6.75 27
      vertex 40.24 -0.75 0
      vertex 40.24 -0.75 27
    endloop
  endfacet
  facet normal 1 0 0
    outer loop
      vertex 40.24 -0.75 0
      vertex 40.24 -6.75 27
      vertex 40.24 -6.75 0
    endloop
  endfacet
  facet normal 0 1 0
    outer loop
      vertex 34.0244 -0.75 15.6894
      vertex 40.24 -0.75 27
      vertex 34.24 -0.75 15.7
    endloop
  endfacet
  facet normal 0 1 0
    outer loop
      vertex 40.24 -0.75 27
      vertex 34.4557 -0.75 15.6894
      vertex 34.24 -0.75 15.7
    endloop
  endfacet
  facet normal 0 1 0
    outer loop
      vertex 40.24 -0.75 27
      vertex 34.6692 -0.75 15.6577
      vertex 34.4557 -0.75 15.6894
    endloop
  endfacet
  facet normal 0 1 0
    outer loop
      vertex 40.24 -0.75 27
      vertex 34.8787 -0.75 15.6053
      vertex 34.6692 -0.75 15.6577
    endloop
  endfacet
  facet normal 0 1 0
    outer loop
      vertex 40.24 -0.75 27
      vertex 35.0819 -0.75 15.5325
      vertex 34.8787 -0.75 15.6053
    endloop
  endfacet
  facet normal 0 1 0
    outer loop
      vertex 40.24 -0.75 27
      vertex 35.2771 -0.75 15.4402
      vertex 35.0819 -0.75 15.5325
    endloop
  endfacet
  facet normal 0 1 0
    outer loop
      vertex 40.24 -0.75 27
      vertex 35.4623 -0.75 15.3292
      vertex 35.2771 -0.75 15.4402
    endloop
  endfacet
  facet normal 0 1 0
    outer loop
      vertex 40.24 -0.75 27
      vertex 35.6357 -0.75 15.2006
      vertex 35.4623 -0.75 15.3292
    endloop
  endfacet
  facet normal 0 1 0
    outer loop
      vertex 40.24 -0.75 27
      vertex 35.7957 -0.75 15.0556
      vertex 35.6357 -0.75 15.2006
    endloop
  endfacet
  facet normal 0 1 0
    outer loop
      vertex 40.24 -0.75 27
      vertex 35.9407 -0.75 14.8957
      vertex 35.7957 -0.75 15.0556
    endloop
  endfacet
  facet normal 0 1 0
    outer loop
      vertex 40.24 -0.75 27
      vertex 36.0693 -0.75 14.7223
      vertex 35.9407 -0.75 14.8957
    endloop
  endfacet
  facet normal 0 1 0
    outer loop
      vertex 40.24 -0.75 27
      vertex 36.1803 -0.75 14.5371
      vertex 36.0693 -0.75 14.7223
    endloop
  endfacet
  facet normal 0 1 0
    outer loop
      vertex 40.24 -0.75 27
      vertex 36.2726 -0.75 14.3419
      vertex 36.1803 -0.75 14.5371
    endloop
  endfacet
  facet normal 0 1 0
    outer loop
      vertex 40.24 -0.75 27
      vertex 36.3453 -0.75 14.1386
      vertex 36.2726 -0.75 14.3419
    endloop
  endfacet
  facet normal 0 1 0
    outer loop
      vertex 40.24 -0.75 27
      vertex 36.3978 -0.75 13.9292
      vertex 36.3453 -0.75 14.1386
    endloop
  endfacet
  facet normal 0 1 0
    outer loop
      vertex 40.24 -0.75 27
      vertex 36.4294 -0.75 13.7156
      vertex 36.3978 -0.75 13.9292
    endloop
  endfacet
  facet normal 0 1 0
    outer loop
      vertex 40.24 -0.75 27
      vertex 36.44 -0.75 13.5
      vertex 36.4294 -0.75 13.7156
    endloop
  endfacet
  facet normal 0 1 -0
    outer loop
      vertex 40.24 -0.75 0
      vertex 36.44 -0.75 13.5
      vertex 40.24 -0.75 27
    endloop
  endfacet
  facet normal 0 1 0
    outer loop
      vertex 36.44 -0.75 13.5
      vertex 40.24 -0.75 0
      vertex 36.4294 -0.75 13.2844
    endloop
  endfacet
  facet normal 0 1 0
    outer loop
      vertex 36.4294 -0.75 13.2844
      vertex 40.24 -0.75 0
      vertex 36.3978 -0.75 13.0708
    endloop
  endfacet
  facet normal 0 1 0
    outer loop
      vertex 34.4557 -0.75 11.3106
      vertex 40.24 -0.75 0
      vertex 34.24 -0.75 11.3
    endloop
  endfacet
  facet normal 0 1 0
    outer loop
      vertex 34.6692 -0.75 11.3423
      vertex 40.24 -0.75 0
      vertex 34.4557 -0.75 11.3106
    endloop
  endfacet
  facet normal 0 1 0
    outer loop
      vertex 34.8787 -0.75 11.3947
      vertex 40.24 -0.75 0
      vertex 34.6692 -0.75 11.3423
    endloop
  endfacet
  facet normal 0 1 0
    outer loop
      vertex 35.0819 -0.75 11.4675
      vertex 40.24 -0.75 0
      vertex 34.8787 -0.75 11.3947
    endloop
  endfacet
  facet normal 0 1 0
    outer loop
      vertex 35.2771 -0.75 11.5598
      vertex 40.24 -0.75 0
      vertex 35.0819 -0.75 11.4675
    endloop
  endfacet
  facet normal 0 1 0
    outer loop
      vertex 35.4623 -0.75 11.6708
      vertex 40.24 -0.75 0
      vertex 35.2771 -0.75 11.5598
    endloop
  endfacet
  facet normal 0 1 0
    outer loop
      vertex 35.6357 -0.75 11.7994
      vertex 40.24 -0.75 0
      vertex 35.4623 -0.75 11.6708
    endloop
  endfacet
  facet normal 0 1 0
    outer loop
      vertex 35.7957 -0.75 11.9444
      vertex 40.24 -0.75 0
      vertex 35.6357 -0.75 11.7994
    endloop
  endfacet
  facet normal 0 1 0
    outer loop
      vertex 35.9407 -0.75 12.1043
      vertex 40.24 -0.75 0
      vertex 35.7957 -0.75 11.9444
    endloop
  endfacet
  facet normal 0 1 0
    outer loop
      vertex 36.0693 -0.75 12.2777
      vertex 40.24 -0.75 0
      vertex 35.9407 -0.75 12.1043
    endloop
  endfacet
  facet normal 0 1 0
    outer loop
      vertex 36.1803 -0.75 12.4629
      vertex 40.24 -0.75 0
      vertex 36.0693 -0.75 12.2777
    endloop
  endfacet
  facet normal 0 1 0
    outer loop
      vertex 36.2726 -0.75 12.6581
      vertex 40.24 -0.75 0
      vertex 36.1803 -0.75 12.4629
    endloop
  endfacet
  facet normal 0 1 0
    outer loop
      vertex 36.3453 -0.75 12.8614
      vertex 40.24 -0.75 0
      vertex 36.2726 -0.75 12.6581
    endloop
  endfacet
  facet normal 0 1 0
    outer loop
      vertex 36.3978 -0.75 13.0708
      vertex 40.24 -0.75 0
      vertex 36.3453 -0.75 12.8614
    endloop
  endfacet
  facet normal 0 1 0
    outer loop
      vertex 33.8108 -0.75 15.6577
      vertex 40.24 -0.75 27
      vertex 34.0244 -0.75 15.6894
    endloop
  endfacet
  facet normal 0 1 0
    outer loop
      vertex 40.24 -0.75 27
      vertex 33.8108 -0.75 15.6577
      vertex 24.2132 -0.75 27
    endloop
  endfacet
  facet normal 0 1 -0
    outer loop
      vertex 33.6014 -0.75 15.6053
      vertex 24.2132 -0.75 27
      vertex 33.8108 -0.75 15.6577
    endloop
  endfacet
  facet normal 0 1 -0
    outer loop
      vertex 33.3981 -0.75 15.5325
      vertex 24.2132 -0.75 27
      vertex 33.6014 -0.75 15.6053
    endloop
  endfacet
  facet normal 0 1 -0
    outer loop
      vertex 33.203 -0.75 15.4402
      vertex 24.2132 -0.75 27
      vertex 33.3981 -0.75 15.5325
    endloop
  endfacet
  facet normal 0 1 -0
    outer loop
      vertex 33.0178 -0.75 15.3292
      vertex 24.2132 -0.75 27
      vertex 33.203 -0.75 15.4402
    endloop
  endfacet
  facet normal 0 1 -0
    outer loop
      vertex 32.8444 -0.75 15.2006
      vertex 24.2132 -0.75 27
      vertex 33.0178 -0.75 15.3292
    endloop
  endfacet
  facet normal 0 1 -0
    outer loop
      vertex 32.6844 -0.75 15.0556
      vertex 24.2132 -0.75 27
      vertex 32.8444 -0.75 15.2006
    endloop
  endfacet
  facet normal 0 1 -0
    outer loop
      vertex 32.5394 -0.75 14.8957
      vertex 24.2132 -0.75 27
      vertex 32.6844 -0.75 15.0556
    endloop
  endfacet
  facet normal 0 1 -0
    outer loop
      vertex 32.4108 -0.75 14.7223
      vertex 24.2132 -0.75 27
      vertex 32.5394 -0.75 14.8957
    endloop
  endfacet
  facet normal 0 1 -0
    outer loop
      vertex 32.2998 -0.75 14.5371
      vertex 24.2132 -0.75 27
      vertex 32.4108 -0.75 14.7223
    endloop
  endfacet
  facet normal 0 1 -0
    outer loop
      vertex 32.2075 -0.75 14.3419
      vertex 24.2132 -0.75 27
      vertex 32.2998 -0.75 14.5371
    endloop
  endfacet
  facet normal 0 1 -0
    outer loop
      vertex 32.1348 -0.75 14.1386
      vertex 24.2132 -0.75 27
      vertex 32.2075 -0.75 14.3419
    endloop
  endfacet
  facet normal 0 1 -0
    outer loop
      vertex 32.0823 -0.75 13.9292
      vertex 24.2132 -0.75 27
      vertex 32.1348 -0.75 14.1386
    endloop
  endfacet
  facet normal 0 1 -0
    outer loop
      vertex 32.0506 -0.75 13.7156
      vertex 24.2132 -0.75 27
      vertex 32.0823 -0.75 13.9292
    endloop
  endfacet
  facet normal 0 1 -0
    outer loop
      vertex 32.04 -0.75 13.5
      vertex 24.2132 -0.75 27
      vertex 32.0506 -0.75 13.7156
    endloop
  endfacet
  facet normal 0 1 0
    outer loop
      vertex 24.2132 -0.75 0
      vertex 32.04 -0.75 13.5
      vertex 32.0506 -0.75 13.2844
    endloop
  endfacet
  facet normal 0 1 0
    outer loop
      vertex 24.2132 -0.75 0
      vertex 32.0506 -0.75 13.2844
      vertex 32.0823 -0.75 13.0708
    endloop
  endfacet
  facet normal 0 1 0
    outer loop
      vertex 24.2132 -0.75 0
      vertex 32.0823 -0.75 13.0708
      vertex 32.1348 -0.75 12.8614
    endloop
  endfacet
  facet normal 0 1 0
    outer loop
      vertex 24.2132 -0.75 0
      vertex 32.1348 -0.75 12.8614
      vertex 32.2075 -0.75 12.6581
    endloop
  endfacet
  facet normal 0 1 0
    outer loop
      vertex 24.2132 -0.75 0
      vertex 32.2075 -0.75 12.6581
      vertex 32.2998 -0.75 12.4629
    endloop
  endfacet
  facet normal 0 1 0
    outer loop
      vertex 40.24 -0.75 0
      vertex 34.0244 -0.75 11.3106
      vertex 34.24 -0.75 11.3
    endloop
  endfacet
  facet normal 0 1 0
    outer loop
      vertex 40.24 -0.75 0
      vertex 33.8108 -0.75 11.3423
      vertex 34.0244 -0.75 11.3106
    endloop
  endfacet
  facet normal 0 1 0
    outer loop
      vertex 24.2132 -0.75 0
      vertex 33.8108 -0.75 11.3423
      vertex 40.24 -0.75 0
    endloop
  endfacet
  facet normal 0 1 0
    outer loop
      vertex 33.8108 -0.75 11.3423
      vertex 24.2132 -0.75 0
      vertex 33.6014 -0.75 11.3947
    endloop
  endfacet
  facet normal 0 1 0
    outer loop
      vertex 33.6014 -0.75 11.3947
      vertex 24.2132 -0.75 0
      vertex 33.3981 -0.75 11.4675
    endloop
  endfacet
  facet normal 0 1 0
    outer loop
      vertex 33.3981 -0.75 11.4675
      vertex 24.2132 -0.75 0
      vertex 33.203 -0.75 11.5598
    endloop
  endfacet
  facet normal 0 1 0
    outer loop
      vertex 33.203 -0.75 11.5598
      vertex 24.2132 -0.75 0
      vertex 33.0178 -0.75 11.6708
    endloop
  endfacet
  facet normal 0 1 0
    outer loop
      vertex 33.0178 -0.75 11.6708
      vertex 24.2132 -0.75 0
      vertex 32.8444 -0.75 11.7994
    endloop
  endfacet
  facet normal 0 1 0
    outer loop
      vertex 32.8444 -0.75 11.7994
      vertex 24.2132 -0.75 0
      vertex 32.6844 -0.75 11.9444
    endloop
  endfacet
  facet normal 0 1 0
    outer loop
      vertex 32.6844 -0.75 11.9444
      vertex 24.2132 -0.75 0
      vertex 32.5394 -0.75 12.1043
    endloop
  endfacet
  facet normal 0 1 0
    outer loop
      vertex 32.04 -0.75 13.5
      vertex 24.2132 -0.75 0
      vertex 24.2132 -0.75 27
    endloop
  endfacet
  facet normal 0 1 0
    outer loop
      vertex 32.4108 -0.75 12.2777
      vertex 24.2132 -0.75 0
      vertex 32.2998 -0.75 12.4629
    endloop
  endfacet
  facet normal 0 1 0
    outer loop
      vertex 32.5394 -0.75 12.1043
      vertex 24.2132 -0.75 0
      vertex 32.4108 -0.75 12.2777
    endloop
  endfacet
  facet normal -0.998793 0.0491136 0
    outer loop
      vertex 24.1332 -2.37691 0
      vertex 24.2132 -0.75 27
      vertex 24.2132 -0.75 0
    endloop
  endfacet
  facet normal -0.998793 0.0491136 0
    outer loop
      vertex 24.2132 -0.75 27
      vertex 24.1332 -2.37691 0
      vertex 24.1332 -2.37691 27
    endloop
  endfacet
  facet normal -0.989176 0.146736 0
    outer loop
      vertex 23.784 -4.73093 0
      vertex 24.1332 -2.37691 27
      vertex 24.1332 -2.37691 0
    endloop
  endfacet
  facet normal -0.989176 0.146736 0
    outer loop
      vertex 24.1332 -2.37691 27
      vertex 23.784 -4.73093 0
      vertex 23.784 -4.73093 27
    endloop
  endfacet
  facet normal -0.970035 0.242964 0
    outer loop
      vertex 23.2058 -7.0394 0
      vertex 23.784 -4.73093 27
      vertex 23.784 -4.73093 0
    endloop
  endfacet
  facet normal -0.970035 0.242964 0
    outer loop
      vertex 23.784 -4.73093 27
      vertex 23.2058 -7.0394 0
      vertex 23.2058 -7.0394 27
    endloop
  endfacet
  facet normal -0.941547 0.336882 0
    outer loop
      vertex 22.4041 -9.28006 0
      vertex 23.2058 -7.0394 27
      vertex 23.2058 -7.0394 0
    endloop
  endfacet
  facet normal -0.941547 0.336882 0
    outer loop
      vertex 23.2058 -7.0394 27
      vertex 22.4041 -9.28006 0
      vertex 22.4041 -9.28006 27
    endloop
  endfacet
  facet normal -0.903991 0.427552 0
    outer loop
      vertex 21.3866 -11.4314 0
      vertex 22.4041 -9.28006 27
      vertex 22.4041 -9.28006 0
    endloop
  endfacet
  facet normal -0.903991 0.427552 0
    outer loop
      vertex 22.4041 -9.28006 27
      vertex 21.3866 -11.4314 0
      vertex 21.3866 -11.4314 27
    endloop
  endfacet
  facet normal -0.857719 0.514119 0
    outer loop
      vertex 20.1631 -13.4726 0
      vertex 21.3866 -11.4314 27
      vertex 21.3866 -11.4314 0
    endloop
  endfacet
  facet normal -0.857719 0.514119 0
    outer loop
      vertex 21.3866 -11.4314 27
      vertex 20.1631 -13.4726 0
      vertex 20.1631 -13.4726 27
    endloop
  endfacet
  facet normal -0.803206 0.595702 0
    outer loop
      vertex 18.7455 -15.384 0
      vertex 20.1631 -13.4726 27
      vertex 20.1631 -13.4726 0
    endloop
  endfacet
  facet normal -0.803206 0.595702 0
    outer loop
      vertex 20.1631 -13.4726 27
      vertex 18.7455 -15.384 0
      vertex 18.7455 -15.384 27
    endloop
  endfacet
  facet normal -0.740943 0.671568 0
    outer loop
      vertex 17.1473 -17.1473 0
      vertex 18.7455 -15.384 27
      vertex 18.7455 -15.384 0
    endloop
  endfacet
  facet normal -0.740943 0.671568 0
    outer loop
      vertex 18.7455 -15.384 27
      vertex 17.1473 -17.1473 0
      vertex 17.1473 -17.1473 27
    endloop
  endfacet
  facet normal -0.671568 0.740943 0
    outer loop
      vertex 17.1473 -17.1473 0
      vertex 15.384 -18.7455 27
      vertex 17.1473 -17.1473 27
    endloop
  endfacet
  facet normal -0.671568 0.740943 0
    outer loop
      vertex 15.384 -18.7455 27
      vertex 17.1473 -17.1473 0
      vertex 15.384 -18.7455 0
    endloop
  endfacet
  facet normal -0.595702 0.803206 0
    outer loop
      vertex 15.384 -18.7455 0
      vertex 13.4726 -20.1631 27
      vertex 15.384 -18.7455 27
    endloop
  endfacet
  facet normal -0.595702 0.803206 0
    outer loop
      vertex 13.4726 -20.1631 27
      vertex 15.384 -18.7455 0
      vertex 13.4726 -20.1631 0
    endloop
  endfacet
  facet normal -0.514119 0.857719 0
    outer loop
      vertex 13.4726 -20.1631 0
      vertex 11.4314 -21.3866 27
      vertex 13.4726 -20.1631 27
    endloop
  endfacet
  facet normal -0.514119 0.857719 0
    outer loop
      vertex 11.4314 -21.3866 27
      vertex 13.4726 -20.1631 0
      vertex 11.4314 -21.3866 0
    endloop
  endfacet
  facet normal -0.427552 0.903991 0
    outer loop
      vertex 11.4314 -21.3866 0
      vertex 9.28006 -22.4041 27
      vertex 11.4314 -21.3866 27
    endloop
  endfacet
  facet normal -0.427552 0.903991 0
    outer loop
      vertex 9.28006 -22.4041 27
      vertex 11.4314 -21.3866 0
      vertex 9.28006 -22.4041 0
    endloop
  endfacet
  facet normal -0.336882 0.941547 0
    outer loop
      vertex 9.28006 -22.4041 0
      vertex 7.0394 -23.2058 27
      vertex 9.28006 -22.4041 27
    endloop
  endfacet
  facet normal -0.336882 0.941547 0
    outer loop
      vertex 7.0394 -23.2058 27
      vertex 9.28006 -22.4041 0
      vertex 7.0394 -23.2058 0
    endloop
  endfacet
  facet normal -0.242964 0.970035 0
    outer loop
      vertex 7.0394 -23.2058 0
      vertex 4.73093 -23.784 27
      vertex 7.0394 -23.2058 27
    endloop
  endfacet
  facet normal -0.242964 0.970035 0
    outer loop
      vertex 4.73093 -23.784 27
      vertex 7.0394 -23.2058 0
      vertex 4.73093 -23.784 0
    endloop
  endfacet
  facet normal -0.146736 0.989176 0
    outer loop
      vertex 4.73093 -23.784 0
      vertex 2.37691 -24.1332 27
      vertex 4.73093 -23.784 27
    endloop
  endfacet
  facet normal -0.146736 0.989176 0
    outer loop
      vertex 2.37691 -24.1332 27
      vertex 4.73093 -23.784 0
      vertex 2.37691 -24.1332 0
    endloop
  endfacet
  facet normal -0.0490802 0.998795 0
    outer loop
      vertex 2.37691 -24.1332 0
      vertex 0 -24.25 27
      vertex 2.37691 -24.1332 27
    endloop
  endfacet
  facet normal -0.0490802 0.998795 0
    outer loop
      vertex 0 -24.25 27
      vertex 2.37691 -24.1332 0
      vertex 0 -24.25 0
    endloop
  endfacet
  facet normal 0.0490802 0.998795 -0
    outer loop
      vertex 0 -24.25 0
      vertex -2.37691 -24.1332 27
      vertex 0 -24.25 27
    endloop
  endfacet
  facet normal 0.0490802 0.998795 0
    outer loop
      vertex -2.37691 -24.1332 27
      vertex 0 -24.25 0
      vertex -2.37691 -24.1332 0
    endloop
  endfacet
  facet normal 0.146736 0.989176 -0
    outer loop
      vertex -2.37691 -24.1332 0
      vertex -4.73093 -23.784 27
      vertex -2.37691 -24.1332 27
    endloop
  endfacet
  facet normal 0.146736 0.989176 0
    outer loop
      vertex -4.73093 -23.784 27
      vertex -2.37691 -24.1332 0
      vertex -4.73093 -23.784 0
    endloop
  endfacet
  facet normal 0.242964 0.970035 -0
    outer loop
      vertex -4.73093 -23.784 0
      vertex -7.0394 -23.2058 27
      vertex -4.73093 -23.784 27
    endloop
  endfacet
  facet normal 0.242964 0.970035 0
    outer loop
      vertex -7.0394 -23.2058 27
      vertex -4.73093 -23.784 0
      vertex -7.0394 -23.2058 0
    endloop
  endfacet
  facet normal 0.336882 0.941547 -0
    outer loop
      vertex -7.0394 -23.2058 0
      vertex -9.28006 -22.4041 27
      vertex -7.0394 -23.2058 27
    endloop
  endfacet
  facet normal 0.336882 0.941547 0
    outer loop
      vertex -9.28006 -22.4041 27
      vertex -7.0394 -23.2058 0
      vertex -9.28006 -22.4041 0
    endloop
  endfacet
  facet normal 0.427552 0.903991 -0
    outer loop
      vertex -9.28006 -22.4041 0
      vertex -11.4314 -21.3866 27
      vertex -9.28006 -22.4041 27
    endloop
  endfacet
  facet normal 0.427552 0.903991 0
    outer loop
      vertex -11.4314 -21.3866 27
      vertex -9.28006 -22.4041 0
      vertex -11.4314 -21.3866 0
    endloop
  endfacet
  facet normal 0.514119 0.857719 -0
    outer loop
      vertex -11.4314 -21.3866 0
      vertex -13.4726 -20.1631 27
      vertex -11.4314 -21.3866 27
    endloop
  endfacet
  facet normal 0.514119 0.857719 0
    outer loop
      vertex -13.4726 -20.1631 27
      vertex -11.4314 -21.3866 0
      vertex -13.4726 -20.1631 0
    endloop
  endfacet
  facet normal 0.595702 0.803206 -0
    outer loop
      vertex -13.4726 -20.1631 0
      vertex -15.384 -18.7455 27
      vertex -13.4726 -20.1631 27
    endloop
  endfacet
  facet normal 0.595702 0.803206 0
    outer loop
      vertex -15.384 -18.7455 27
      vertex -13.4726 -20.1631 0
      vertex -15.384 -18.7455 0
    endloop
  endfacet
  facet normal 0.671568 0.740943 -0
    outer loop
      vertex -15.384 -18.7455 0
      vertex -17.1473 -17.1473 27
      vertex -15.384 -18.7455 27
    endloop
  endfacet
  facet normal 0.671568 0.740943 0
    outer loop
      vertex -17.1473 -17.1473 27
      vertex -15.384 -18.7455 0
      vertex -17.1473 -17.1473 0
    endloop
  endfacet
  facet normal 0.740943 0.671568 0
    outer loop
      vertex -17.1473 -17.1473 27
      vertex -18.7455 -15.384 0
      vertex -18.7455 -15.384 27
    endloop
  endfacet
  facet normal 0.740943 0.671568 0
    outer loop
      vertex -18.7455 -15.384 0
      vertex -17.1473 -17.1473 27
      vertex -17.1473 -17.1473 0
    endloop
  endfacet
  facet normal 0.803206 0.595702 0
    outer loop
      vertex -18.7455 -15.384 27
      vertex -20.1631 -13.4726 0
      vertex -20.1631 -13.4726 27
    endloop
  endfacet
  facet normal 0.803206 0.595702 0
    outer loop
      vertex -20.1631 -13.4726 0
      vertex -18.7455 -15.384 27
      vertex -18.7455 -15.384 0
    endloop
  endfacet
  facet normal 0.857719 0.514119 0
    outer loop
      vertex -20.1631 -13.4726 27
      vertex -21.3866 -11.4314 0
      vertex -21.3866 -11.4314 27
    endloop
  endfacet
  facet normal 0.857719 0.514119 0
    outer loop
      vertex -21.3866 -11.4314 0
      vertex -20.1631 -13.4726 27
      vertex -20.1631 -13.4726 0
    endloop
  endfacet
  facet normal 0.903991 0.427552 0
    outer loop
      vertex -21.3866 -11.4314 27
      vertex -22.4041 -9.28006 0
      vertex -22.4041 -9.28006 27
    endloop
  endfacet
  facet normal 0.903991 0.427552 0
    outer loop
      vertex -22.4041 -9.28006 0
      vertex -21.3866 -11.4314 27
      vertex -21.3866 -11.4314 0
    endloop
  endfacet
  facet normal 0.941547 0.336882 0
    outer loop
      vertex -22.4041 -9.28006 27
      vertex -23.2058 -7.0394 0
      vertex -23.2058 -7.0394 27
    endloop
  endfacet
  facet normal 0.941547 0.336882 0
    outer loop
      vertex -23.2058 -7.0394 0
      vertex -22.4041 -9.28006 27
      vertex -22.4041 -9.28006 0
    endloop
  endfacet
  facet normal 0.970035 0.242964 0
    outer loop
      vertex -23.2058 -7.0394 27
      vertex -23.784 -4.73093 0
      vertex -23.784 -4.73093 27
    endloop
  endfacet
  facet normal 0.970035 0.242964 0
    outer loop
      vertex -23.784 -4.73093 0
      vertex -23.2058 -7.0394 27
      vertex -23.2058 -7.0394 0
    endloop
  endfacet
  facet normal 0.989176 0.146736 0
    outer loop
      vertex -23.784 -4.73093 27
      vertex -24.1332 -2.37691 0
      vertex -24.1332 -2.37691 27
    endloop
  endfacet
  facet normal 0.989176 0.146736 0
    outer loop
      vertex -24.1332 -2.37691 0
      vertex -23.784 -4.73093 27
      vertex -23.784 -4.73093 0
    endloop
  endfacet
  facet normal 0.998793 0.0491136 0
    outer loop
      vertex -24.1332 -2.37691 27
      vertex -24.2132 -0.75 0
      vertex -24.2132 -0.75 27
    endloop
  endfacet
  facet normal 0.998793 0.0491136 0
    outer loop
      vertex -24.2132 -0.75 0
      vertex -24.1332 -2.37691 27
      vertex -24.1332 -2.37691 0
    endloop
  endfacet
  facet normal 0 1 -0
    outer loop
      vertex -33.8108 -0.75 15.6577
      vertex -40.24 -0.75 27
      vertex -24.2132 -0.75 27
    endloop
  endfacet
  facet normal 0 1 0
    outer loop
      vertex -40.24 -0.75 27
      vertex -34.0244 -0.75 15.6894
      vertex -34.24 -0.75 15.7
    endloop
  endfacet
  facet normal 0 1 0
    outer loop
      vertex -40.24 -0.75 27
      vertex -33.8108 -0.75 15.6577
      vertex -34.0244 -0.75 15.6894
    endloop
  endfacet
  facet normal 0 1 0
    outer loop
      vertex -24.2132 -0.75 27
      vertex -33.6014 -0.75 15.6053
      vertex -33.8108 -0.75 15.6577
    endloop
  endfacet
  facet normal 0 1 0
    outer loop
      vertex -24.2132 -0.75 27
      vertex -33.3981 -0.75 15.5325
      vertex -33.6014 -0.75 15.6053
    endloop
  endfacet
  facet normal 0 1 0
    outer loop
      vertex -24.2132 -0.75 27
      vertex -33.203 -0.75 15.4402
      vertex -33.3981 -0.75 15.5325
    endloop
  endfacet
  facet normal 0 1 0
    outer loop
      vertex -24.2132 -0.75 27
      vertex -33.0178 -0.75 15.3292
      vertex -33.203 -0.75 15.4402
    endloop
  endfacet
  facet normal 0 1 0
    outer loop
      vertex -24.2132 -0.75 27
      vertex -32.8444 -0.75 15.2006
      vertex -33.0178 -0.75 15.3292
    endloop
  endfacet
  facet normal 0 1 0
    outer loop
      vertex -24.2132 -0.75 27
      vertex -32.6844 -0.75 15.0556
      vertex -32.8444 -0.75 15.2006
    endloop
  endfacet
  facet normal 0 1 0
    outer loop
      vertex -24.2132 -0.75 27
      vertex -32.5394 -0.75 14.8957
      vertex -32.6844 -0.75 15.0556
    endloop
  endfacet
  facet normal 0 1 0
    outer loop
      vertex -24.2132 -0.75 27
      vertex -32.4108 -0.75 14.7223
      vertex -32.5394 -0.75 14.8957
    endloop
  endfacet
  facet normal 0 1 0
    outer loop
      vertex -24.2132 -0.75 27
      vertex -32.2998 -0.75 14.5371
      vertex -32.4108 -0.75 14.7223
    endloop
  endfacet
  facet normal 0 1 0
    outer loop
      vertex -24.2132 -0.75 27
      vertex -32.2075 -0.75 14.3419
      vertex -32.2998 -0.75 14.5371
    endloop
  endfacet
  facet normal 0 1 0
    outer loop
      vertex -24.2132 -0.75 27
      vertex -32.1348 -0.75 14.1386
      vertex -32.2075 -0.75 14.3419
    endloop
  endfacet
  facet normal 0 1 0
    outer loop
      vertex -24.2132 -0.75 27
      vertex -32.0823 -0.75 13.9292
      vertex -32.1348 -0.75 14.1386
    endloop
  endfacet
  facet normal 0 1 0
    outer loop
      vertex -24.2132 -0.75 27
      vertex -32.0506 -0.75 13.7156
      vertex -32.0823 -0.75 13.9292
    endloop
  endfacet
  facet normal 0 1 0
    outer loop
      vertex -24.2132 -0.75 27
      vertex -32.04 -0.75 13.5
      vertex -32.0506 -0.75 13.7156
    endloop
  endfacet
  facet normal 0 1 -0
    outer loop
      vertex -24.2132 -0.75 0
      vertex -32.04 -0.75 13.5
      vertex -24.2132 -0.75 27
    endloop
  endfacet
  facet normal 0 1 0
    outer loop
      vertex -32.04 -0.75 13.5
      vertex -24.2132 -0.75 0
      vertex -32.0506 -0.75 13.2844
    endloop
  endfacet
  facet normal 0 1 0
    outer loop
      vertex -32.0506 -0.75 13.2844
      vertex -24.2132 -0.75 0
      vertex -32.0823 -0.75 13.0708
    endloop
  endfacet
  facet normal 0 1 0
    outer loop
      vertex -32.0823 -0.75 13.0708
      vertex -24.2132 -0.75 0
      vertex -32.1348 -0.75 12.8614
    endloop
  endfacet
  facet normal 0 1 0
    outer loop
      vertex -32.1348 -0.75 12.8614
      vertex -24.2132 -0.75 0
      vertex -32.2075 -0.75 12.6581
    endloop
  endfacet
  facet normal 0 1 0
    outer loop
      vertex -33.8108 -0.75 11.3423
      vertex -40.24 -0.75 0
      vertex -34.0244 -0.75 11.3106
    endloop
  endfacet
  facet normal 0 1 0
    outer loop
      vertex -40.24 -0.75 0
      vertex -33.8108 -0.75 11.3423
      vertex -24.2132 -0.75 0
    endloop
  endfacet
  facet normal 0 1 0
    outer loop
      vertex -33.6014 -0.75 11.3947
      vertex -24.2132 -0.75 0
      vertex -33.8108 -0.75 11.3423
    endloop
  endfacet
  facet normal 0 1 0
    outer loop
      vertex -33.3981 -0.75 11.4675
      vertex -24.2132 -0.75 0
      vertex -33.6014 -0.75 11.3947
    endloop
  endfacet
  facet normal 0 1 0
    outer loop
      vertex -33.203 -0.75 11.5598
      vertex -24.2132 -0.75 0
      vertex -33.3981 -0.75 11.4675
    endloop
  endfacet
  facet normal 0 1 0
    outer loop
      vertex -33.0178 -0.75 11.6708
      vertex -24.2132 -0.75 0
      vertex -33.203 -0.75 11.5598
    endloop
  endfacet
  facet normal 0 1 0
    outer loop
      vertex -32.8444 -0.75 11.7994
      vertex -24.2132 -0.75 0
      vertex -33.0178 -0.75 11.6708
    endloop
  endfacet
  facet normal 0 1 0
    outer loop
      vertex -32.6844 -0.75 11.9444
      vertex -24.2132 -0.75 0
      vertex -32.8444 -0.75 11.7994
    endloop
  endfacet
  facet normal 0 1 0
    outer loop
      vertex -32.5394 -0.75 12.1043
      vertex -24.2132 -0.75 0
      vertex -32.6844 -0.75 11.9444
    endloop
  endfacet
  facet normal 0 1 0
    outer loop
      vertex -32.4108 -0.75 12.2777
      vertex -24.2132 -0.75 0
      vertex -32.5394 -0.75 12.1043
    endloop
  endfacet
  facet normal 0 1 0
    outer loop
      vertex -32.2998 -0.75 12.4629
      vertex -24.2132 -0.75 0
      vertex -32.4108 -0.75 12.2777
    endloop
  endfacet
  facet normal 0 1 0
    outer loop
      vertex -32.2075 -0.75 12.6581
      vertex -24.2132 -0.75 0
      vertex -32.2998 -0.75 12.4629
    endloop
  endfacet
  facet normal 0 1 -0
    outer loop
      vertex -34.4557 -0.75 15.6894
      vertex -40.24 -0.75 27
      vertex -34.24 -0.75 15.7
    endloop
  endfacet
  facet normal 0 1 -0
    outer loop
      vertex -34.6692 -0.75 15.6577
      vertex -40.24 -0.75 27
      vertex -34.4557 -0.75 15.6894
    endloop
  endfacet
  facet normal 0 1 -0
    outer loop
      vertex -34.8787 -0.75 15.6053
      vertex -40.24 -0.75 27
      vertex -34.6692 -0.75 15.6577
    endloop
  endfacet
  facet normal 0 1 -0
    outer loop
      vertex -35.0819 -0.75 15.5325
      vertex -40.24 -0.75 27
      vertex -34.8787 -0.75 15.6053
    endloop
  endfacet
  facet normal 0 1 -0
    outer loop
      vertex -35.2771 -0.75 15.4402
      vertex -40.24 -0.75 27
      vertex -35.0819 -0.75 15.5325
    endloop
  endfacet
  facet normal 0 1 -0
    outer loop
      vertex -35.4623 -0.75 15.3292
      vertex -40.24 -0.75 27
      vertex -35.2771 -0.75 15.4402
    endloop
  endfacet
  facet normal 0 1 -0
    outer loop
      vertex -35.6357 -0.75 15.2006
      vertex -40.24 -0.75 27
      vertex -35.4623 -0.75 15.3292
    endloop
  endfacet
  facet normal 0 1 -0
    outer loop
      vertex -35.7957 -0.75 15.0556
      vertex -40.24 -0.75 27
      vertex -35.6357 -0.75 15.2006
    endloop
  endfacet
  facet normal 0 1 -0
    outer loop
      vertex -35.9407 -0.75 14.8957
      vertex -40.24 -0.75 27
      vertex -35.7957 -0.75 15.0556
    endloop
  endfacet
  facet normal 0 1 -0
    outer loop
      vertex -36.0693 -0.75 14.7223
      vertex -40.24 -0.75 27
      vertex -35.9407 -0.75 14.8957
    endloop
  endfacet
  facet normal 0 1 -0
    outer loop
      vertex -36.1803 -0.75 14.5371
      vertex -40.24 -0.75 27
      vertex -36.0693 -0.75 14.7223
    endloop
  endfacet
  facet normal 0 1 -0
    outer loop
      vertex -36.2726 -0.75 14.3419
      vertex -40.24 -0.75 27
      vertex -36.1803 -0.75 14.5371
    endloop
  endfacet
  facet normal 0 1 -0
    outer loop
      vertex -36.3453 -0.75 14.1386
      vertex -40.24 -0.75 27
      vertex -36.2726 -0.75 14.3419
    endloop
  endfacet
  facet normal 0 1 -0
    outer loop
      vertex -36.3978 -0.75 13.9292
      vertex -40.24 -0.75 27
      vertex -36.3453 -0.75 14.1386
    endloop
  endfacet
  facet normal 0 1 -0
    outer loop
      vertex -36.4294 -0.75 13.7156
      vertex -40.24 -0.75 27
      vertex -36.3978 -0.75 13.9292
    endloop
  endfacet
  facet normal 0 1 -0
    outer loop
      vertex -36.44 -0.75 13.5
      vertex -40.24 -0.75 27
      vertex -36.4294 -0.75 13.7156
    endloop
  endfacet
  facet normal 0 1 0
    outer loop
      vertex -40.24 -0.75 0
      vertex -36.44 -0.75 13.5
      vertex -36.4294 -0.75 13.2844
    endloop
  endfacet
  facet normal 0 1 0
    outer loop
      vertex -40.24 -0.75 0
      vertex -36.4294 -0.75 13.2844
      vertex -36.3978 -0.75 13.0708
    endloop
  endfacet
  facet normal 0 1 0
    outer loop
      vertex -40.24 -0.75 0
      vertex -36.3978 -0.75 13.0708
      vertex -36.3453 -0.75 12.8614
    endloop
  endfacet
  facet normal 0 1 0
    outer loop
      vertex -34.0244 -0.75 11.3106
      vertex -40.24 -0.75 0
      vertex -34.24 -0.75 11.3
    endloop
  endfacet
  facet normal 0 1 0
    outer loop
      vertex -34.24 -0.75 11.3
      vertex -40.24 -0.75 0
      vertex -34.4557 -0.75 11.3106
    endloop
  endfacet
  facet normal 0 1 0
    outer loop
      vertex -34.4557 -0.75 11.3106
      vertex -40.24 -0.75 0
      vertex -34.6692 -0.75 11.3423
    endloop
  endfacet
  facet normal 0 1 0
    outer loop
      vertex -34.6692 -0.75 11.3423
      vertex -40.24 -0.75 0
      vertex -34.8787 -0.75 11.3947
    endloop
  endfacet
  facet normal 0 1 0
    outer loop
      vertex -34.8787 -0.75 11.3947
      vertex -40.24 -0.75 0
      vertex -35.0819 -0.75 11.4675
    endloop
  endfacet
  facet normal 0 1 0
    outer loop
      vertex -35.0819 -0.75 11.4675
      vertex -40.24 -0.75 0
      vertex -35.2771 -0.75 11.5598
    endloop
  endfacet
  facet normal 0 1 0
    outer loop
      vertex -35.2771 -0.75 11.5598
      vertex -40.24 -0.75 0
      vertex -35.4623 -0.75 11.6708
    endloop
  endfacet
  facet normal 0 1 0
    outer loop
      vertex -35.4623 -0.75 11.6708
      vertex -40.24 -0.75 0
      vertex -35.6357 -0.75 11.7994
    endloop
  endfacet
  facet normal 0 1 0
    outer loop
      vertex -36.44 -0.75 13.5
      vertex -40.24 -0.75 0
      vertex -40.24 -0.75 27
    endloop
  endfacet
  facet normal 0 1 0
    outer loop
      vertex -36.2726 -0.75 12.6581
      vertex -40.24 -0.75 0
      vertex -36.3453 -0.75 12.8614
    endloop
  endfacet
  facet normal 0 1 0
    outer loop
      vertex -36.1803 -0.75 12.4629
      vertex -40.24 -0.75 0
      vertex -36.2726 -0.75 12.6581
    endloop
  endfacet
  facet normal 0 1 0
    outer loop
      vertex -36.0693 -0.75 12.2777
      vertex -40.24 -0.75 0
      vertex -36.1803 -0.75 12.4629
    endloop
  endfacet
  facet normal 0 1 0
    outer loop
      vertex -35.9407 -0.75 12.1043
      vertex -40.24 -0.75 0
      vertex -36.0693 -0.75 12.2777
    endloop
  endfacet
  facet normal 0 1 0
    outer loop
      vertex -35.7957 -0.75 11.9444
      vertex -40.24 -0.75 0
      vertex -35.9407 -0.75 12.1043
    endloop
  endfacet
  facet normal 0 1 0
    outer loop
      vertex -35.6357 -0.75 11.7994
      vertex -40.24 -0.75 0
      vertex -35.7957 -0.75 11.9444
    endloop
  endfacet
  facet normal -1 0 0
    outer loop
      vertex -40.24 -6.75 0
      vertex -40.24 -0.75 27
      vertex -40.24 -0.75 0
    endloop
  endfacet
  facet normal -1 -0 0
    outer loop
      vertex -40.24 -0.75 27
      vertex -40.24 -6.75 0
      vertex -40.24 -6.75 27
    endloop
  endfacet
  facet normal 0 -1 0
    outer loop
      vertex -40.24 -6.75 27
      vertex -34.24 -6.75 17.25
      vertex -27.3969 -6.75 27
    endloop
  endfacet
  facet normal 0 -1 0
    outer loop
      vertex -40.24 -6.75 27
      vertex -34.6076 -6.75 17.2319
      vertex -34.24 -6.75 17.25
    endloop
  endfacet
  facet normal 0 -1 0
    outer loop
      vertex -40.24 -6.75 27
      vertex -34.9716 -6.75 17.1779
      vertex -34.6076 -6.75 17.2319
    endloop
  endfacet
  facet normal 0 -1 0
    outer loop
      vertex -40.24 -6.75 27
      vertex -35.3286 -6.75 17.0885
      vertex -34.9716 -6.75 17.1779
    endloop
  endfacet
  facet normal 0 -1 0
    outer loop
      vertex -40.24 -6.75 27
      vertex -35.6751 -6.75 16.9646
      vertex -35.3286 -6.75 17.0885
    endloop
  endfacet
  facet normal 0 -1 0
    outer loop
      vertex -40.24 -6.75 27
      vertex -36.0078 -6.75 16.8072
      vertex -35.6751 -6.75 16.9646
    endloop
  endfacet
  facet normal 0 -1 0
    outer loop
      vertex -40.24 -6.75 27
      vertex -36.3234 -6.75 16.618
      vertex -36.0078 -6.75 16.8072
    endloop
  endfacet
  facet normal 0 -1 0
    outer loop
      vertex -40.24 -6.75 27
      vertex -36.619 -6.75 16.3988
      vertex -36.3234 -6.75 16.618
    endloop
  endfacet
  facet normal 0 -1 0
    outer loop
      vertex -40.24 -6.75 27
      vertex -36.8917 -6.75 16.1517
      vertex -36.619 -6.75 16.3988
    endloop
  endfacet
  facet normal 0 -1 0
    outer loop
      vertex -40.24 -6.75 27
      vertex -37.1388 -6.75 15.879
      vertex -36.8917 -6.75 16.1517
    endloop
  endfacet
  facet normal 0 -1 0
    outer loop
      vertex -40.24 -6.75 27
      vertex -37.3581 -6.75 15.5834
      vertex -37.1388 -6.75 15.879
    endloop
  endfacet
  facet normal 0 -1 0
    outer loop
      vertex -40.24 -6.75 27
      vertex -37.5472 -6.75 15.2677
      vertex -37.3581 -6.75 15.5834
    endloop
  endfacet
  facet normal 0 -1 0
    outer loop
      vertex -40.24 -6.75 27
      vertex -37.7046 -6.75 14.9351
      vertex -37.5472 -6.75 15.2677
    endloop
  endfacet
  facet normal 0 -1 0
    outer loop
      vertex -40.24 -6.75 27
      vertex -37.8286 -6.75 14.5886
      vertex -37.7046 -6.75 14.9351
    endloop
  endfacet
  facet normal 0 -1 0
    outer loop
      vertex -40.24 -6.75 27
      vertex -37.918 -6.75 14.2316
      vertex -37.8286 -6.75 14.5886
    endloop
  endfacet
  facet normal 0 -1 0
    outer loop
      vertex -40.24 -6.75 27
      vertex -37.972 -6.75 13.8676
      vertex -37.918 -6.75 14.2316
    endloop
  endfacet
  facet normal 0 -1 0
    outer loop
      vertex -40.24 -6.75 27
      vertex -37.99 -6.75 13.5
      vertex -37.972 -6.75 13.8676
    endloop
  endfacet
  facet normal 0 -1 0
    outer loop
      vertex -40.24 -6.75 0
      vertex -37.99 -6.75 13.5
      vertex -40.24 -6.75 27
    endloop
  endfacet
  facet normal 0 -1 -0
    outer loop
      vertex -37.99 -6.75 13.5
      vertex -40.24 -6.75 0
      vertex -37.972 -6.75 13.1324
    endloop
  endfacet
  facet normal 0 -1 -0
    outer loop
      vertex -34.6076 -6.75 9.76806
      vertex -40.24 -6.75 0
      vertex -34.24 -6.75 9.75
    endloop
  endfacet
  facet normal 0 -1 -0
    outer loop
      vertex -34.9716 -6.75 9.82206
      vertex -40.24 -6.75 0
      vertex -34.6076 -6.75 9.76806
    endloop
  endfacet
  facet normal 0 -1 -0
    outer loop
      vertex -35.3286 -6.75 9.91147
      vertex -40.24 -6.75 0
      vertex -34.9716 -6.75 9.82206
    endloop
  endfacet
  facet normal 0 -1 -0
    outer loop
      vertex -35.6751 -6.75 10.0355
      vertex -40.24 -6.75 0
      vertex -35.3286 -6.75 9.91147
    endloop
  endfacet
  facet normal 0 -1 -0
    outer loop
      vertex -36.0078 -6.75 10.1928
      vertex -40.24 -6.75 0
      vertex -35.6751 -6.75 10.0355
    endloop
  endfacet
  facet normal 0 -1 -0
    outer loop
      vertex -36.3234 -6.75 10.382
      vertex -40.24 -6.75 0
      vertex -36.0078 -6.75 10.1928
    endloop
  endfacet
  facet normal 0 -1 -0
    outer loop
      vertex -36.619 -6.75 10.6012
      vertex -40.24 -6.75 0
      vertex -36.3234 -6.75 10.382
    endloop
  endfacet
  facet normal 0 -1 -0
    outer loop
      vertex -36.8917 -6.75 10.8483
      vertex -40.24 -6.75 0
      vertex -36.619 -6.75 10.6012
    endloop
  endfacet
  facet normal 0 -1 -0
    outer loop
      vertex -37.1388 -6.75 11.121
      vertex -40.24 -6.75 0
      vertex -36.8917 -6.75 10.8483
    endloop
  endfacet
  facet normal 0 -1 -0
    outer loop
      vertex -37.3581 -6.75 11.4166
      vertex -40.24 -6.75 0
      vertex -37.1388 -6.75 11.121
    endloop
  endfacet
  facet normal 0 -1 -0
    outer loop
      vertex -37.5472 -6.75 11.7323
      vertex -40.24 -6.75 0
      vertex -37.3581 -6.75 11.4166
    endloop
  endfacet
  facet normal 0 -1 -0
    outer loop
      vertex -37.7046 -6.75 12.0649
      vertex -40.24 -6.75 0
      vertex -37.5472 -6.75 11.7323
    endloop
  endfacet
  facet normal 0 -1 -0
    outer loop
      vertex -37.8286 -6.75 12.4114
      vertex -40.24 -6.75 0
      vertex -37.7046 -6.75 12.0649
    endloop
  endfacet
  facet normal 0 -1 -0
    outer loop
      vertex -37.918 -6.75 12.7684
      vertex -40.24 -6.75 0
      vertex -37.8286 -6.75 12.4114
    endloop
  endfacet
  facet normal 0 -1 -0
    outer loop
      vertex -37.972 -6.75 13.1324
      vertex -40.24 -6.75 0
      vertex -37.918 -6.75 12.7684
    endloop
  endfacet
  facet normal 0 -1 0
    outer loop
      vertex -33.8725 -6.75 17.2319
      vertex -27.3969 -6.75 27
      vertex -34.24 -6.75 17.25
    endloop
  endfacet
  facet normal 0 -1 0
    outer loop
      vertex -33.5085 -6.75 17.1779
      vertex -27.3969 -6.75 27
      vertex -33.8725 -6.75 17.2319
    endloop
  endfacet
  facet normal 0 -1 0
    outer loop
      vertex -33.1515 -6.75 17.0885
      vertex -27.3969 -6.75 27
      vertex -33.5085 -6.75 17.1779
    endloop
  endfacet
  facet normal 0 -1 0
    outer loop
      vertex -32.805 -6.75 16.9646
      vertex -27.3969 -6.75 27
      vertex -33.1515 -6.75 17.0885
    endloop
  endfacet
  facet normal 0 -1 0
    outer loop
      vertex -32.4723 -6.75 16.8072
      vertex -27.3969 -6.75 27
      vertex -32.805 -6.75 16.9646
    endloop
  endfacet
  facet normal 0 -1 0
    outer loop
      vertex -32.1567 -6.75 16.618
      vertex -27.3969 -6.75 27
      vertex -32.4723 -6.75 16.8072
    endloop
  endfacet
  facet normal 0 -1 0
    outer loop
      vertex -31.8611 -6.75 16.3988
      vertex -27.3969 -6.75 27
      vertex -32.1567 -6.75 16.618
    endloop
  endfacet
  facet normal 0 -1 0
    outer loop
      vertex -31.5884 -6.75 16.1517
      vertex -27.3969 -6.75 27
      vertex -31.8611 -6.75 16.3988
    endloop
  endfacet
  facet normal 0 -1 0
    outer loop
      vertex -31.3413 -6.75 15.879
      vertex -27.3969 -6.75 27
      vertex -31.5884 -6.75 16.1517
    endloop
  endfacet
  facet normal 0 -1 0
    outer loop
      vertex -31.122 -6.75 15.5834
      vertex -27.3969 -6.75 27
      vertex -31.3413 -6.75 15.879
    endloop
  endfacet
  facet normal 0 -1 0
    outer loop
      vertex -30.9328 -6.75 15.2677
      vertex -27.3969 -6.75 27
      vertex -31.122 -6.75 15.5834
    endloop
  endfacet
  facet normal 0 -1 0
    outer loop
      vertex -30.7755 -6.75 14.9351
      vertex -27.3969 -6.75 27
      vertex -30.9328 -6.75 15.2677
    endloop
  endfacet
  facet normal 0 -1 0
    outer loop
      vertex -30.6515 -6.75 14.5886
      vertex -27.3969 -6.75 27
      vertex -30.7755 -6.75 14.9351
    endloop
  endfacet
  facet normal 0 -1 0
    outer loop
      vertex -30.5621 -6.75 14.2316
      vertex -27.3969 -6.75 27
      vertex -30.6515 -6.75 14.5886
    endloop
  endfacet
  facet normal 0 -1 0
    outer loop
      vertex -30.5081 -6.75 13.8676
      vertex -27.3969 -6.75 27
      vertex -30.5621 -6.75 14.2316
    endloop
  endfacet
  facet normal 0 -1 0
    outer loop
      vertex -30.49 -6.75 13.5
      vertex -27.3969 -6.75 27
      vertex -30.5081 -6.75 13.8676
    endloop
  endfacet
  facet normal 0 -1 0
    outer loop
      vertex -27.3969 -6.75 0
      vertex -30.49 -6.75 13.5
      vertex -30.5081 -6.75 13.1324
    endloop
  endfacet
  facet normal 0 -1 0
    outer loop
      vertex -27.3969 -6.75 0
      vertex -30.5081 -6.75 13.1324
      vertex -30.5621 -6.75 12.7684
    endloop
  endfacet
  facet normal 0 -1 0
    outer loop
      vertex -27.3969 -6.75 0
      vertex -34.24 -6.75 9.75
      vertex -40.24 -6.75 0
    endloop
  endfacet
  facet normal 0 -1 0
    outer loop
      vertex -34.24 -6.75 9.75
      vertex -27.3969 -6.75 0
      vertex -33.8725 -6.75 9.76806
    endloop
  endfacet
  facet normal 0 -1 0
    outer loop
      vertex -33.8725 -6.75 9.76806
      vertex -27.3969 -6.75 0
      vertex -33.5085 -6.75 9.82206
    endloop
  endfacet
  facet normal 0 -1 0
    outer loop
      vertex -33.5085 -6.75 9.82206
      vertex -27.3969 -6.75 0
      vertex -33.1515 -6.75 9.91147
    endloop
  endfacet
  facet normal 0 -1 0
    outer loop
      vertex -33.1515 -6.75 9.91147
      vertex -27.3969 -6.75 0
      vertex -32.805 -6.75 10.0355
    endloop
  endfacet
  facet normal 0 -1 0
    outer loop
      vertex -32.805 -6.75 10.0355
      vertex -27.3969 -6.75 0
      vertex -32.4723 -6.75 10.1928
    endloop
  endfacet
  facet normal 0 -1 0
    outer loop
      vertex -32.4723 -6.75 10.1928
      vertex -27.3969 -6.75 0
      vertex -32.1567 -6.75 10.382
    endloop
  endfacet
  facet normal 0 -1 0
    outer loop
      vertex -32.1567 -6.75 10.382
      vertex -27.3969 -6.75 0
      vertex -31.8611 -6.75 10.6012
    endloop
  endfacet
  facet normal 0 -1 0
    outer loop
      vertex -31.8611 -6.75 10.6012
      vertex -27.3969 -6.75 0
      vertex -31.5884 -6.75 10.8483
    endloop
  endfacet
  facet normal 0 -1 0
    outer loop
      vertex -30.49 -6.75 13.5
      vertex -27.3969 -6.75 0
      vertex -27.3969 -6.75 27
    endloop
  endfacet
  facet normal 0 -1 0
    outer loop
      vertex -30.6515 -6.75 12.4114
      vertex -27.3969 -6.75 0
      vertex -30.5621 -6.75 12.7684
    endloop
  endfacet
  facet normal 0 -1 0
    outer loop
      vertex -30.7755 -6.75 12.0649
      vertex -27.3969 -6.75 0
      vertex -30.6515 -6.75 12.4114
    endloop
  endfacet
  facet normal 0 -1 0
    outer loop
      vertex -30.9328 -6.75 11.7323
      vertex -27.3969 -6.75 0
      vertex -30.7755 -6.75 12.0649
    endloop
  endfacet
  facet normal 0 -1 0
    outer loop
      vertex -31.122 -6.75 11.4166
      vertex -27.3969 -6.75 0
      vertex -30.9328 -6.75 11.7323
    endloop
  endfacet
  facet normal 0 -1 0
    outer loop
      vertex -31.3413 -6.75 11.121
      vertex -27.3969 -6.75 0
      vertex -31.122 -6.75 11.4166
    endloop
  endfacet
  facet normal 0 -1 0
    outer loop
      vertex -31.5884 -6.75 10.8483
      vertex -27.3969 -6.75 0
      vertex -31.3413 -6.75 11.121
    endloop
  endfacet
  facet normal -0.970037 -0.242956 0
    outer loop
      vertex -27.0336 -8.20053 0
      vertex -27.3969 -6.75 27
      vertex -27.3969 -6.75 0
    endloop
  endfacet
  facet normal -0.970037 -0.242956 0
    outer loop
      vertex -27.3969 -6.75 27
      vertex -27.0336 -8.20053 0
      vertex -27.0336 -8.20053 27
    endloop
  endfacet
  facet normal -0.941541 -0.3369 0
    outer loop
      vertex -26.0996 -10.8108 0
      vertex -27.0336 -8.20053 27
      vertex -27.0336 -8.20053 0
    endloop
  endfacet
  facet normal -0.941541 -0.3369 0
    outer loop
      vertex -27.0336 -8.20053 27
      vertex -26.0996 -10.8108 0
      vertex -26.0996 -10.8108 27
    endloop
  endfacet
  facet normal -0.903995 -0.427542 0
    outer loop
      vertex -24.9143 -13.317 0
      vertex -26.0996 -10.8108 27
      vertex -26.0996 -10.8108 0
    endloop
  endfacet
  facet normal -0.903995 -0.427542 0
    outer loop
      vertex -26.0996 -10.8108 27
      vertex -24.9143 -13.317 0
      vertex -24.9143 -13.317 27
    endloop
  endfacet
  facet normal -0.857722 -0.514114 0
    outer loop
      vertex -23.489 -15.6949 0
      vertex -24.9143 -13.317 27
      vertex -24.9143 -13.317 0
    endloop
  endfacet
  facet normal -0.857722 -0.514114 0
    outer loop
      vertex -24.9143 -13.317 27
      vertex -23.489 -15.6949 0
      vertex -23.489 -15.6949 27
    endloop
  endfacet
  facet normal -0.803196 -0.595715 0
    outer loop
      vertex -21.8375 -17.9216 0
      vertex -23.489 -15.6949 27
      vertex -23.489 -15.6949 0
    endloop
  endfacet
  facet normal -0.803196 -0.595715 0
    outer loop
      vertex -23.489 -15.6949 27
      vertex -21.8375 -17.9216 0
      vertex -21.8375 -17.9216 27
    endloop
  endfacet
  facet normal -0.740972 -0.671536 0
    outer loop
      vertex -19.9758 -19.9758 0
      vertex -21.8375 -17.9216 27
      vertex -21.8375 -17.9216 0
    endloop
  endfacet
  facet normal -0.740972 -0.671536 0
    outer loop
      vertex -21.8375 -17.9216 27
      vertex -19.9758 -19.9758 0
      vertex -19.9758 -19.9758 27
    endloop
  endfacet
  facet normal -0.671536 -0.740972 0
    outer loop
      vertex -19.9758 -19.9758 0
      vertex -17.9216 -21.8375 27
      vertex -19.9758 -19.9758 27
    endloop
  endfacet
  facet normal -0.671536 -0.740972 -0
    outer loop
      vertex -17.9216 -21.8375 27
      vertex -19.9758 -19.9758 0
      vertex -17.9216 -21.8375 0
    endloop
  endfacet
  facet normal -0.595715 -0.803196 0
    outer loop
      vertex -17.9216 -21.8375 0
      vertex -15.6949 -23.489 27
      vertex -17.9216 -21.8375 27
    endloop
  endfacet
  facet normal -0.595715 -0.803196 -0
    outer loop
      vertex -15.6949 -23.489 27
      vertex -17.9216 -21.8375 0
      vertex -15.6949 -23.489 0
    endloop
  endfacet
  facet normal -0.514114 -0.857722 0
    outer loop
      vertex -15.6949 -23.489 0
      vertex -13.317 -24.9143 27
      vertex -15.6949 -23.489 27
    endloop
  endfacet
  facet normal -0.514114 -0.857722 -0
    outer loop
      vertex -13.317 -24.9143 27
      vertex -15.6949 -23.489 0
      vertex -13.317 -24.9143 0
    endloop
  endfacet
  facet normal -0.427542 -0.903995 0
    outer loop
      vertex -13.317 -24.9143 0
      vertex -10.8108 -26.0996 27
      vertex -13.317 -24.9143 27
    endloop
  endfacet
  facet normal -0.427542 -0.903995 -0
    outer loop
      vertex -10.8108 -26.0996 27
      vertex -13.317 -24.9143 0
      vertex -10.8108 -26.0996 0
    endloop
  endfacet
  facet normal -0.3369 -0.941541 0
    outer loop
      vertex -10.8108 -26.0996 0
      vertex -8.20053 -27.0336 27
      vertex -10.8108 -26.0996 27
    endloop
  endfacet
  facet normal -0.3369 -0.941541 -0
    outer loop
      vertex -8.20053 -27.0336 27
      vertex -10.8108 -26.0996 0
      vertex -8.20053 -27.0336 0
    endloop
  endfacet
  facet normal -0.242974 -0.970033 0
    outer loop
      vertex -8.20053 -27.0336 0
      vertex -5.51129 -27.7072 27
      vertex -8.20053 -27.0336 27
    endloop
  endfacet
  facet normal -0.242974 -0.970033 -0
    outer loop
      vertex -5.51129 -27.7072 27
      vertex -8.20053 -27.0336 0
      vertex -5.51129 -27.7072 0
    endloop
  endfacet
  facet normal -0.146736 -0.989176 0
    outer loop
      vertex -5.51129 -27.7072 0
      vertex -2.76898 -28.114 27
      vertex -5.51129 -27.7072 27
    endloop
  endfacet
  facet normal -0.146736 -0.989176 -0
    outer loop
      vertex -2.76898 -28.114 27
      vertex -5.51129 -27.7072 0
      vertex -2.76898 -28.114 0
    endloop
  endfacet
  facet normal -0.0490564 -0.998796 0
    outer loop
      vertex -2.76898 -28.114 0
      vertex 0 -28.25 27
      vertex -2.76898 -28.114 27
    endloop
  endfacet
  facet normal -0.0490564 -0.998796 -0
    outer loop
      vertex 0 -28.25 27
      vertex -2.76898 -28.114 0
      vertex 0 -28.25 0
    endloop
  endfacet
  facet normal 0.0490564 -0.998796 0
    outer loop
      vertex 0 -28.25 0
      vertex 2.76898 -28.114 27
      vertex 0 -28.25 27
    endloop
  endfacet
  facet normal 0.0490564 -0.998796 0
    outer loop
      vertex 2.76898 -28.114 27
      vertex 0 -28.25 0
      vertex 2.76898 -28.114 0
    endloop
  endfacet
endsolid OpenSCAD_Model
